,date,lit,open,high,low,volume,lit_cr
0,2021-12-27,80.50528717041016,80.48601880879468,80.78461962402032,79.85030250129277,925700,nan%
1,2021-12-28,81.31437683105469,81.38180139497857,81.86340752264232,80.91946362770808,577300,1.01%
2,2021-12-29,81.35291290283203,81.39144227806533,81.5840818055049,80.34154436068394,872000,0.05%
3,2021-12-30,81.9395751953125,81.61151165203151,82.34483275876323,81.29309184005152,611300,0.72%
4,2021-12-31,81.4764175415039,82.01676090468497,82.28693258627551,81.4571153576039,420800,-0.57%
5,2022-01-03,82.91413116455078,82.45097439561243,83.03956592869193,82.06501901006209,907100,1.76%
6,2022-01-04,82.48956298828125,82.56675700216437,82.6632458387051,81.36062814133948,1311600,-0.51%
7,2022-01-05,78.60099792480469,80.95536361335093,81.1869382733573,78.51416018791194,1206100,-4.71%
8,2022-01-06,78.2343521118164,78.55277193008519,78.92908358381116,77.09576605751991,985200,-0.47%
9,2022-01-07,78.17644500732422,78.3115382124384,78.93871933079205,77.28873593251093,810900,-0.07%
10,2022-01-10,76.94136047363281,77.04750038885878,77.15364030408475,75.60014593936879,1354900,-1.58%
11,2022-01-11,78.90977478027344,77.39487719928889,79.26679157945028,77.21154325354584,894400,2.56%
12,2022-01-12,82.08431243896484,81.63080677086458,82.22904938689874,81.2158981129885,1080900,4.02%
13,2022-01-13,79.98081970214844,81.8816800424339,81.96851779038522,79.81678793715595,1109500,-2.56%
14,2022-01-14,80.33783721923828,79.89398265977171,80.72379994622605,79.45977183130046,910000,0.45%
15,2022-01-18,79.68170166015625,80.06766438166233,80.87817947136112,79.59485655104474,829000,-0.82%
16,2022-01-19,77.58786010742188,79.27644049548583,79.42117006801885,77.47206908776917,964100,-2.63%
17,2022-01-20,77.34661865234375,78.46590216883187,79.73957368021479,77.23082765617266,980000,-0.31%
18,2022-01-21,76.05366516113281,77.19225116021099,77.72295083158814,75.9282304031831,1361000,-1.67%
19,2022-01-24,76.04401397705078,74.72210138896268,76.04401397705078,72.82124102856771,2277000,-0.01%
20,2022-01-25,74.91507720947266,74.56771149937529,75.79314257711505,74.13350804256685,808100,-1.48%
21,2022-01-26,75.00192260742188,76.73874380298872,77.26944346258298,74.53876587162812,878400,0.12%
22,2022-01-27,72.19405364990234,74.97297208177734,75.10805793433624,71.84668792571462,1133200,-3.74%
23,2022-01-28,72.17475128173828,71.50896581969988,72.1940461036755,70.47651984784562,1057900,-0.03%
24,2022-01-31,75.52295684814453,72.68614694851105,75.59049976571615,72.67649585696486,825100,4.64%
25,2022-02-01,76.70014190673828,76.76768482623423,76.82558401553513,75.67734702247785,1137400,1.56%
26,2022-02-02,76.23699951171875,77.50102027535151,77.59750911748061,76.12120848418776,556100,-0.60%
27,2022-02-03,74.57736206054688,75.02121660659263,75.74489393720285,74.39402811440515,463200,-2.18%
28,2022-02-04,75.64840698242188,74.82824079296682,76.10191263209012,74.62560465711903,534300,1.44%
29,2022-02-07,75.484375,75.42647580636982,75.98612138782612,74.91507832600091,510400,-0.22%
30,2022-02-08,74.2492904663086,73.43877539735249,74.29753856587206,72.96597494046142,683200,-1.64%
31,2022-02-09,75.71595001220703,75.01156748611444,75.76419075187327,74.99227266257328,703100,1.98%
32,2022-02-10,74.11421966552734,74.14316558649044,75.55193087413613,73.9308930455518,567000,-2.12%
33,2022-02-11,72.12650299072266,73.1975459652006,73.6414004848253,71.60545446030426,700900,-2.68%
34,2022-02-14,71.71159362792969,71.47036786796468,72.55106192279322,71.20984728631792,608100,-0.58%
35,2022-02-15,75.12734985351562,73.76683305942835,75.32032751319251,73.6606931381183,636000,4.76%
36,2022-02-16,75.39752197265625,75.24314131631658,75.88962457788908,74.44227003677852,485600,0.36%
37,2022-02-17,73.0914077758789,74.61595639792846,75.0598109280898,73.0142137632527,501700,-3.06%
38,2022-02-18,71.99140930175781,73.40981780849945,73.50630663065616,71.61509774220903,688300,-1.50%
39,2022-02-22,70.81424713134766,70.84319305025261,72.23265605070972,70.20636074946137,788100,-1.64%
40,2022-02-23,71.08441162109375,72.44492856416167,73.20720291812057,70.93967467967404,604100,0.38%
41,2022-02-24,71.16160583496094,67.70725086289379,71.34493978537493,67.65901012337152,1111200,0.11%
42,2022-02-25,73.68965911865234,72.76335294155619,73.79579905826381,71.65371280301713,673400,3.55%
43,2022-02-28,75.28173828125,73.45807197100696,75.56156106980933,73.45807197100696,1119900,2.16%
44,2022-03-01,72.92738342285156,74.08526428327187,74.36508708622596,72.45457556874278,712500,-3.13%
45,2022-03-02,72.60896301269531,72.37738831484059,72.8984369062339,71.59581174693717,582100,-0.44%
46,2022-03-03,71.07477569580078,72.60896830310922,72.70545715411012,70.82389879389648,653300,-2.11%
47,2022-03-04,69.2607421875,69.5695108798964,69.95547358579849,68.30549019565274,671600,-2.55%
48,2022-03-07,65.72919464111328,67.59145771512163,68.06425812121165,65.44937188928942,1339600,-5.10%
49,2022-03-08,65.47833251953125,64.918686890086,66.69411262724367,64.22395539996461,1407900,-0.38%
50,2022-03-09,67.55286407470703,67.18619620707283,67.687949911743,66.62655803719208,731500,3.17%
51,2022-03-10,68.02567291259766,67.54322133165725,68.26689870306787,67.17656078032822,666000,0.70%
52,2022-03-11,66.47218322753906,68.77830136877814,68.8747902198907,66.40464029559753,596500,-2.28%
53,2022-03-14,63.741493225097656,65.72919851705372,65.77743925265212,63.7125473114134,765000,-4.11%
54,2022-03-15,64.84148406982422,63.73185141646683,65.00552318835753,63.307291705294496,977700,1.73%
55,2022-03-16,69.77214813232422,68.0835675299998,69.8782880734005,68.04497051855141,909000,7.60%
56,2022-03-17,70.5054702758789,69.90722769475572,70.70809904651098,69.48267533031893,446300,1.05%
57,2022-03-18,71.79843139648438,70.37037180422993,71.84667212657476,69.75283451072133,1035600,1.83%
58,2022-03-21,71.72124481201172,72.1650993275242,72.40632508780007,71.1808941030881,507400,-0.11%
59,2022-03-22,73.07211303710938,72.34843573157002,73.22649370091213,71.93352711526241,495600,1.88%
60,2022-03-23,72.43526458740234,72.36772167497072,73.40016754306862,72.05895302362252,395600,-0.87%
61,2022-03-24,73.8150863647461,73.11070387012377,73.89228037871524,72.36773173014323,554200,1.90%
62,2022-03-25,72.85018920898438,73.17825275263594,73.2747489587706,71.9045808649042,516400,-1.31%
63,2022-03-28,72.05896759033203,72.54141916569269,72.54141916569269,71.26774730120565,521000,-1.09%
64,2022-03-29,73.78614807128906,72.49317396944677,73.9308850220245,72.49317396944677,604500,2.40%
65,2022-03-30,74.82825469970703,74.29755493409797,75.87034468056875,74.2589579182693,1079600,1.41%
66,2022-03-31,74.27824401855469,75.04051099077492,75.24314712039204,74.19139891134358,636200,-0.74%
67,2022-04-01,75.47472381591797,75.35893279042469,75.82208953077115,74.85718640320712,587100,1.61%
68,2022-04-04,77.2405014038086,76.17910203162042,77.2983932380636,75.88963549871842,894700,2.34%
69,2022-04-05,75.17559814453125,77.57820461339111,77.60715052625525,74.9343723884956,626200,-2.67%
70,2022-04-06,73.0914077758789,73.81508508059058,74.10455894712574,72.30018755052586,735600,-2.77%
71,2022-04-07,72.6379165649414,72.52213288465708,73.01422824912082,71.42213639056224,565600,-0.62%
72,2022-04-08,71.99140930175781,72.44491486368204,72.51245777535425,71.63439256199027,430300,-0.89%
73,2022-04-11,68.96161651611328,69.41512209034916,69.79143366011395,68.68179377112465,769400,-4.21%
74,2022-04-12,69.05812072753906,69.85899213870938,70.4668784957035,68.82654602415471,549700,0.14%
75,2022-04-13,70.49581146240234,69.048456949301,70.56335437854871,69.048456949301,467100,2.08%
76,2022-04-14,69.73355865478516,70.70811305467168,70.7853070859084,69.6853179064832,369700,-1.08%
77,2022-04-18,69.48267364501953,69.87828008428869,69.95547409835996,69.08705984412401,460600,-0.36%
78,2022-04-19,70.45722198486328,68.91337847830107,70.5151211774776,68.71074970821726,654000,1.40%
79,2022-04-20,68.68180084228516,70.03266661310644,70.07126361931576,68.36338106227794,594400,-2.52%
80,2022-04-21,66.35638427734375,69.444078676182,69.4730245919017,65.83534307113588,1119800,-3.39%
81,2022-04-22,64.89938354492188,65.8160385308316,66.43357591617368,64.773941432457,711400,-2.20%
82,2022-04-25,62.5836067199707,62.66080072374019,62.70904145487708,61.11695377566477,1618000,-3.57%
83,2022-04-26,59.54417037963867,61.71520238971526,61.75379939773403,59.5055733716199,1279000,-4.86%
84,2022-04-27,62.07222366333008,61.56082247228164,62.8441417944221,61.54152396688231,720200,4.25%
85,2022-04-28,62.7958984375,63.00817830724037,63.20115599157156,61.309946710944175,801600,1.17%
86,2022-04-29,63.16255187988281,63.90553134042763,65.34323480342051,63.11431114503797,727900,0.58%
87,2022-05-02,63.35553741455078,62.85378370906574,63.43272406324955,62.06256350730178,483900,0.31%
88,2022-05-03,64.33973693847656,63.4809737959554,64.57131161379236,63.3362368632732,476100,1.55%
89,2022-05-04,66.48182678222656,64.67745528836151,66.65550963918484,63.97308012964996,892500,3.33%
90,2022-05-05,64.68710327148438,67.15725279693206,67.18619871142928,63.92482895601,914700,-2.70%
91,2022-05-06,64.59062194824219,64.77394854858879,65.1309653793726,63.62571875743667,604600,-0.15%
92,2022-05-09,60.856441497802734,62.66081304209876,63.22045127538216,60.72135564546258,1059100,-5.78%
93,2022-05-10,62.02396774291992,62.71869912648891,63.548516350015625,61.09766168537,707800,1.92%
94,2022-05-11,62.40993118286133,63.336237251427534,64.81253777825575,62.37133417646779,692000,0.62%
95,2022-05-12,61.92748260498047,61.34854220466152,62.98887456583631,60.96257948390669,1228100,-0.77%
96,2022-05-13,65.16956329345703,63.33624573319677,65.38184317623616,63.33624573319677,748900,5.24%
97,2022-05-16,64.31079864501953,65.03447603255923,65.39148549897082,64.10816985990367,801600,-1.32%
98,2022-05-17,67.87127685546875,67.01251373177082,67.95812195782499,66.8388308886844,666000,5.54%
99,2022-05-18,66.63619232177734,68.02565486191082,68.65284322303357,66.51075759420277,782300,-1.82%
100,2022-05-19,68.88443756103516,67.53357163416497,69.52127719461582,67.53357163416497,633000,3.37%
101,2022-05-20,68.89409637451172,69.57917682697844,70.21600917029669,67.50463328126772,845800,0.01%
102,2022-05-23,69.85897827148438,69.31862758867938,70.05195592572683,68.89407527702085,448200,1.40%
103,2022-05-24,68.36338806152344,68.8844366562564,68.9519795836314,67.39848489237949,1152600,-2.14%
104,2022-05-25,67.77478790283203,67.3791814819414,68.09320767486358,67.01251361295016,539800,-0.86%
105,2022-05-26,70.03266906738281,67.77479197558138,70.28353857409572,67.71690014505171,1053400,3.33%
106,2022-05-27,71.74054718017578,70.22564954075482,71.7791441892751,70.22564954075482,963200,2.44%
107,2022-05-31,71.02652740478516,72.07826839272663,72.45458006379079,70.89144154140969,909300,-1.00%
108,2022-06-01,69.39582061767578,70.94931500581315,71.27738584735562,68.7686322077825,1261400,-2.30%
109,2022-06-02,72.44493103027344,69.76250142293819,72.59931170785022,69.76250142293819,604600,4.39%
110,2022-06-03,71.73088836669922,71.70194245339704,72.30983607924681,71.38353004544702,523400,-0.99%
111,2022-06-06,73.5931625366211,73.74755057949956,74.31683992395298,73.25544789485829,602800,2.60%
112,2022-06-07,73.21684265136719,72.33878468151599,73.41947141364055,72.05896190648338,434500,-0.51%
113,2022-06-08,72.62825012207031,73.32298150346516,73.62210645811501,72.44492354648777,308700,-0.80%
114,2022-06-09,69.83003997802734,71.6344040630914,71.6344040630914,69.79144297064276,421000,-3.85%
115,2022-06-10,69.98442077636719,70.06161479128022,70.91072687044421,69.83968383881187,774800,0.22%
116,2022-06-13,68.02567291259766,68.98092498160413,69.58881868503026,67.63971017551995,926500,-2.80%
117,2022-06-14,69.11600494384766,68.72039850924425,69.52126983212902,68.5177697459167,496500,1.60%
118,2022-06-15,69.38617706298828,68.97126848570244,69.95546628955752,68.09320323731532,424000,0.39%
119,2022-06-16,67.24409484863281,67.76514337080211,68.62390648281466,66.73269741806645,833700,-3.09%
120,2022-06-17,69.81074523925781,68.88443904811099,70.16776207442338,68.71075617716926,760900,3.82%
121,2022-06-21,71.27738952636719,70.67914699716151,71.48001827941445,70.57300707485686,555900,2.10%
122,2022-06-22,70.14844512939453,69.72389281545708,70.65984990297088,69.69494690332789,889700,-1.58%
123,2022-06-23,71.11336517333984,71.06512442877086,71.55722713779011,70.30284999295748,800900,1.38%
124,2022-06-24,73.13965606689453,72.17475299140318,73.18789680369335,71.75019328246658,497600,2.85%
125,2022-06-27,73.60279846191406,73.22648688698055,74.06595513347676,73.22648688698055,905500,0.63%
126,2022-06-28,72.67649841308594,74.19139592758073,74.68349855098224,72.62825031528389,682900,-1.26%
127,2022-06-29,70.09037017822266,70.91121209333791,71.27817472060224,69.72340018326649,783800,-3.56%
128,2022-06-30,70.12899780273438,69.48197448433046,70.51527114377993,69.10535281942686,579900,0.06%
129,2022-07-01,69.2888412475586,69.04741671359497,69.65580388681414,68.46799930562071,733900,-1.20%
130,2022-07-05,69.58819580078125,68.17827759926269,69.65579436634408,68.17827759926269,774300,0.43%
131,2022-07-06,69.4336929321289,69.52060222221932,70.01311030247312,68.79632866736615,530700,-0.22%
132,2022-07-07,72.5432357788086,70.92086285827003,72.87156955944937,70.92086285827003,695200,4.48%
133,2022-07-08,72.24385833740234,71.70306986510423,72.47563114069327,71.00776619061214,543000,-0.41%
134,2022-07-11,68.53559112548828,69.53991797191254,69.6268272590814,68.38107590248853,764700,-5.13%
135,2022-07-12,66.63316345214844,67.12567150583524,67.32846720613188,66.19860228975439,808100,-2.78%
136,2022-07-13,67.66646575927734,66.25654741350428,68.158973854592,66.24688836952389,419200,1.55%
137,2022-07-14,68.7383804321289,67.75337176410429,68.76735019182219,67.60851559794726,515100,1.58%
138,2022-07-15,68.67079162597656,68.4873066315982,68.70942043361894,67.56989639508984,325500,-0.10%
139,2022-07-18,69.0184326171875,69.40471326485941,70.15795647558984,68.85426573642637,587800,0.51%
140,2022-07-19,69.5399169921875,69.19226511302737,69.67511412656185,68.98946941146585,368400,0.76%
141,2022-07-20,69.62682342529297,69.53025510008105,70.06139194028304,69.24054275675434,290200,0.12%
142,2022-07-21,70.766357421875,69.7716895319458,70.833955995918,69.62683333965596,278200,1.64%
143,2022-07-22,69.84893798828125,71.33611378984997,71.33611378984997,69.71374085792874,387700,-1.30%
144,2022-07-25,70.38973236083984,70.01311069959529,70.41870212436764,69.53026166028774,448900,0.77%
145,2022-07-26,69.63648986816406,70.52493034283094,70.60218795828678,69.62683082430915,339100,-1.07%
146,2022-07-27,71.54856872558594,70.03242300259268,71.66445515000856,70.03242300259268,664500,2.75%
147,2022-07-28,71.78033447265625,71.5678797327471,72.11832730083395,70.73737885911558,587500,0.32%
148,2022-07-29,71.83827209472656,70.89189220086656,71.85759018022054,70.5152632106429,411600,0.08%
149,2022-08-01,72.88124084472656,72.71707392682983,73.37374896610899,72.53358891994982,773900,1.45%
150,2022-08-02,72.74604034423828,72.33078986251778,73.50894273473372,72.16662295217736,462300,-0.19%
151,2022-08-03,72.32113647460938,72.69775817728865,72.8136446118409,71.81897666026784,396000,-0.58%
152,2022-08-04,72.6204833984375,72.86190788761806,73.26750662888635,72.12798274524646,376200,0.41%
153,2022-08-05,73.32544708251953,72.63980240863708,73.76966726414658,72.51425695734216,502900,0.97%
154,2022-08-08,74.31046295166016,74.11732628626442,75.1216531552436,74.07869747964696,791600,1.34%
155,2022-08-09,74.33943176269531,74.75468217774578,74.84159145713997,74.22354535581239,409000,0.04%
156,2022-08-10,76.09700775146484,75.16993115860448,76.1452882323757,74.75468807846771,601700,2.36%
157,2022-08-11,76.54121398925781,77.02406291637304,77.45862400370076,76.44464567737276,789400,0.58%
158,2022-08-12,78.057373046875,76.60882601089895,78.10565352745947,76.12597699890694,618000,1.98%
159,2022-08-15,78.98444366455078,77.9608060986608,79.35140626779459,77.55520732195923,805000,1.19%
160,2022-08-16,78.12496948242188,78.76232632966338,78.82992489479037,77.62280239774334,809400,-1.09%
161,2022-08-17,77.55520629882812,77.59383510408493,77.9801157889617,77.02407680385244,637800,-0.73%
162,2022-08-18,76.9081802368164,77.15926375399897,77.217203270391,76.63778600339994,384800,-0.83%
163,2022-08-19,74.020751953125,75.61415510039205,75.61415510039205,73.63447128595557,745200,-3.75%
164,2022-08-22,75.13130950927734,74.50360431767443,75.35341592976235,74.17526315702577,418300,1.50%
165,2022-08-23,76.58950805664062,75.56587050711282,76.81162184432428,75.39204456778816,632100,1.94%
166,2022-08-24,75.70105743408203,75.09267041232368,75.9811107078823,74.64845026454437,530000,-1.16%
167,2022-08-25,76.02941131591797,75.710729188667,76.07769179818263,75.36307729851896,446700,0.43%
168,2022-08-26,74.22354888916016,76.25151321616143,76.26117225911749,74.10766247676055,484900,-2.38%
169,2022-08-29,73.6537857055664,73.39305047854522,74.25252113815498,73.16128501367179,718400,-0.77%
170,2022-08-30,72.07969665527344,73.97246381240977,74.1076609402273,71.7706735963061,739600,-2.14%
171,2022-08-31,71.23954772949219,72.09902584251789,72.09902584251789,71.23954772949219,809100,-1.17%
172,2022-09-01,69.80065155029297,70.6214933919146,70.6214933919146,68.8639232941623,898800,-2.02%
173,2022-09-02,69.25987243652344,69.81997913128185,70.17728273114774,69.0763874305217,449400,-0.77%
174,2022-09-06,69.57855224609375,70.57322012733226,70.57322012733226,69.08604414368826,579500,0.46%
175,2022-09-07,71.94449615478516,70.01310028485804,72.05072351704639,70.01310028485804,460400,3.40%
176,2022-09-08,72.49494934082031,71.46165276447408,72.50460838387714,70.9112051932932,567300,0.77%
177,2022-09-09,74.3973617553711,73.69239909723231,74.50358910615488,73.69239909723231,585400,2.62%
178,2022-09-12,74.4456558227539,74.68708032450266,74.8415955421136,73.8952082534744,427000,0.06%
179,2022-09-13,73.02608489990234,72.6494632719606,74.41668500011379,72.58186470714261,604200,-1.91%
180,2022-09-14,73.99179077148438,73.04540339557401,74.22355625158194,72.86191839966372,605300,1.32%
181,2022-09-15,71.2105712890625,72.47564072940371,72.64946667102434,70.94983606047722,597900,-3.76%
182,2022-09-16,70.26419067382812,69.93584951267131,70.2835013926297,69.34677312539134,853500,-1.33%
183,2022-09-19,71.78033447265625,70.05173415975767,71.88656184261083,70.05173415975767,506300,2.16%
184,2022-09-20,71.22023010253906,71.58719270357989,71.7803367312524,70.93051774487594,408000,-0.78%
185,2022-09-21,70.40904998779297,71.25886163904688,71.99279423694757,70.3607621371014,323000,-1.14%
186,2022-09-22,69.2019271850586,70.51526978107835,70.92086856964475,69.02810123787059,441800,-1.71%
187,2022-09-23,66.75869750976562,67.49263002437856,67.51194810953957,65.98614356021217,949100,-3.53%
188,2022-09-26,66.15997314453125,66.22757171094914,67.30914877363537,65.97648816381505,784700,-0.90%
189,2022-09-27,66.60419464111328,66.97115724198012,67.65680196258707,66.1792851481265,499800,0.67%
190,2022-09-28,66.87458038330078,65.3294651981633,66.9325199003402,64.71141912410832,1022900,0.41%
191,2022-09-29,65.1556396484375,66.19859516719714,66.23721660031528,64.54724524531584,529400,-2.57%
192,2022-09-30,63.82298278808594,64.10303611636279,64.97216586486132,63.71676277720047,394000,-2.05%
193,2022-10-03,64.54724884033203,63.83263440479879,64.89490069928135,63.25321709578019,684500,1.13%
194,2022-10-04,67.5409164428711,66.2661954537286,67.84993948970289,66.2661954537286,741200,4.64%
195,2022-10-05,66.60419464111328,66.79733130100293,67.10635437744114,65.74472397952914,410500,-1.39%
196,2022-10-06,66.78767395019531,66.91321203168701,67.69542501577122,66.69109826076559,275700,0.28%
197,2022-10-07,65.02044677734375,66.0440842787298,66.07305403930626,64.72107539344167,356200,-2.65%
198,2022-10-10,63.58155059814453,63.948520540853664,64.38308167884092,63.03110305177163,585700,-2.21%
199,2022-10-11,64.07405853271484,64.46033919242484,64.78867296417933,63.687777873004855,343000,0.77%
200,2022-10-12,63.27253723144531,64.5279477275941,64.70177368294252,63.1469991289072,309000,-1.25%
201,2022-10-13,64.07405853271484,61.698442421880955,64.21891470106743,60.84862718082621,727800,1.27%
202,2022-10-14,61.93986892700195,64.42171248413703,64.55690961427739,61.8529596437793,578900,-3.33%
203,2022-10-17,63.996803283691406,63.2532190647147,64.39274300058818,63.2532190647147,369200,3.32%
204,2022-10-18,64.24789428710938,65.08805429789373,65.28119097344117,63.63950712821224,352700,0.39%
205,2022-10-19,64.3734359741211,63.84229909604096,64.67280001393455,63.84229909604096,290400,0.20%
206,2022-10-20,63.69743728637695,63.938861779139614,64.8949007075263,63.44635375095036,353700,-1.05%
207,2022-10-21,65.73506164550781,63.46567285079998,65.8316299706184,63.46567285079998,568500,3.20%
208,2022-10-24,64.49896240234375,64.75969758861699,64.75969758861699,63.224241493217676,625300,-1.88%
209,2022-10-25,65.91854858398438,64.5086303658409,66.04408667359819,64.36377419001502,449800,2.20%
210,2022-10-26,66.83595275878906,66.31447499318705,67.34777148215109,65.87991387236394,420500,1.39%
211,2022-10-27,65.8702621459961,66.87458898747609,66.87458898747609,65.72540596706979,369300,-1.44%
212,2022-10-28,64.68245697021484,64.74039649406613,64.74039649406613,63.79400918757816,651400,-1.80%
213,2022-10-31,64.52793884277344,64.29617339011786,64.85627998775216,64.08371865531237,538900,-0.24%
214,2022-11-01,65.98613739013672,67.02909286058697,67.34776755903837,65.95716763279478,777200,2.26%
215,2022-11-02,64.70176696777344,66.02477589993104,66.97115582817949,64.53760007356377,462800,-1.95%
216,2022-11-03,65.47431945800781,63.784348161634206,66.10201718822303,63.784348161634206,351400,1.19%
217,2022-11-04,68.75768280029297,68.69974328794187,69.1439634072431,67.89821231786604,579500,5.01%
218,2022-11-07,68.46798706054688,69.00877556224725,69.19226053290592,68.08170640175057,400100,-0.42%
219,2022-11-08,69.89722442626953,68.5838744471478,70.40905059788375,68.41970754168051,518200,2.09%
220,2022-11-09,67.12567901611328,68.97981765572314,68.97981765572314,66.98082282321113,351400,-3.97%
221,2022-11-10,70.42835998535156,69.58820001869687,70.57321616824947,68.85427479601272,489100,4.92%
222,2022-11-11,72.11833190917969,70.80498194917409,72.40804427623947,70.80498194917409,448800,2.40%
223,2022-11-14,70.244873046875,70.94983585465003,71.02709346574426,69.77168307238264,302800,-2.60%
224,2022-11-15,69.39505767822266,70.45732398645023,70.48629374712239,68.84461012237894,478800,-1.21%
225,2022-11-16,67.65681457519531,68.69977041548674,68.85428566635629,67.41539002148114,400500,-2.50%
226,2022-11-17,66.14065551757812,66.11168575572518,66.38208002327433,65.725405073073,401500,-2.24%
227,2022-11-18,65.3487777709961,66.29516499310294,66.29516499310294,65.08804256922157,402700,-1.20%
228,2022-11-21,64.97216033935547,64.98181938232058,65.21358483964599,64.55690990414813,465600,-0.58%
229,2022-11-22,64.70176696777344,64.99147931918321,65.18461597499562,64.38308485476091,691500,-0.42%
230,2022-11-23,65.85094451904297,65.02044370585901,65.87025523595142,65.01078466355952,306400,1.78%
231,2022-11-25,63.87126159667969,64.85627762808716,64.89489906238217,63.658806869603936,384100,-3.01%
232,2022-11-28,62.741397857666016,63.50430013283523,63.64915630087586,62.64482953486919,728600,-1.77%
233,2022-11-29,63.813323974609375,63.456013071387844,64.33480176538234,63.446354028681625,462500,1.71%
234,2022-11-30,67.06771087646484,65.13631522999859,67.2029079823023,65.0976938006362,671600,5.10%
235,2022-12-01,66.88424682617188,67.35743679229684,67.50229296861421,66.46899638349738,449100,-0.27%
236,2022-12-02,67.87891387939453,65.91854810161105,68.03342172950464,65.91854810161105,556100,1.49%
237,2022-12-05,64.69210052490234,67.06771648457895,67.06771648457895,64.57622149174613,813300,-4.69%
238,2022-12-06,64.66313934326172,65.59986761319989,65.95717853743453,64.36377531098132,488400,-0.04%
239,2022-12-07,65.57089233398438,65.08804335857609,66.09237011154822,65.08804335857609,378100,1.40%
240,2022-12-08,65.48397827148438,65.3584401852926,65.9861453516334,65.18461425257809,255300,-0.13%
241,2022-12-09,64.41205596923828,64.97216259762607,65.22324614960874,64.40240429362875,514200,-1.64%
242,2022-12-12,64.13199615478516,64.24787517857223,64.5472391469418,63.88091265709696,384200,-0.43%
243,2022-12-13,63.87126159667969,65.22324019541486,65.3874070780859,63.465670227366324,662200,-0.41%
244,2022-12-14,63.2242546081543,63.6684748417568,63.99680865314887,62.770375330778,529500,-1.01%
245,2022-12-15,62.04609680175781,62.28752130293197,62.886256718212664,61.71775933280714,591600,-1.86%
246,2022-12-16,61.553592681884766,61.418391866266255,62.036438002282964,61.17696736414438,418200,-0.79%
247,2022-12-19,60.68446731567383,61.592222182013536,61.611536585618104,60.481671603594606,527800,-1.41%
248,2022-12-20,60.42372131347656,60.636176044389565,61.01279766093869,60.356122750703406,386800,-0.43%
249,2022-12-21,60.04710388183594,60.24024422486794,60.298183749085595,59.62219807424204,428100,-0.62%
250,2022-12-22,57.99016189575195,59.226257792434204,59.30351171381382,57.4397143519827,656300,-3.43%
251,2022-12-23,57.623191833496094,57.816332149959244,57.912904150113384,57.2658846425386,856700,-0.63%
252,2022-12-27,57.46868896484375,58.18330713813788,58.27022010943249,57.36246527445761,578000,-0.27%
253,2022-12-28,56.24224853515625,56.92789317488518,57.22725717270882,56.06842261468339,537500,-2.13%
254,2022-12-29,57.59366989135742,56.83368018155155,57.76905270390339,56.83368018155155,724900,2.40%
255,2022-12-30,57.10649490356445,56.755729286669194,57.24290292861485,56.59009203249083,550700,-0.85%
256,2023-01-03,56.453678131103516,57.62289557041553,57.95417378293994,56.122399918579106,1220000,-1.14%
257,2023-01-04,57.18444061279297,56.385476139315465,57.21367355868891,56.08343086083001,613000,1.29%
258,2023-01-05,57.048030853271484,57.17469703672896,57.28187582912837,56.78495664924742,402700,-0.24%
259,2023-01-06,59.05519485473633,57.847002477164395,59.21109028569655,57.60341563398653,545500,3.52%
260,2023-01-09,59.85415267944336,60.068510266749435,60.65311713796983,59.678769874709275,765100,1.35%
261,2023-01-10,60.34133529663086,60.545947360343234,60.78953421243141,59.591087346178426,431400,0.81%
262,2023-01-11,61.78336715698242,60.68235357793894,61.851571176168804,60.50697075236245,496700,2.39%
263,2023-01-12,63.3130989074707,62.69925527255127,63.49821986320117,62.163364932506646,696200,2.48%
264,2023-01-13,62.78694534301758,62.45566337992713,62.78694534301758,61.62746962272148,781900,-0.83%
265,2023-01-17,62.631046295166016,62.582333388009125,62.84540390096125,62.11464339048496,561100,-0.25%
266,2023-01-18,62.514129638671875,63.3325778457426,63.64436870086673,62.45566374268086,633500,-0.19%
267,2023-01-19,62.163360595703125,62.11464397125057,62.601817649456464,61.71516170379535,330100,-0.56%
268,2023-01-20,64.13154602050781,62.903866206465565,64.23872482995408,62.74797448688603,494000,3.17%
269,2023-01-23,65.86588287353516,64.63820306586281,66.05101125865103,64.5992357114307,490300,2.70%
270,2023-01-24,66.45049285888672,65.44691617866674,66.55767167266565,65.32999924267597,484500,0.89%
271,2023-01-25,67.40534973144531,66.25561956517303,67.43457896245286,66.06075306933583,618000,1.44%
272,2023-01-26,68.98379516601562,68.29200200775679,69.45147772988375,68.24328910059738,573300,2.34%
273,2023-01-27,69.86071014404297,68.28227201107767,70.78634469437219,68.28227201107767,613700,1.27%
274,2023-01-30,68.47712707519531,69.1884038752283,69.3540411321949,68.35046460228202,673800,-1.98%
275,2023-01-31,68.90584564208984,67.79509026002977,68.9350748731419,67.4735538510965,491600,0.63%
276,2023-02-01,70.48428344726562,69.66583524472492,70.90325310342726,69.0422535379281,461000,2.29%
277,2023-02-02,70.31864166259766,70.13352073364419,70.84479008770293,69.8119843460221,536200,-0.24%
278,2023-02-03,68.5745620727539,69.19814376619934,69.6658337531235,68.37969558118226,520100,-2.48%
279,2023-02-06,67.3469009399414,67.66842996087392,68.04842488589712,67.14228885982747,395900,-1.79%
280,2023-02-07,67.68791198730469,67.3274007895844,67.85354925368412,66.75253941790974,250300,0.51%
281,2023-02-08,67.58073425292969,67.97047468809852,68.27251999435612,67.49303912401845,242300,-0.16%
282,2023-02-09,67.66841888427734,68.32123724294111,68.92532782810437,67.44432316193618,280700,0.13%
283,2023-02-10,66.37254333496094,66.97663392691348,66.9863794817231,66.08023616011404,376200,-1.92%
284,2023-02-13,67.08381652832031,66.50895513455698,67.18124978089435,66.35305598349399,345500,1.07%
285,2023-02-14,67.08381652832031,66.31408119572824,67.37612371972311,66.1386983676227,230800,0.00%
286,2023-02-15,67.27869415283203,66.2069060147605,67.32740706494732,66.2069060147605,378200,0.29%
287,2023-02-16,66.8499755859375,66.3628018868321,67.8048318733229,65.865882632314,419700,-0.64%
288,2023-02-17,64.19974517822266,65.36895900437875,65.36895900437875,63.59564715562322,749800,-3.96%
289,2023-02-21,62.42643356323242,63.67359696478383,63.81975055202069,62.358229547012584,596300,-2.76%
290,2023-02-22,62.04644012451172,62.11464414230115,62.601817821848606,61.75413666015129,519900,-0.61%
291,2023-02-23,62.436180114746094,62.48489302214919,62.69925062902784,61.62747002831495,509700,0.63%
292,2023-02-24,61.247474670410156,61.41311193489309,61.48131595166137,60.77004283619201,421900,-1.90%
293,2023-02-27,61.987972259521484,61.46182755866546,62.1828424568355,61.266957361351444,621100,1.21%
294,2023-02-28,62.1243782043457,62.26078993969005,62.55308965062299,62.036686804329925,350700,0.22%
295,2023-03-01,62.49463653564453,62.8551477203167,63.27411736543512,62.241307867750635,276800,0.60%
296,2023-03-02,62.056182861328125,61.28645126129522,62.17310722223765,60.93568561224718,278100,-0.70%
297,2023-03-03,63.70283126831055,62.45566776744439,63.936679999983575,62.406954856939805,348100,2.65%
298,2023-03-06,63.3130989074707,63.6638571412635,63.946418786377365,63.16694530707651,441700,-0.61%
299,2023-03-07,61.34490966796875,62.38746105898257,62.864889189979046,61.305934881035085,262700,-3.11%
300,2023-03-08,61.4715690612793,61.530031235207176,61.802847279857566,61.12080345139174,281800,0.21%
301,2023-03-09,60.039283752441406,61.38388416048151,61.76387903916148,59.951592340681394,448100,-2.33%
302,2023-03-10,59.05519485473633,59.92236342175509,60.15620842661556,58.85058279850858,471500,-1.64%
303,2023-03-13,58.792118072509766,58.42186504619531,59.425445324086596,57.90546215040626,834700,-0.45%
304,2023-03-14,58.80186080932617,58.967501790804356,59.26955080594683,58.392636708333285,321700,0.02%
305,2023-03-15,57.125980377197266,57.54494999255037,57.64238323093211,56.53162795928519,476600,-2.85%
306,2023-03-16,57.88597106933594,56.87264901811697,57.96392063489426,56.71675360384019,354800,1.33%
307,2023-03-17,57.048030853271484,57.35007983941166,57.70084544477709,56.60957384656471,367600,-1.45%
308,2023-03-20,57.91520690917969,57.09675496158812,58.012643877250284,56.94085952951545,774300,1.52%
309,2023-03-21,59.3767204284668,58.811600952877804,59.49364477528368,58.62647259550432,596100,2.52%
310,2023-03-22,58.831092834472656,59.47416192369041,60.11723101290816,58.762888818710174,422900,-0.92%
311,2023-03-23,59.172115325927734,59.34749814985079,60.39004953825995,58.870066303206855,305200,0.58%
312,2023-03-24,58.860321044921875,58.58750498659993,59.055191250940425,58.30494337371504,233900,-0.53%
313,2023-03-27,59.01622009277344,59.00647825445191,59.41570236708067,58.78237880465422,270300,0.26%
314,2023-03-28,59.688514709472656,60.32184194913347,60.32184194913347,59.61056885725411,470500,1.14%
315,2023-03-29,61.29619216918945,60.7505563104148,61.31567956237857,60.584919043567616,467700,2.69%
316,2023-03-30,61.461830139160156,61.52028859902085,61.871054225545116,61.09157712040231,349700,0.27%
317,2023-03-31,61.91977310180664,61.69567365822258,61.97823528063559,61.47157421463852,200000,0.75%
318,2023-04-03,61.67618179321289,61.94900155779265,62.25104683440754,61.500798986283,410700,-0.39%
319,2023-04-04,60.253639221191406,61.02337450630045,61.02337450630045,59.951590209899976,460900,-2.31%
320,2023-04-05,59.776206970214844,60.35107204129433,60.35107204129433,59.46441612320632,372500,-0.79%
321,2023-04-06,59.425453186035156,59.20134999954658,59.737244075705455,58.96750869071415,240100,-0.59%
322,2023-04-10,60.40953826904297,59.425449039102176,60.42902566289253,59.29878283750018,553200,1.66%
323,2023-04-11,60.916194915771484,60.64337885545573,61.13055251564247,60.497225270663684,337100,0.84%
324,2023-04-12,59.74698257446289,60.896712809656435,60.896712809656435,59.70800778622302,532000,-1.92%
325,2023-04-13,60.7310676574707,60.175686289192,60.92593413971316,59.815178836835564,474300,1.65%
326,2023-04-14,61.1500358581543,61.21824358970178,61.841825276649836,60.89670719164666,177800,0.69%
327,2023-04-17,61.77362060546875,61.383880196848004,61.88079568684146,61.383880196848004,270100,1.02%
328,2023-04-18,62.221824645996094,62.36797824058839,62.68950722827471,62.03669626393381,304600,0.73%
329,2023-04-19,61.75413513183594,61.802851755216984,61.83208098587759,61.57875231419208,176100,-0.75%
330,2023-04-20,59.815181732177734,60.34133018011626,60.74081243499401,59.60082413112721,528400,-3.14%
331,2023-04-21,58.01264190673828,59.48390476464726,59.48390476464726,57.69110549828736,876600,-3.01%
332,2023-04-24,58.87981033325195,58.40237849897428,58.899297726165344,58.30494525124749,490200,1.49%
333,2023-04-25,56.63880920410156,57.4864903086151,57.4864903086151,56.599834420325315,470400,-3.81%
334,2023-04-26,57.369571685791016,57.41828830879959,57.86648718742262,57.25264733036233,456700,1.29%
335,2023-04-27,58.78237533569336,57.80802802006912,58.8700630259331,57.80802802006912,440600,2.46%
336,2023-04-28,58.684940338134766,58.46084089406168,58.694685893047605,58.08084602294471,332000,-0.17%
337,2023-05-01,57.80802536010742,58.5387858132006,58.587502433372165,57.63264255401786,429000,-1.49%
338,2023-05-02,57.51572036743164,57.6228991659419,57.80802753312872,57.21367508091001,455400,-0.51%
339,2023-05-03,57.59366989135742,57.83725671802238,58.431609169779286,57.58392433686042,498600,0.14%
340,2023-05-04,57.65213394165039,57.613162870403286,58.20751537979603,57.58392992091749,212700,0.10%
341,2023-05-05,59.152626037597656,58.15879130615052,59.240317446750055,58.15879130615052,397500,2.60%
342,2023-05-08,59.396209716796875,59.43518450031407,59.53261774226714,59.113648111557076,310900,0.41%
343,2023-05-09,59.20134353637695,58.879810842624806,59.31826789486881,58.29520391752625,212400,-0.33%
344,2023-05-10,60.029541015625,60.19517828155889,60.50696913718518,59.66903353571463,358500,1.40%
345,2023-05-11,60.44851303100586,60.555691838712654,60.779791292626726,60.26338464793399,417400,0.70%
346,2023-05-12,59.72749328613281,60.273129153665465,60.39004979783665,59.33775656661543,294800,-1.19%
347,2023-05-15,61.383880615234375,60.64337829401576,61.66644222756833,60.60440350952004,399200,2.77%
348,2023-05-16,60.87722396850586,61.17927299492469,61.27670624636803,60.78953255547073,242700,-0.83%
349,2023-05-17,61.4715690612793,60.984395429066545,61.627464474913786,60.73106677572544,265500,0.98%
350,2023-05-18,61.34490966796875,61.461834028769744,61.471575867083025,60.96491478746618,342500,-0.21%
351,2023-05-19,61.247474670410156,61.374140865911315,61.57875291621617,61.11106663687359,261200,-0.16%
352,2023-05-22,62.056182861328125,61.666446142150505,62.25105307933707,61.25721831264771,419300,1.32%
353,2023-05-23,61.305938720703125,61.38388829945253,62.12439071336944,61.24748025348156,266600,-1.21%
354,2023-05-24,60.59465789794922,60.77004071117489,60.955169078935334,60.15620458172506,396500,-1.16%
355,2023-05-25,59.98081970214844,60.263377587642275,60.39978932854951,59.63005408778103,339400,-1.01%
356,2023-05-26,60.312095642089844,59.70799767717169,60.594653516888606,59.70799767717169,259000,0.55%
357,2023-05-30,59.932106018066406,60.292617226654215,60.69209950584477,59.59108592004043,478900,-0.63%
358,2023-05-31,59.279293060302734,59.55210912954728,59.71775011218874,58.62647840153021,322300,-1.09%
359,2023-06-01,59.72749328613281,59.01622014909434,59.8931342724789,58.76289146725005,337600,0.76%
360,2023-06-02,61.71516418457031,61.15004091105183,62.08541723560517,60.72132939506014,547700,3.33%
361,2023-06-05,61.33516311645508,61.500800372934634,61.67618318381886,61.07208890012875,243100,-0.62%
362,2023-06-06,62.25105285644531,60.98440201918288,62.38746089351108,60.89671060723485,322400,1.49%
363,2023-06-07,61.51054763793945,62.09515454591806,62.22182073882145,61.30593187499088,304600,-1.19%
364,2023-06-08,61.812591552734375,61.30593050924803,61.83207894481154,60.97465599445618,263200,0.49%
365,2023-06-09,61.99772262573242,62.26079685499942,62.67976651084982,61.802852413293145,323800,0.30%
366,2023-06-12,62.41668701171875,62.23156235876971,62.67976495128011,62.0269503133776,234500,0.68%
367,2023-06-13,63.59564971923828,62.56284388337745,63.72231963519288,62.494639864663625,429000,1.89%
368,2023-06-14,63.29359436035156,63.81974274987296,63.83922642340515,62.83564997871188,522600,-0.47%
369,2023-06-15,64.56999206542969,63.624881432156904,64.77461153932414,63.35205794485762,498700,2.02%
370,2023-06-16,64.60897064208984,64.79409901806203,65.02794030150874,64.52128294842747,502900,0.06%
371,2023-06-20,63.6735954284668,63.430008600176045,64.02436105589989,63.088988527305,515300,-1.45%
372,2023-06-21,62.92334747314453,63.32282598193456,63.6833371421867,62.718735441762384,205900,-1.18%
373,2023-06-22,62.367977142333984,62.59207287423948,62.59207287423948,62.06592812002091,218500,-0.88%
374,2023-06-23,60.85773468017578,61.26696250054604,61.38388314200604,60.73107220061085,325000,-2.42%
375,2023-06-26,61.09157943725586,60.87722183139722,62.01721016083431,60.81875965247937,332500,0.38%
376,2023-06-27,62.085411071777344,61.28644658407183,62.10489846377504,61.10131821851375,393300,1.63%
377,2023-06-28,61.91977310180664,61.61772780329081,62.095155921453326,61.42285759070114,188500,-0.27%
378,2023-06-29,62.171974182128906,61.4876944142388,62.181751738267366,61.43881409163661,219400,0.41%
379,2023-06-30,63.56009292602539,62.944241095238546,63.638298463992456,62.57277597703085,386000,2.23%
380,2023-07-03,65.3489990234375,64.83090043703136,65.6911388957727,64.7917976718945,384400,2.81%
381,2023-07-05,65.221923828125,65.2707966933749,65.30012936223312,64.82112605938856,398000,-0.19%
382,2023-07-06,64.04886627197266,63.83381222996507,64.16617457877818,63.100652093134336,832000,-1.80%
383,2023-07-07,65.23170471191406,63.86313762757159,65.88665931277612,63.569870588751556,388800,1.85%
384,2023-07-10,65.97464752197266,65.53475433800533,66.04307551632517,65.03620326024154,352200,1.14%
385,2023-07-11,66.1799087524414,65.93552207690345,66.26789183384159,65.64226254111159,408500,0.31%
386,2023-07-12,66.53184509277344,66.47319466054462,66.81533461203205,66.0333015026453,365600,0.53%
387,2023-07-13,67.29431915283203,67.17701830823056,67.53870585653887,66.95217925926052,312300,1.15%
388,2023-07-14,66.41452026367188,67.04991960512105,67.05969715966162,66.3069895379921,425200,-1.31%
389,2023-07-17,65.91597747802734,65.69113844455723,66.07238107941063,65.30989580970383,535800,-0.75%
390,2023-07-18,66.2190170288086,66.07238351965941,66.6980203225686,65.8670995900866,486400,0.46%
391,2023-07-19,65.8084487915039,66.40475292268461,66.41453047872905,65.60316486311072,383800,-0.62%
392,2023-07-20,64.90911865234375,65.44676499734436,65.44676499734436,64.60607402783224,675300,-1.37%
393,2023-07-21,63.6382942199707,64.68426898173004,64.68426898173004,63.23750391627661,765800,-1.96%
394,2023-07-24,63.64807891845703,63.11042514306899,63.82403765784849,62.70963479439957,358800,0.02%
395,2023-07-25,64.34213256835938,64.78202566215155,65.14372067706523,64.18572895251191,611600,1.09%
396,2023-07-26,64.70381927490234,64.14661794720479,64.9579760502805,64.1270628364283,390500,0.56%
397,2023-07-27,62.98334884643555,64.43989168035979,64.64517564019411,62.82693775812872,454400,-2.66%
398,2023-07-28,64.56697082519531,63.82403314934652,64.62562124815246,63.82403314934652,459000,2.51%
399,2023-07-31,65.17304992675781,64.70383159205407,65.33923110954493,64.55719806567505,388700,0.94%
400,2023-08-01,63.85335922241211,64.4887661593529,64.51809137122716,63.5503220889241,410000,-2.02%
401,2023-08-02,62.152427673339844,62.944238199074846,62.944238199074846,61.82006161036308,1070500,-2.66%
402,2023-08-03,62.54344940185547,62.48479524616122,62.826935165097424,62.13288149913202,376800,0.63%
403,2023-08-04,62.171974182128906,62.66074757579044,63.08109299266296,62.103546205339896,381400,-0.59%
404,2023-08-07,61.57567596435547,62.07422320284251,62.142651182065336,60.989145633673154,423900,-0.96%
405,2023-08-08,61.223758697509766,60.69588251700764,61.262857736437724,60.21688293194938,520500,-0.57%
406,2023-08-09,60.647010803222656,61.350842038167094,61.585454935845576,60.50037727604292,368400,-0.94%
407,2023-08-10,60.54924774169922,60.79363444287841,61.55612348630815,60.30486104052003,392200,-0.16%
408,2023-08-11,59.366424560546875,59.894300797265515,59.90407462577707,59.15136304283656,439700,-1.95%
409,2023-08-14,58.34000015258789,58.300897381039036,58.36932536672676,57.460206437966356,728200,-1.73%
410,2023-08-15,57.059410095214844,57.56773491810651,57.72414226906968,56.863899974249534,585400,-2.20%
411,2023-08-16,56.3555793762207,56.4044559746307,56.99098261364153,56.26760000746454,727600,-1.23%
412,2023-08-17,56.336029052734375,56.75637451926379,56.951880916588216,56.21872073948512,545100,-0.03%
413,2023-08-18,55.69084167480469,55.22161966431002,55.778821034837755,54.88925360741233,712400,-1.15%
414,2023-08-21,56.42400360107422,55.7885966769361,56.46310263977035,55.720168697911404,435600,1.32%
415,2023-08-22,55.85702896118164,56.49243593429421,56.82480202762232,55.68107022182879,517300,-1.00%
416,2023-08-23,56.44355773925781,55.71039758903512,56.482656779861884,55.53443885465804,408500,1.05%
417,2023-08-24,55.83747100830078,56.658610452351304,56.658610452351304,55.77882058811183,497800,-1.07%
418,2023-08-25,55.915679931640625,55.76904641418555,56.18939185324182,55.23139639859238,367400,0.14%
419,2023-08-28,56.15028762817383,55.915678481185786,56.32624635293743,55.72016837266565,366600,0.42%
420,2023-08-29,58.427974700927734,56.44355582170275,58.46707746924873,56.31647368918214,541200,4.06%
421,2023-08-30,58.05651092529297,58.164041683034945,58.29112382664324,57.77302142379968,350600,-0.64%
422,2023-08-31,57.92942810058594,57.97830842919981,58.271571755655465,57.724144144971525,362100,-0.22%
423,2023-09-01,58.066287994384766,58.28134577901442,58.51595867839149,57.948979680173466,278400,0.24%
424,2023-09-05,58.52573013305664,58.18359021976388,58.68213748328267,58.18359021976388,278900,0.79%
425,2023-09-06,57.69481658935547,58.252018005719506,58.52572993542945,57.3428991202739,362000,-1.42%
426,2023-09-07,56.639060974121094,56.89322523363785,56.89322523363785,56.023209167155045,345600,-1.83%
427,2023-09-08,55.8863525390625,56.19917096690302,56.40445491379134,55.671294764294174,298900,-1.33%
428,2023-09-11,56.756370544433594,56.45332968333086,56.990979696410676,56.296922338997724,316800,1.56%
429,2023-09-12,56.73681640625,56.707487466892566,57.32334298676788,56.66838842949108,212900,-0.03%
430,2023-09-13,56.2382698059082,56.208944593327935,56.609738657788114,55.945006492969476,280200,-0.88%
431,2023-09-14,56.87367630004883,56.50220745116098,56.96165566612634,56.365351488161586,188500,1.13%
432,2023-09-15,56.59019088745117,56.668396431387315,56.96165976305668,56.42400970015524,354800,-0.50%
433,2023-09-18,56.287147521972656,56.53153422626247,56.5804108213114,56.091637412731764,167400,-0.54%
434,2023-09-19,55.67129135131836,55.925451880115894,56.23826655973369,55.46600741701514,350200,-1.09%
435,2023-09-20,54.73284912109375,55.49533446172756,55.86680330444068,54.703520180191894,241400,-1.69%
436,2023-09-21,53.13944625854492,53.76507563289869,53.7846270169779,53.11012104694872,408200,-2.91%
437,2023-09-22,53.54024124145508,54.32227797300909,54.586216069104566,53.48158708819654,364300,0.75%
438,2023-09-25,53.51091766357422,53.11989742133279,53.68687267063292,52.992815283247516,390300,-0.05%
439,2023-09-26,52.53337097167969,52.787531519698256,53.21765080443945,52.45516543133834,522500,-1.83%
440,2023-09-27,52.63112258911133,52.81685514828189,52.973262495226905,52.09347256705315,349800,0.19%
441,2023-09-28,53.755306243896484,52.787533161816484,53.9117136003993,52.787533161816484,288800,2.14%
442,2023-09-29,53.9312629699707,54.51779337226935,54.72307733500334,53.804184552494796,309100,0.33%
443,2023-10-02,52.95371627807617,53.72597926043377,53.735756818159935,52.73865848569423,351400,-1.81%
444,2023-10-03,51.526493072509766,52.19122522243435,52.38673533636133,51.40918849577168,731400,-2.70%
445,2023-10-04,51.829532623291016,51.10614633878998,51.888186774697644,50.50984218448071,905600,0.59%
446,2023-10-05,50.50984573364258,51.26255728221493,51.5558243308098,50.09927783208244,462900,-2.55%
447,2023-10-06,51.096378326416016,49.82556806700972,51.19413152750666,49.78646529495523,519200,1.16%
448,2023-10-09,50.88131332397461,50.50984447299239,50.94974130586011,50.157930735743555,356100,-0.42%
449,2023-10-10,52.44539260864258,51.5655989081647,52.60179996327803,51.31143835527414,630400,3.07%
450,2023-10-11,52.39651107788086,52.59202119894927,52.953712499046304,52.08369637578957,298000,-0.09%
451,2023-10-12,52.709320068359375,53.36427834361006,53.64776780198789,52.40628295613376,568600,0.60%
452,2023-10-13,51.7513313293457,52.474717673131636,52.58224842833385,51.6047015323799,435400,-1.82%
453,2023-10-16,51.88819122314453,51.438516815232866,52.015269635185746,50.939969537193484,465200,0.26%
454,2023-10-17,52.2498779296875,51.26255355974369,52.53336740058584,51.26255355974369,348800,0.70%
455,2023-10-18,50.12860107421875,51.438513997141634,51.73177730515968,50.04062170890881,556800,-4.06%
456,2023-10-19,48.486324310302734,49.12173128117996,49.3661180039719,48.23216375937911,461800,-3.28%
457,2023-10-20,47.8704719543457,48.19306048596185,48.51565274662342,47.8020439710015,443300,-1.27%
458,2023-10-23,47.4110221862793,47.13731026179733,47.968223592000605,46.443249164789755,645000,-0.96%
459,2023-10-24,48.63295364379883,47.97799907311044,48.86756651823721,47.97799907311044,360700,2.58%
460,2023-10-25,47.254615783691406,47.7336153901503,47.84114241331277,47.14708503148357,469100,-2.83%
461,2023-10-26,46.77561569213867,46.83426984611067,47.29371806294469,46.55078036214733,499800,-1.01%
462,2023-10-27,47.18619155883789,47.596759486459014,47.92912559745759,47.05910941164988,359400,0.88%
463,2023-10-30,46.971126556396484,47.860694062697874,48.075755568302185,46.77561643576033,715500,-0.46%
464,2023-10-31,46.6680908203125,46.14021459737871,46.68763847682516,46.01313245577342,1273800,-0.65%
465,2023-11-01,46.19886779785156,46.06201181977589,46.23797057131482,45.612341112085616,412500,-1.01%
466,2023-11-02,46.94179916381836,46.32594361757637,46.97112437538624,46.27706702194817,725600,1.61%
467,2023-11-03,48.17350769042969,47.489227877022124,48.61340451979548,47.45012510795731,620100,2.62%
468,2023-11-06,48.58407974243164,49.27813711884108,49.46386967999358,48.349466854987924,432000,0.85%
469,2023-11-07,47.93889617919922,47.567427349422076,48.06597457884933,47.31326682107674,239500,-1.33%
470,2023-11-08,47.45989990234375,47.67496140753516,48.065977919011345,47.303492551944196,239200,-1.00%
471,2023-11-09,46.648536682128906,47.49900139397456,47.82158991403521,46.54100593242693,291200,-1.71%
472,2023-11-10,46.40414810180664,46.384596718189556,46.453024696326786,45.84694672037774,303200,-0.52%
473,2023-11-13,46.77561569213867,46.052233105043975,47.03955379144468,45.9447023539513,589600,0.80%
474,2023-11-14,48.49610137939453,47.50877694098649,48.67206011635744,47.49900311295318,440400,3.68%
475,2023-11-15,48.97509765625,48.828467860300414,49.854891348129286,48.691611892462625,525500,0.99%
476,2023-11-16,47.18619155883789,47.80204717931524,48.03665635822855,47.05910941164988,378900,-3.65%
477,2023-11-17,48.30058670043945,47.37191650498217,48.31036052755066,47.37191650498217,264900,2.36%
478,2023-11-20,48.94576644897461,48.29081190337217,49.111951338887685,48.261482964537514,685400,1.34%
479,2023-11-21,48.32991409301758,48.730708145484904,49.023975178693625,48.20283568960871,299800,-1.26%
480,2023-11-22,47.704288482666016,47.870473396541016,48.007329367352476,47.41102515534925,595300,-1.29%
481,2023-11-24,47.71406555175781,47.12753517408096,47.93890089136802,47.09820996036304,263900,0.02%
482,2023-11-27,46.589881896972656,46.86359381683214,46.92224796924999,46.257515824695325,643700,-2.36%
483,2023-11-28,47.127532958984375,46.501903568771404,47.362145844836895,46.501903568771404,443300,1.15%
484,2023-11-29,46.892921447753906,47.11775676550772,47.48922559568777,46.68763378454815,362500,-0.50%
485,2023-11-30,46.59965896606445,46.883148462236164,46.922251233234775,46.335724584437536,498200,-0.63%
486,2023-12-01,47.215511322021484,45.993577779893364,47.22528887862384,45.94470118401729,323000,1.32%
487,2023-12-04,45.77851867675781,46.12065856695453,46.6876337748584,45.71008696967334,694500,-3.04%
488,2023-12-05,44.84007263183594,45.21154147620555,45.41682541820772,44.77164465116855,671800,-2.05%
489,2023-12-06,46.022911071777344,45.7296440107042,46.76584509485019,45.60256559522113,591300,2.64%
490,2023-12-07,46.892921447753906,46.45302463952031,46.98090080940063,46.32594251068724,392700,1.89%
491,2023-12-08,47.068885803222656,46.92225227325052,47.50877893504792,46.68763937110421,597000,0.38%
492,2023-12-11,46.67786407470703,46.36504936771326,46.707189288161,46.286843826442094,442600,-0.83%
493,2023-12-12,46.01313018798828,46.12066093873569,46.12066093873569,45.55368197262948,674100,-1.42%
494,2023-12-13,47.20574188232422,45.690544895054074,47.24484465427785,45.45593199237788,805100,2.59%
495,2023-12-14,48.525428771972656,47.538108018266286,48.85779487571407,47.538108018266286,1204900,2.80%
496,2023-12-15,48.21261215209961,48.48632408707187,48.80891634961383,48.19306076688081,633600,-0.64%
497,2023-12-18,47.91934585571289,48.0757531987036,48.15395500567635,47.6554077652201,619300,-0.61%
498,2023-12-19,48.789363861083984,48.417895008418064,49.08262717464326,48.34946702622241,623500,1.82%
499,2023-12-20,47.342594146728516,48.17350747590628,48.50587355338644,47.31326893458316,892000,-2.97%
500,2023-12-21,48.43743896484375,48.193052286182535,48.79913020512981,47.98776837107786,1053200,2.31%
501,2023-12-22,49.11195755004883,48.75026251468965,49.69848419428975,48.603632718152156,737400,1.39%
502,2023-12-26,49.53229904174805,49.04352559758296,49.59095319750422,48.887118244611955,459900,0.86%
503,2023-12-27,49.40522003173828,49.532298440766624,49.73758611889972,49.24881268066498,605700,-0.26%
504,2023-12-28,51.106468200683594,50.5649825793802,51.421514516920055,50.5649825793802,1087500,3.44%
505,2023-12-29,50.15148162841797,50.75203983862824,50.880028577439035,49.98411491706012,746100,-1.87%
506,2024-01-02,49.51154327392578,49.422936267196945,50.09241059455967,49.28510398020723,633000,-1.28%
507,2024-01-03,48.487640380859375,48.91098454656543,48.95036627259579,48.05445266146979,1005200,-2.07%
508,2024-01-04,47.72956085205078,48.34980991561082,48.36950077936729,47.631110288916666,1026300,-1.56%
509,2024-01-05,47.67049026489258,47.70987199406117,48.12337263903456,47.286527794619836,542900,-0.12%
510,2024-01-08,47.77878952026367,47.256994738500254,47.818171250568064,46.843497837249664,532800,0.23%
511,2024-01-09,46.72534942626953,46.971479590237216,46.99117045403242,46.597364445073076,453500,-2.20%
512,2024-01-10,46.38077163696289,46.35123721722336,46.51860393661206,46.036187132191486,640600,-0.74%
513,2024-01-11,46.813961029052734,47.178232655886845,47.34560313674486,46.4299985364913,284700,0.93%
514,2024-01-12,46.08541488647461,46.63674406968483,47.0207065381772,46.055876711910926,309700,-1.56%
515,2024-01-16,45.25841522216797,45.53407980077605,45.86881697007795,45.15011735038673,811100,-1.79%
516,2024-01-17,44.01791763305664,44.3034295246824,44.411727397757566,43.81116919663037,544400,-2.74%
517,2024-01-18,44.36250305175781,44.53971707404612,44.716927340686105,44.008075007181176,426600,0.78%
518,2024-01-19,43.94900131225586,44.00807390341982,44.00807390341982,43.30906514173007,1139600,-0.93%
519,2024-01-22,43.24014663696289,42.43283997656474,43.47643325359939,42.36392382913917,839500,-1.61%
520,2024-01-23,43.39767074584961,43.29921643043003,43.88008374663716,43.12200241832289,692100,0.36%
521,2024-01-24,43.50596618652344,44.20497870255801,44.31327281935098,43.43705004145144,1000000,0.25%
522,2024-01-25,42.68881607055664,43.44689742325548,43.50596625875913,42.472220325314616,1062500,-1.88%
523,2024-01-26,42.767574310302734,42.62974202463353,43.09246791707854,42.59036029854286,540000,0.18%
524,2024-01-29,42.65928268432617,41.9405792860351,42.68881710279216,41.68460556281716,421300,-0.25%
525,2024-01-30,41.70429611206055,41.83228485052711,41.97011714319189,41.55661650954925,898700,-2.24%
526,2024-01-31,40.80838394165039,41.31048784832468,41.91104607881149,40.729620482600374,1224300,-2.15%
527,2024-02-01,41.22187805175781,41.01512961918213,41.54677166493233,40.6902397616558,475600,1.01%
528,2024-02-02,39.90262222290039,40.0306109637297,40.197981433375475,39.62695763248191,670100,-3.20%
529,2024-02-05,38.83934020996094,39.13469565243457,39.33160053263307,38.652278883730666,715900,-2.66%
530,2024-02-06,40.444114685058594,39.656495071341084,40.444114685058594,39.5875789184881,540900,4.13%
531,2024-02-07,40.57209777832031,40.50318162869752,40.906834971766095,40.40473105942166,665700,0.32%
532,2024-02-08,41.0446662902832,40.74931083386443,41.1135824382593,40.55240594436911,456100,1.16%
533,2024-02-09,41.19234848022461,40.9560618468788,41.19234848022461,40.76900425573115,354100,0.36%
534,2024-02-12,41.861820220947266,41.03482269049964,42.21624827051745,40.946215678107095,360400,1.63%
535,2024-02-13,40.36534881591797,40.916681761534676,40.96590704554635,40.10937508566819,415500,-3.57%
536,2024-02-14,41.113582611083984,40.6705513024177,41.17265520487541,40.57209697943198,339600,1.85%
537,2024-02-15,41.73382568359375,40.85760299142822,42.196551545785915,40.85760299142822,355100,1.51%
538,2024-02-16,42.866031646728516,42.18670996855436,43.18107796636207,42.14733199533645,641200,2.71%
539,2024-02-20,41.46800994873047,42.22609132225348,42.33438919784938,41.28095237175012,515900,-3.26%
540,2024-02-21,42.06856918334961,41.842129872365206,42.285164939790526,41.69445026467396,261400,1.45%
541,2024-02-22,42.09810256958008,42.11779343383228,42.37377091346254,41.91104499265669,569800,0.07%
542,2024-02-23,42.363922119140625,42.186708102728495,42.57067430872025,41.87166179702875,668100,0.63%
543,2024-02-26,42.866031646728516,42.44268745053686,43.249994114053884,42.44268745053686,397500,1.19%
544,2024-02-27,43.56504440307617,43.318914208708506,43.73241113253479,43.08262756963012,506800,1.63%
545,2024-02-28,43.781639099121094,43.48627986862527,44.037612842482375,43.32875669833018,523000,0.50%
546,2024-02-29,45.34702682495117,44.8449191423006,45.642382297049316,44.78585030127012,802600,3.58%
547,2024-03-01,46.429996490478516,45.878663541354435,46.6564358028915,45.878663541354435,931600,2.39%
548,2024-03-04,45.0615119934082,45.6620702093669,45.92789124375755,44.963057671977396,510600,-2.95%
549,2024-03-05,42.69866180419922,43.71272068133862,44.00807614087838,42.580520371512996,753300,-5.24%
550,2024-03-06,43.94900131225586,43.505966267646784,44.25420406646395,43.12200381420166,488700,2.93%
551,2024-03-07,44.06714630126953,43.91947044489407,44.30343292937824,43.860397848954754,354900,0.27%
552,2024-03-08,43.496124267578125,43.909621153553935,44.520026683777814,43.45674253872851,464100,-1.30%
553,2024-03-11,45.39624786376953,44.59878478363117,45.61284360901289,44.59878478363117,512300,4.37%
554,2024-03-12,45.78021240234375,46.006651711935596,46.01649902206695,45.50454780904035,289200,0.85%
555,2024-03-13,45.75067901611328,45.602999405996215,46.06572534575776,45.42578537611514,313000,-0.06%
556,2024-03-14,44.63816452026367,45.4257802555926,45.563612539819154,44.45110695676308,333300,-2.43%
557,2024-03-15,44.63816452026367,44.244354774775175,44.73661507881176,44.06714076487015,321100,0.00%
558,2024-03-18,45.39624786376953,45.37655700005211,45.69160330823433,45.100892419304735,330600,1.70%
559,2024-03-19,44.98274612426758,44.963055261037255,45.18949831036195,44.75630683059103,195100,-0.91%
560,2024-03-20,45.927886962890625,44.85475937103366,46.134635385152094,44.805530337082644,286900,2.10%
561,2024-03-21,45.356868743896484,45.41594133844482,45.87866351763716,45.32733432444655,200800,-1.24%
562,2024-03-22,44.5200309753418,44.53972184166473,45.07136020978895,44.4018857774042,282200,-1.85%
563,2024-03-25,44.047454833984375,44.06714194170129,44.648009266202685,44.008073107254205,563400,-1.06%
564,2024-03-26,44.00807189941406,44.16559504636321,44.648008040798935,43.998224590177706,467500,-0.09%
565,2024-03-27,44.697242736816406,43.663492963656935,44.75631157712366,43.60442412334968,265300,1.57%
566,2024-03-28,44.58894348144531,44.50033646806618,44.79569192744714,44.30343157659607,209800,-0.24%
567,2024-04-01,44.874454498291016,44.7661566223431,45.20918792482334,44.62832432773606,334500,0.64%
568,2024-04-02,44.657859802246094,44.41172962587185,44.923680843408086,44.41172962587185,575500,-0.48%
569,2024-04-03,45.100894927978516,44.441264101522805,45.179654631580846,44.441264101522805,422900,0.99%
570,2024-04-04,44.55940246582031,45.45531609702739,45.701446256761734,44.48064276764238,524700,-1.20%
571,2024-04-05,44.273895263671875,44.224666226173646,44.53971629243958,43.99822692514522,316000,-0.64%
572,2024-04-08,45.02212905883789,44.27389501424829,45.18949952296277,44.27389501424829,298400,1.69%
573,2024-04-09,45.91803741455078,45.60299114199778,46.10509872088701,45.47500242013317,469000,1.99%
574,2024-04-10,44.59878158569336,44.69723589722082,45.02212573614153,44.24435357549043,474000,-2.87%
575,2024-04-11,45.130428314208984,45.18950090729473,45.23872619037534,44.30343078925038,708500,1.19%
576,2024-04-12,43.39767074584961,44.342809639988914,44.43141664604248,43.26968201362821,420500,-3.84%
577,2024-04-15,43.34844207763672,43.978534679068794,44.401878849839996,43.210609790529475,377900,-0.11%
578,2024-04-16,42.07841491699219,42.196556345329725,42.33438863766491,41.88151003266409,532900,-2.93%
579,2024-04-17,42.48207092285156,42.52144889768553,42.92510224600983,42.33439131136645,348600,0.96%
580,2024-04-18,42.245784759521484,42.541140230086576,42.78727041483225,42.11779601187214,276000,-0.56%
581,2024-04-19,41.76336669921875,41.66491613051649,42.12764206584373,41.55661825155492,419400,-1.14%
582,2024-04-22,41.67476272583008,41.428632552648416,41.8027477118177,41.093895366895424,529200,-0.21%
583,2024-04-23,41.684608459472656,41.290798659534936,41.87166604883635,41.03482491852943,589700,0.02%
584,2024-04-24,41.24156951904297,41.92089117266413,41.92089117266413,41.00528666568206,603300,-1.06%
585,2024-04-25,41.546775817871094,40.926526702496915,41.64522638922954,40.84776699653987,277100,0.74%
586,2024-04-26,42.14733123779297,41.842128478037424,42.28516353069925,41.842128478037424,219700,1.45%
587,2024-04-29,44.22467041015625,43.42721100405581,44.303433873086405,43.3386039860837,612700,4.93%
588,2024-04-30,43.14169692993164,43.60442286241646,43.69302987596359,42.96448290283739,602700,-2.45%
589,2024-05-01,43.37798309326172,42.87587543658008,44.17544245111735,42.688817856910525,253100,0.55%
590,2024-05-02,44.92367935180664,43.77178821168425,45.012286362585286,43.55519621750737,563300,3.56%
591,2024-05-03,45.2879524230957,45.238727138982895,45.740831045971035,45.140272815108844,286200,0.81%
592,2024-05-06,45.61284637451172,45.514392049955354,45.93773625642653,45.42578503567887,289600,0.72%
593,2024-05-07,45.356868743896484,45.58330805619241,45.7703693944379,45.3076434595971,205300,-0.56%
594,2024-05-08,44.825225830078125,44.500335955197976,44.87445486911461,44.38219452393686,213400,-1.17%
595,2024-05-09,45.74082946777344,45.19934384991858,45.79990206005969,45.19934384991858,261900,2.04%
596,2024-05-10,44.244361877441406,45.15012293520998,45.258420820387066,44.13606774791299,542400,-3.27%
597,2024-05-13,44.431419372558594,44.22466717531426,44.96305768585565,44.17544189240784,346300,0.42%
598,2024-05-14,45.08120346069336,44.43141995315204,45.39624978218925,44.43141995315204,564200,1.46%
599,2024-05-15,44.22467041015625,45.09104972414489,45.140275010651926,43.96869666693048,397300,-1.90%
600,2024-05-16,44.44126510620117,44.3034328050448,44.648013557935734,44.136066083825924,412100,0.49%
601,2024-05-17,45.09104537963867,44.707082923970354,45.41593899944926,44.61847591453549,341600,1.46%
602,2024-05-20,44.93352127075195,44.7956889824788,45.061510005140526,44.657856694205655,248900,-0.35%
603,2024-05-21,44.42156982421875,44.392035407092784,44.795688715623015,44.273893982940756,178300,-1.14%
604,2024-05-22,44.11637496948242,44.0671459287915,44.42157399013448,43.91947007366426,463300,-0.69%
605,2024-05-23,43.17123031616211,43.91946813613249,43.98838428328129,43.04324533182767,377800,-2.14%
606,2024-05-24,43.60441970825195,43.161384672563656,43.65364498873995,43.141693809238824,461200,1.00%
607,2024-05-28,43.34844207763672,43.48627436474396,43.79147711165869,43.12200278372508,391000,-0.59%
608,2024-05-29,42.68881607055664,42.944789787585016,43.28937426916535,42.61989992537022,602500,-1.52%
609,2024-05-30,43.03339767456055,42.600209930885796,43.19092083186485,42.53129378429318,529300,0.81%
610,2024-05-31,42.78726577758789,42.9940142090114,43.30906426653771,42.21624576380181,417200,-0.57%
611,2024-06-03,42.964481353759766,42.875874343407354,43.456741687795784,42.708507632546294,236200,0.41%
612,2024-06-04,43.01370620727539,43.023553517021,43.29921809952591,42.866030361925596,507200,0.11%
613,2024-06-05,43.39767074584961,43.23030028746037,43.41735785328541,42.86602870952821,363100,0.89%
614,2024-06-06,43.230308532714844,42.87588044090102,43.27953382198925,42.65928841696388,305500,-0.39%
615,2024-06-07,42.00949478149414,42.19655611060702,42.5509841492964,41.84212807191764,187400,-2.82%
616,2024-06-10,42.1768684387207,41.714142491451156,42.25562814458549,41.67476451634303,512700,0.40%
617,2024-06-11,41.645225524902344,41.55661851025931,41.84213041918113,41.34987006130841,371400,-1.26%
618,2024-06-12,41.6944465637207,42.058721895518445,42.48206606063078,41.576305141443434,326200,0.12%
619,2024-06-13,40.7591552734375,41.399091424668576,41.5861527465569,40.70008268405464,870500,-2.24%
620,2024-06-14,40.079833984375,40.43426201241854,40.58194160931941,39.873085553232315,447600,-1.67%
621,2024-06-17,40.38503646850586,40.08968103227936,40.48348702869865,40.01091757960662,311800,0.76%
622,2024-06-18,40.562252044677734,40.24720573314087,40.76900048243975,40.24720573314087,398600,0.44%
623,2024-06-20,39.46943283081055,39.62695598387455,39.87308614526508,39.30206236812792,416000,-2.69%
624,2024-06-21,38.95748519897461,38.849187317177815,39.04609221538575,38.71135501512683,273400,-1.30%
625,2024-06-24,39.055931091308594,38.79011382956894,39.23314510290044,38.79011382956894,294800,0.25%
626,2024-06-25,38.37661361694336,38.76057606084141,38.88856479402347,38.268315746993004,308300,-1.74%
627,2024-06-26,39.538352966308594,38.87872586991439,39.67618526969553,38.87872586991439,346700,3.03%
628,2024-06-27,39.06282043457031,39.12226306334419,39.20151612253531,38.76561484904903,248500,-1.20%
629,2024-06-28,38.44859313964844,38.646727667348486,38.775518133692614,38.21082641556496,295100,-1.57%
630,2024-07-01,38.61701202392578,38.42878269251699,38.96375503968839,38.42878269251699,597900,0.44%
631,2024-07-02,38.63682556152344,38.70617340763326,38.92412594064939,38.35943417708413,325100,0.05%
632,2024-07-03,40.112953186035156,39.03310326553535,40.21202046054277,39.03310326553535,286700,3.82%
633,2024-07-05,39.72657775878906,39.82564880252896,39.92471606709496,39.47890581820017,417700,-0.96%
634,2024-07-08,39.67704772949219,39.47890940319378,39.84546662955682,39.44918997696001,381200,-0.12%
635,2024-07-09,39.10245132446289,39.2708664478692,39.488818987970824,38.904312995204535,335400,-1.45%
636,2024-07-10,39.607696533203125,39.142072072648084,39.68695336869076,39.102447434078194,352700,1.29%
637,2024-07-11,40.4795036315918,40.192203266004434,40.9154048979087,40.16248384169332,560200,2.20%
638,2024-07-12,41.03428649902344,40.429970120875176,41.19280017362837,40.42006112662536,344900,1.37%
639,2024-07-15,40.13276290893555,40.52903955831712,40.52903955831712,40.093138267336755,426700,-2.20%
640,2024-07-16,40.92531204223633,40.301177705696986,41.03428451950932,40.23182986598971,349600,1.97%
641,2024-07-17,40.0931396484375,40.43987889420996,40.82624656212051,39.85537289478329,438800,-2.03%
642,2024-07-18,39.72657775878906,40.19220221643183,40.67764088282258,39.69685833525404,336200,-0.91%
643,2024-07-19,39.63741683959961,40.013879258201364,40.013879258201364,39.60769741521689,237000,-0.22%
644,2024-07-22,39.716670989990234,39.696856782017534,39.80583303628051,39.379837012801836,216400,0.20%
645,2024-07-23,38.78542709350586,39.112352087262806,39.151980504437546,38.686356050569,283800,-2.34%
646,2024-07-24,37.60650634765625,38.210826484077,38.29008331863823,37.56687793037564,361200,-3.04%
647,2024-07-25,38.03250503540039,37.74520465885914,38.6071057884829,37.74520465885914,366300,1.13%
648,2024-07-26,38.626922607421875,38.537760545892944,38.825057162664486,38.3198080001168,230600,1.56%
649,2024-07-29,38.08203887939453,38.10185308952389,38.21082935564828,37.804647495931846,390800,-1.41%
650,2024-07-30,37.88390350341797,38.06222383231277,38.23064272512186,37.72539360504275,274800,-0.52%
651,2024-07-31,38.805240631103516,38.63682551338212,39.30058454794175,38.57738288285883,235300,2.43%
652,2024-08-01,37.59659957885742,38.547658879236536,38.73588818477812,37.35883286417578,238900,-3.11%
653,2024-08-02,36.9427490234375,37.111164135682124,37.220140398510544,36.54647239118396,498100,-1.74%
654,2024-08-05,35.9322509765625,34.85240100267324,36.219551377683146,34.832586790957215,634200,-2.74%
655,2024-08-06,35.605316162109375,35.75392083539248,35.82326867514491,35.397272642852094,367200,-0.91%
656,2024-08-07,35.347740173339844,36.170009062792005,36.51675205212519,35.268483337204046,171700,-0.72%
657,2024-08-08,35.952064514160156,35.4567205680709,36.189827491945344,35.38737271795235,229700,1.71%
658,2024-08-09,35.823272705078125,35.80345849446646,35.91243476324349,35.545881314863315,220800,-0.36%
659,2024-08-12,35.189231872558594,35.644947363438746,35.644947363438746,35.100069817458206,248600,-1.77%
660,2024-08-13,36.011497497558594,35.51615363223221,36.08084533637039,35.31801910944068,239900,2.34%
661,2024-08-14,35.24867630004883,35.635043965464064,35.71429703005406,34.991095336989126,195800,-2.12%
662,2024-08-15,36.02140808105469,35.36755430113212,36.2096373976839,35.36755430113212,294000,2.19%
663,2024-08-16,36.04122543334961,35.833178110413336,36.189826344962064,35.833178110413336,198700,0.06%
664,2024-08-19,36.39787292480469,35.96196785628928,36.49694019719045,35.942153645977285,226300,0.99%
665,2024-08-20,36.16010284423828,36.20963647586137,36.3978695668725,36.1303834210992,227100,-0.65%
666,2024-08-21,37.447994232177734,36.804049495919806,37.49752786124778,36.72479266606881,425300,3.56%
667,2024-08-22,36.59600830078125,37.44800046767719,37.44800046767719,36.55638365843147,205200,-2.28%
668,2024-08-23,37.35883712768555,36.71489230628665,37.4479991834699,36.71489230628665,183400,2.08%
669,2024-08-26,37.16069793701172,37.49753194218957,37.636231409523795,37.11116430255081,291500,-0.53%
670,2024-08-27,36.972469329833984,37.11116502067801,37.329117551532406,36.77433100898218,126900,-0.51%
671,2024-08-28,36.36814880371094,36.714891806675745,36.813959076566206,36.17991947924942,513100,-1.63%
672,2024-08-29,37.05172348022461,36.67526107585136,37.52725314824531,36.67526107585136,231600,1.88%
673,2024-08-30,37.55698013305664,37.65604741664984,37.923533617361045,37.32912235745257,215700,1.36%
674,2024-09-03,36.28889465332031,36.99228207426171,37.1805113930678,36.19973260142817,440300,-3.38%
675,2024-09-04,36.378055572509766,36.051126799360134,36.7743284070008,36.01149838215887,196900,0.25%
676,2024-09-05,36.39787292480469,36.199734600858974,36.764426367641036,36.199734600858974,190000,0.05%
677,2024-09-06,34.68397903442383,35.83317675840174,35.83317675840174,34.63444539908861,263900,-4.71%
678,2024-09-09,35.040626525878906,34.971278682018784,35.30811268612825,34.971278682018784,182300,1.03%
679,2024-09-10,34.76323318481445,34.555189664997535,34.85239523318939,34.32733193674465,265100,-0.79%
680,2024-09-11,37.35883712768555,37.05172631934154,37.52725602380007,36.56628762025467,821300,7.47%
681,2024-09-12,37.32911682128906,37.23995476760867,37.36874524051903,36.86349234327213,369100,-0.08%
682,2024-09-13,36.79414367675781,36.79414367675781,37.05172461682089,36.61581957338306,401000,-1.43%
683,2024-09-16,36.932838439941406,36.81395696705019,37.08144311543584,36.675261285481454,182000,0.38%
684,2024-09-17,36.90311813354492,36.863489717138066,37.20032369824878,36.74460824709128,120900,-0.08%
685,2024-09-18,36.467220306396484,36.67526384325879,37.210236177339716,36.30871040509556,185900,-1.18%
686,2024-09-19,37.27958679199219,37.190424729689305,37.42818770971404,36.992286393552405,312600,2.23%
687,2024-09-20,36.427589416503906,36.71488977412492,36.81395703853097,36.24926531723389,348800,-2.29%
688,2024-09-23,36.91302490234375,36.596005116087824,37.130977422584934,36.546471483080445,278300,1.33%
689,2024-09-24,39.10245132446289,38.61701260673863,39.30058587454695,38.61701260673863,657000,5.93%
690,2024-09-25,38.5773811340332,38.854776284725915,39.201515499124305,38.51794228537862,317200,-1.34%
691,2024-09-26,40.727176666259766,40.14267070443021,40.85596714033722,40.13276170994589,634000,5.57%
692,2024-09-27,42.114139556884766,41.70795768264393,42.391534729440814,41.70795768264393,680500,3.41%
693,2024-09-30,43.18408203125,43.243524660686035,43.87756425797397,42.95622428717303,704800,2.54%
694,2024-10-01,43.699241638183594,43.43175546536622,43.788403695789384,42.89678311973148,232400,1.19%
695,2024-10-02,44.977230072021484,44.58095341885089,45.016854713999145,44.21439997113135,402700,2.92%
696,2024-10-03,44.07570266723633,44.145050512133416,44.43234710706103,43.77849329862125,276700,-2.00%
697,2024-10-04,45.640987396240234,44.80880947935149,45.75986887603174,44.80880947935149,797300,3.55%
698,2024-10-07,48.51398468017578,46.88925722905077,48.66258558850598,46.88925722905077,1045200,6.29%
699,2024-10-08,46.47316360473633,46.26512007795552,46.62176828339345,45.7994956120589,577400,-4.21%
700,2024-10-09,45.30415344238281,44.94750522340229,45.65089644602459,44.719647478870094,375000,-2.52%
701,2024-10-10,45.314064025878906,44.99704043631072,45.51219857299444,44.72955804186989,175300,0.02%
702,2024-10-11,44.48188400268555,43.867654841937906,44.70974174457294,43.59026346558353,314000,-1.84%
703,2024-10-14,43.61997985839844,43.719050899620036,44.28374260747483,43.243521239277776,240800,-1.94%
704,2024-10-15,42.10423278808594,42.97603913692566,43.19398788975497,42.02497594765771,613100,-3.47%
705,2024-10-16,42.411346435546875,42.26274175262621,42.589670543382034,42.20329912362313,262800,0.73%
706,2024-10-17,41.37112045288086,41.86646434794453,41.886278557247955,41.21261055762744,389300,-2.45%
707,2024-10-18,42.460880279541016,42.639204388255656,42.94631519168434,42.4410660697756,414200,2.63%
708,2024-10-21,41.985355377197266,42.203304151157226,42.40144249226362,41.757497607636,168100,-1.12%
709,2024-10-22,42.649112701416016,42.06460669798939,42.72836954623458,41.76740108826851,304700,1.58%
710,2024-10-23,42.114139556884766,42.53023042613169,42.63920669615289,41.89619079601666,161600,-1.25%
711,2024-10-24,42.48069381713867,42.39153176419215,42.48069381713867,41.98534991836337,225900,0.87%
712,2024-10-25,43.30296325683594,43.45156793996692,43.76858773675055,43.2336154124879,289700,1.94%
713,2024-10-28,44.085609436035156,43.57045129923676,44.363000825398046,43.550637088685946,205600,1.81%
714,2024-10-29,43.33268356323242,43.738865386897714,43.88746628091741,43.322774569460144,202400,-1.71%
715,2024-10-30,42.92650604248047,42.96613068402003,43.27324527579041,42.80762078033917,235900,-0.94%
716,2024-10-31,42.95622253417969,42.90668890125812,42.966127749094426,42.57976012146268,142000,0.07%
717,2024-11-01,43.27324676513672,43.29306097617555,43.5011045233218,43.0255747959128,221300,0.74%
718,2024-11-04,43.66952133178711,43.511007651083794,44.16486524646251,43.511007651083794,199400,0.92%
719,2024-11-05,44.79890823364258,44.57105046919591,44.84844187301369,44.52151305065036,353900,2.59%
720,2024-11-06,43.451568603515625,43.144454017302884,43.58035907891763,42.87696785108678,573600,-3.01%
721,2024-11-07,44.91778564453125,44.18467499922686,45.14564338828386,44.174769783922,458800,3.37%
722,2024-11-08,43.96672821044922,43.84784294644524,44.40262950760767,43.5407321290373,267000,-2.12%
723,2024-11-11,46.56232833862305,45.91837973290858,46.60195675910453,45.91837973290858,545500,5.90%
724,2024-11-12,45.442848205566406,46.13633041953538,46.235397687599225,45.343780937502565,235100,-2.40%
725,2024-11-13,45.94810104370117,46.25521184183693,46.5425122097228,45.769776938059884,276500,1.11%
726,2024-11-14,44.3134651184082,45.18527144604441,45.44284861282321,44.25402248953276,243700,-3.56%
727,2024-11-15,43.451568603515625,43.253430282706574,43.491197023512264,43.06520095648375,301700,-1.94%
728,2024-11-18,43.897377014160156,43.560543016858155,44.04597791406829,43.50110038939052,243200,1.03%
729,2024-11-19,44.788997650146484,44.49179204528361,44.897973920403544,44.35309634829256,317800,2.03%
730,2024-11-20,44.85834503173828,44.64039627266697,44.967321300861066,44.53142000354418,338300,0.15%
731,2024-11-21,45.14564514160156,44.878158967893,45.23480719950442,44.68002064153397,178900,0.64%
732,2024-11-22,44.551231384277344,44.16486374860213,44.73946070496746,44.02616428269075,788900,-1.32%
733,2024-11-25,45.06639099121094,45.16545826241306,45.35368758936675,44.90788108978305,475300,1.16%
734,2024-11-26,43.52091598510742,44.17476979138709,44.17476979138709,43.461473355745966,701400,-3.43%
735,2024-11-27,44.234214782714844,44.08561009096323,44.55123459788895,43.996448031747114,228500,1.64%
736,2024-11-29,44.28374481201172,43.99644444692738,44.323373230473145,43.70914408184304,115500,0.11%
737,2024-12-02,44.73945999145508,44.1450488351536,44.85834146688058,44.12523462605369,293900,1.03%
738,2024-12-03,43.956817626953125,44.26393221243638,44.28374642238764,43.50110213559665,259600,-1.75%
739,2024-12-04,42.94631576538086,43.471382883243194,43.59026436424966,42.668924383307726,501300,-2.30%
740,2024-12-05,42.93640899658203,42.77789910125,43.283148211628976,42.77789910125,228100,-0.02%
741,2024-12-06,43.768585205078125,43.38221758629483,43.84783826010282,43.27324132885875,320200,1.94%
742,2024-12-09,45.41313171386719,44.68002103365707,46.20568124708469,44.66021060210413,584000,3.76%
743,2024-12-10,43.62989044189453,44.01625806880273,44.22430159418807,43.56054260009942,223700,-3.93%
744,2024-12-11,43.867652893066406,43.63979516130186,43.867652893066406,43.34258958852958,225200,0.54%
745,2024-12-12,43.9964485168457,43.88747224558286,44.125238999172176,43.83793860751094,312700,0.29%
746,2024-12-13,43.35249710083008,43.4416591553044,43.5605444140529,43.14445356678136,164900,-1.46%
747,2024-12-16,43.12464141845703,42.82743581572681,43.26333711445285,42.67883490394884,245500,-0.53%
748,2024-12-17,43.045387268066406,42.75808688837077,43.14445454008426,42.75808688837077,301100,-0.18%
749,2024-12-18,41.57917022705078,42.74818219106935,43.0949214265095,41.36121769096027,496500,-3.41%
750,2024-12-19,41.509822845458984,41.66833275189121,42.173581897651964,41.43056600265574,661100,-0.17%
751,2024-12-20,41.767398834228516,41.28196013384815,42.2825569602248,41.14326444207495,356500,0.62%
752,2024-12-23,41.75749206542969,41.470191697915695,41.807025699338375,41.36121543581218,344100,-0.02%
753,2024-12-24,42.34199905395508,41.807026724604114,42.36180948466516,41.727769885067325,208000,1.40%
754,2024-12-26,41.95562744140625,41.707955487728114,42.094326909972246,41.707955487728114,251700,-0.91%
755,2024-12-27,41.57917022705078,41.658423289791,41.95562888862174,41.44047453287472,250600,-0.90%
756,2024-12-30,41.28104019165039,41.24128864217534,41.45991837337169,41.08228623519157,330100,-0.72%
757,2024-12-31,40.52577590942383,40.843780723345354,41.13197377062311,40.43633681857612,267800,-1.83%
758,2025-01-02,39.86988830566406,40.08851802475841,40.257456414301345,39.651262377485914,664600,-1.62%
759,2025-01-03,40.42639923095703,39.67113498451788,40.43633522247396,39.67113498451788,185800,1.40%
760,2025-01-06,40.69471740722656,40.92328312641379,41.330727024254735,40.69471740722656,262900,0.66%
761,2025-01-07,40.823909759521484,41.02265993000095,41.47979517848662,40.635091790282885,282100,0.32%
762,2025-01-08,40.376712799072266,40.45621210613711,40.595338736687864,40.19783461953091,288300,-1.10%
763,2025-01-10,39.52207565307617,39.601574964571824,39.67113828372424,39.29350992001588,466600,-2.12%
764,2025-01-13,40.2773323059082,39.51213207775298,40.2773323059082,39.51213207775298,346700,1.91%
765,2025-01-14,40.9133415222168,40.93321729572856,41.30091341932197,40.77421489855061,238500,1.58%
766,2025-01-15,41.608978271484375,41.45991565709352,41.65866580961466,41.31084925178649,343600,1.70%
767,2025-01-16,41.360538482666016,41.38041425691481,41.539416659988866,41.23135163642331,168600,-0.60%
768,2025-01-17,42.016422271728516,41.638793948107924,42.32449107449747,41.529479089353906,337800,1.59%
769,2025-01-21,41.936927795410156,42.27480840184912,42.304620170061895,41.60898318140325,232400,-0.19%
770,2025-01-22,41.3207893371582,41.738169209614576,41.847484068853014,41.31084955490952,238800,-1.47%
771,2025-01-23,41.03260040283203,40.88353398155013,41.17172704087297,40.853722213660376,264600,-0.70%
772,2025-01-24,41.231353759765625,41.231353759765625,41.529482807018056,41.20153820139882,130200,0.48%
773,2025-01-27,40.75434112548828,40.565526954232716,40.97297085393309,40.53571518795983,266100,-1.16%
774,2025-01-28,40.41646194458008,40.43633771975768,40.61521590543965,39.94939449611405,222400,-0.83%
775,2025-01-29,40.53571319580078,40.48602565748244,40.74440313128749,40.3866467899296,124400,0.30%
776,2025-01-30,40.853721618652344,40.61521610625829,41.092223340129884,40.61521610625829,169500,0.78%
777,2025-01-31,40.237586975097656,40.55559179156428,41.181661641592456,40.05870879197062,207500,-1.51%
778,2025-02-03,39.3829460144043,39.055001428312984,39.661199269815384,38.97550212287394,315900,-2.12%
779,2025-02-04,40.09845733642578,39.293509287500534,40.197836212841345,39.25375773693431,126100,1.82%
780,2025-02-05,40.11833190917969,40.09845613449234,40.50590003829192,40.0785841507214,122300,0.05%
781,2025-02-06,40.8835334777832,40.804034167417925,41.01272412190786,40.73447084925461,254300,1.91%
782,2025-02-07,40.8835334777832,41.14191476603252,41.47979536464711,40.784158392097474,230700,0.00%
783,2025-02-10,40.7642822265625,40.88353308642715,40.9829119620781,40.72453067630212,157100,-0.29%
784,2025-02-11,40.00901794433594,39.99908195222684,40.26739923017039,39.859955317200516,302200,-1.85%
785,2025-02-12,41.17172622680664,40.26739930650472,41.241289544451675,40.26739930650472,526500,2.91%
786,2025-02-13,42.06611633300781,41.04253478167251,42.15555163316115,41.04253478167251,353200,2.17%
787,2025-02-14,42.076053619384766,42.155552930050064,42.47356154546085,42.076053619384766,324400,0.02%
788,2025-02-18,42.09592819213867,41.74810781902986,42.235054825015624,41.59904519419731,196600,0.05%
789,2025-02-19,41.97667694091797,41.82761052656521,42.17542710549979,41.68848389499138,252700,-0.28%
790,2025-02-20,42.572933197021484,42.33442770243355,42.81143869160941,42.33442770243355,310300,1.42%
791,2025-02-21,42.324493408203125,42.88100372394681,43.00025458056461,42.23505431801068,248600,-0.58%
792,2025-02-24,41.98661422729492,42.264867499021584,42.453685468478824,41.77792427349993,194300,-0.80%
793,2025-02-25,41.48973083496094,42.006489614042884,42.115804481472054,41.330728425313914,243600,-1.18%
794,2025-02-26,41.7381706237793,41.7381706237793,42.16549029296272,41.65866752676084,248900,0.60%
795,2025-02-27,41.5394172668457,41.8574220776396,42.006488491225156,41.44997817687764,200300,-0.48%
796,2025-02-28,40.48603057861328,40.366775923054306,40.68478075604497,40.05871087348521,260000,-2.54%
797,2025-03-03,40.31708526611328,41.35060278900104,41.59904428252696,40.13820708750131,335000,-0.42%
798,2025-03-04,40.04876708984375,39.25375508677585,40.48602653471829,39.015249590397346,462500,-0.67%
799,2025-03-05,40.565528869628906,39.75064103175133,40.704655506693385,39.75064103175133,259400,1.29%
800,2025-03-06,40.71459197998047,40.18789345130436,40.9332179100587,40.18789345130436,191100,0.37%
801,2025-03-07,40.49596405029297,40.07858415456786,40.8437806300639,40.07858415456786,207200,-0.54%
802,2025-03-10,39.6015739440918,39.66120126936445,40.446277326330254,39.35313244183045,415900,-2.21%
803,2025-03-11,39.73076248168945,39.72082649012869,40.02889151042415,39.28356704312927,339200,0.33%
804,2025-03-12,39.90964126586914,40.02889212099874,40.207770299151306,39.68107554732227,135600,0.45%
805,2025-03-13,39.6015739440918,39.52207463464473,39.760576353902394,39.363072224834134,150600,-0.77%
806,2025-03-14,40.58540344238281,40.08852044421011,40.605279217219696,40.08852044421011,186800,2.48%
807,2025-03-17,41.34066390991211,40.69471828717636,41.41022722634647,40.69471828717636,180400,1.86%
808,2025-03-18,41.231353759765625,40.93322092159668,41.350604620483296,40.91334514632431,188100,-0.26%
809,2025-03-19,41.221412658691406,41.13197356828368,41.43010260600398,41.03259848601571,122400,-0.02%
810,2025-03-20,40.744407653808594,40.70465610237514,40.804034980958775,40.42640282417415,145600,-1.16%
811,2025-03-21,40.14814758300781,39.8599545355808,40.17795934966702,39.68107635379275,189300,-1.46%
812,2025-03-24,40.545650482177734,40.40652385407605,40.65496534451943,40.27733321758892,98800,0.99%
813,2025-03-25,40.39658737182617,40.446274911128114,40.595337529033934,40.336960050114094,285300,-0.37%
814,2025-03-26,40.05870819091797,40.47608808467426,40.585402949491304,39.780451137497394,123500,-0.84%
815,2025-03-27,39.999080657958984,39.989144666171384,40.26739792722047,39.83014226115529,118100,-0.15%
816,2025-03-28,39.12456512451172,39.651263665722254,39.651263665722254,38.99537827804625,214300,-2.19%
817,2025-03-31,38.55812072753906,38.259991680420384,38.66743559602976,37.98173840856516,349100,-1.45%
818,2025-04-01,38.36930465698242,38.160614713381165,38.627682140834025,37.991672527430396,146000,-0.49%
819,2025-04-02,38.379241943359375,37.872422950242566,38.50843258510148,37.872422950242566,87100,0.03%
820,2025-04-03,36.838905334472656,37.07741084259079,37.29603678487292,36.77927800971401,226600,-4.01%
821,2025-04-04,34.702308654785156,35.23894323173543,35.37806987222255,34.10605054100704,585400,-5.80%
822,2025-04-07,32.60546112060547,32.27751654816356,34.27498816541704,32.1582656995102,449600,-6.04%
823,2025-04-08,31.621633529663086,33.350788021968924,33.788043693269564,31.24400328709286,437500,-3.02%
824,2025-04-09,34.791744232177734,32.54583485378246,34.92093486709968,32.02907610501093,378000,10.03%
825,2025-04-10,34.0662956237793,34.38430042516759,34.57311838224681,33.62903996959947,344700,-2.09%
826,2025-04-11,35.26875686645508,34.33461440401766,35.32838040002926,34.33461440401766,285200,3.53%
827,2025-04-14,35.666263580322266,35.706015132869354,35.954456649913574,35.328382965505455,130900,1.13%
828,2025-04-15,35.3283805847168,35.27869304283975,35.616573634886706,35.238941492971534,97200,-0.95%
829,2025-04-16,34.75199508666992,34.85137016130599,35.18925072235116,34.45386228092952,109900,-1.63%
830,2025-04-17,34.84143829345703,34.89112583665525,35.02031648170386,34.72218364068145,103800,0.26%
831,2025-04-21,34.78181076049805,34.920937396993395,35.02031627371616,34.4836817121628,145100,-0.17%
832,2025-04-22,35.24888229370117,34.831498589865916,35.477448025668544,34.831498589865916,97000,1.34%
833,2025-04-23,35.745765686035156,35.81532900558935,36.282396466750846,35.71595012700008,217100,1.41%
834,2025-04-24,36.50102233886719,35.73582211398152,36.58052543330963,35.73582211398152,117700,2.11%
835,2025-04-25,36.74946212768555,36.47120889180283,36.78921367307337,36.29233072847365,152900,0.68%
836,2025-04-28,36.381771087646484,36.36189531425465,36.689836097929444,36.06376629520953,109000,-1.00%
837,2025-04-29,36.55071258544922,36.37183440061697,36.6103399106988,36.073705356202034,139900,0.46%
838,2025-04-30,36.41158676147461,36.272460123711134,36.47121408805177,35.974331072658465,254200,-0.38%
839,2025-05-01,36.25258255004883,36.501024045422724,36.83890463076788,36.2227707836972,77500,-0.44%
840,2025-05-02,37.236412048339844,36.98797055624453,37.38547466904724,36.978030773647575,152300,2.71%
841,2025-05-05,36.898529052734375,37.08734320964054,37.24634560253943,36.898529052734375,55500,-0.91%
842,2025-05-06,37.06747055053711,36.59046333176917,37.24634873143963,36.59046333176917,144200,0.46%
843,2025-05-07,36.53083419799805,36.679900605003816,36.88859054207893,36.431459120605005,71200,-1.45%
844,2025-05-08,37.196659088134766,36.789215208197994,37.47491233562832,36.789215208197994,101900,1.82%
845,2025-05-09,37.43516159057617,37.10722079770685,37.604103773685296,37.10722079770685,56600,0.64%
846,2025-05-12,38.766807556152344,38.55811761908495,39.01524904054196,38.55811761908495,229400,3.56%
847,2025-05-13,38.94568634033203,38.607805764614724,39.03512542775474,38.607805764614724,164600,0.46%
848,2025-05-14,38.99538040161133,39.04506794456667,39.30344544248434,38.91587730014956,120100,0.13%
849,2025-05-15,38.49849319458008,38.57799249646131,38.7270588999983,38.230175942763175,128900,-1.27%
850,2025-05-16,38.33949661254883,38.24011773148531,38.35936859784484,38.061239536487676,143500,-0.41%
851,2025-05-19,37.96186065673828,37.65379184256987,38.021484188507685,37.65379184256987,220500,-0.98%
852,2025-05-20,37.99167251586914,37.73329503209616,38.12086315321379,37.60410439475151,127200,0.08%
853,2025-05-21,37.63391876220703,38.07117824470239,38.200365100060935,37.584231218537084,132000,-0.94%
854,2025-05-22,37.37554168701172,37.31591435937751,37.4848565588828,36.97803375128357,145100,-0.69%
855,2025-05-23,37.28609848022461,36.948217909382016,37.41528911373048,36.90846636200849,136700,-0.24%
856,2025-05-27,37.127098083496094,36.97803166826598,37.127098083496094,36.759405727755926,215900,-0.43%
857,2025-05-28,36.679901123046875,36.888591063069384,36.97803015035279,36.6302135836486,267100,-1.20%
858,2025-05-29,36.79915237426758,37.02771809070769,37.127096961496626,36.729589060173474,131300,0.33%
859,2025-05-30,35.93457794189453,36.322146070316855,36.322146070316855,35.77557553559521,241800,-2.35%
860,2025-06-02,35.69607162475586,35.616572318873324,35.7755747215547,35.39794259359283,178600,-0.66%
861,2025-06-03,36.073707580566406,35.706015196146026,36.222774007423794,35.6364518745237,145400,1.06%
862,2025-06-04,36.93827819824219,36.560649870214775,37.047593058271886,36.431459236460014,157700,2.40%
863,2025-06-05,36.9283447265625,37.5146668232513,37.5146668232513,36.699778999502996,247900,-0.03%
864,2025-06-06,36.987972259521484,36.89853316661189,36.987972259521484,36.729590972930886,173200,0.16%
865,2025-06-09,37.345726013183594,36.679900859105814,37.54447616934653,36.679900859105814,159500,0.97%
866,2025-06-10,37.51466751098633,37.256290012026525,37.54447927869647,37.256290012026525,152800,0.45%
867,2025-06-11,37.73329544067383,37.84261030492479,38.15067533226873,37.6041048019303,193000,0.58%
868,2025-06-12,37.3656005859375,37.70348118211627,37.70348118211627,37.156910632952034,246100,-0.97%
869,2025-06-13,36.69977951049805,36.66996774291934,36.99790855903468,36.6103404168454,162900,-1.78%
870,2025-06-16,36.85878372192383,36.85878372192383,37.06747368699625,36.769344623904686,121300,0.43%
871,2025-06-17,36.39170837402344,36.799152265766,36.8488435964721,36.23270597214625,260300,-1.27%
872,2025-06-18,36.48114776611328,36.03395232244459,36.679901717845624,36.03395232244459,128700,0.25%
873,2025-06-20,36.01408004760742,36.272457529126804,36.62027409865602,35.88488941138959,233600,-1.28%
874,2025-06-23,36.60040283203125,35.954453429211966,36.630214598312755,35.954453429211966,188500,1.63%
875,2025-06-24,37.98173522949219,37.464976488644844,38.110922071516875,37.464976488644844,257600,3.77%
876,2025-06-25,37.88235855102539,37.9618616500199,37.981737424768525,37.63391705304217,132600,-0.26%
877,2025-06-26,38.50843048095703,38.13079835930013,38.746935976455134,38.11092258543227,283800,1.65%
878,2025-06-27,38.435630798339844,38.595197350411325,38.64506118461491,38.04668756543852,158800,-0.19%
879,2025-06-30,38.29601287841797,38.355847961367935,38.48549698170441,38.236173991101076,138500,-0.36%
880,2025-07-01,38.30598449707031,38.08657904580582,38.39574092673606,37.75747467327604,175900,0.03%
881,2025-07-02,38.88441467285156,38.35584735417056,39.12376260959625,38.35584735417056,199000,1.51%
882,2025-07-03,39.64235305786133,39.432922671735724,40.1509702533616,39.432922671735724,148900,1.95%
883,2025-07-07,38.325927734375,38.69492466938938,38.904355053773216,38.05665846686721,370600,-3.32%
884,2025-07-08,39.592491149902344,38.665009332661384,39.99140564702055,38.665009332661384,280800,3.30%
885,2025-07-09,39.30327606201172,39.412978786507445,39.52268151100317,39.063924317260415,183200,-0.73%
886,2025-07-10,40.150970458984375,39.41297657903852,40.41026848497259,39.41297657903852,327600,2.16%
887,2025-07-11,40.071189880371094,40.071189880371094,40.1808926009006,39.96148715984159,167000,-0.20%
888,2025-07-14,40.440185546875,40.19086257333771,40.50999567511611,40.101106150689624,1060100,0.92%
889,2025-07-15,39.83183670043945,40.210808683704286,40.34045769457295,39.74208027820217,199500,-1.50%
890,2025-07-16,39.622406005859375,39.5426246335891,39.65232354491491,39.20354524161553,510700,-0.53%
891,2025-07-17,41.307830810546875,40.32051390887556,41.44745487944369,39.911624360880666,478300,4.25%
892,2025-07-18,42.03585433959961,42.00593299617633,42.43476880969948,41.90620532974301,334500,1.76%
893,2025-07-21,42.38490676879883,42.793796305452574,42.793796305452574,42.38490676879883,941000,0.83%
894,2025-07-22,43.79108810424805,42.90349890314905,43.860898234377174,42.90349890314905,505800,3.32%
895,2025-07-23,43.35227966308594,43.50187116392243,43.661437714101346,43.132874229952435,460000,-1.00%
896,2025-07-24,44.35954284667969,44.239868885005215,44.81829620340403,44.239868885005215,518100,2.32%
897,2025-07-25,44.50914001464844,44.479218669702696,44.519111260052476,44.199978145987835,308000,0.34%
898,2025-07-28,43.142845153808594,43.781115154140146,44.04040936961342,43.11292761473731,461200,-3.07%
899,2025-07-29,42.82371520996094,43.15282338145169,43.38220007474817,42.68409494485585,350000,-0.74%
900,2025-07-30,41.87628936767578,42.544473127548194,42.634229552464895,41.71672281275351,458300,-2.21%
901,2025-07-31,40.869022369384766,41.24799436369104,41.50728858861633,40.57980679993085,363400,-2.41%
902,2025-08-01,40.689510345458984,40.64961775485572,40.87899824864109,40.300567097994204,196700,-0.44%
903,2025-08-04,41.37764358520508,41.13829184961322,41.467400010506175,41.10837430930178,201900,1.69%
904,2025-08-05,42.08572006225586,41.76658695010183,42.205394028221924,41.72669435999088,147900,1.71%
905,2025-08-06,42.0956916809082,42.10566673070779,42.13558427137292,41.896232532951416,271800,0.02%
906,2025-08-07,42.77384948730469,42.54447280412059,42.80376702726057,42.32506736613287,199000,1.61%
907,2025-08-08,43.81103515625,43.162793874573026,43.81103515625,43.15282262911089,257700,2.42%
908,2025-08-11,46.24442672729492,46.483778469583925,46.683237620763606,46.054942626076006,1100200,5.55%
909,2025-08-12,46.0250244140625,45.89537539703045,46.21450851251948,45.346865592556604,291600,-0.47%
910,2025-08-13,46.31423568725586,46.20453677103225,46.35412827735542,45.925292444702116,237000,0.63%
911,2025-08-14,45.21721649169922,45.56626714725363,45.56626714725363,44.90805462223187,327400,-2.37%
912,2025-08-15,45.87542724609375,45.84550970659146,46.134721465302505,45.7856708232202,164400,1.46%
913,2025-08-18,46.13472366333008,46.05494228606734,46.254401435774476,45.80561930002512,384900,0.57%
914,2025-08-19,45.2670783996582,46.12475003605431,46.12475003605431,45.20724332089258,241500,-1.88%
915,2025-08-20,44.8382453918457,44.87813798310096,45.24713494129484,44.54902981179544,381800,-0.95%
916,2025-08-21,44.928001403808594,44.57895074447568,45.18729944019893,44.539058153589956,244400,0.20%
917,2025-08-22,46.3840446472168,44.92799938462813,46.3840446472168,44.92799938462813,291700,3.24%
918,2025-08-25,46.27434539794922,45.965183541273284,46.60344974466017,45.965183541273284,297900,-0.24%
919,2025-08-26,46.23445510864258,46.20453756773543,46.60345206250914,45.965185827377724,205300,-0.09%
920,2025-08-27,46.653316497802734,46.154670519658225,46.673262793452544,45.87542998929471,249100,0.91%
921,2025-08-28,46.613426208496094,46.77299276418475,46.872720434852624,46.43391335780051,263700,-0.09%
922,2025-08-29,47.33147430419922,47.3713668946322,47.84009532130279,47.13201515640109,371600,1.54%
923,2025-09-02,46.68323516845703,46.463829733248225,46.862748014652105,46.144696629871795,575900,-1.37%
924,2025-09-03,46.782962799072266,46.842801682544824,47.08214960770168,46.673260081555924,201700,0.21%
925,2025-09-04,46.89266586303711,46.90263710817287,47.12204254482655,46.463830039232214,167900,0.23%
926,2025-09-05,50.42308044433594,49.59532633121352,50.7621598466178,49.59532633121352,533400,7.53%
927,2025-09-08,51.410396575927734,51.24085877938055,51.54004558787754,51.02145334444498,302000,1.96%
928,2025-09-09,49.55543518066406,50.04410990569466,50.08400249638427,49.47565380365168,591300,-3.61%
929,2025-09-10,48.6678466796875,48.80746694479369,48.96703350553888,48.56811900585934,259200,-1.79%
930,2025-09-11,50.243568420410156,49.216355147139765,50.26351471550313,49.216355147139765,139400,3.24%
931,2025-09-12,49.874568939208984,49.83468015237295,49.93440782601338,49.47565444028039,119700,-0.73%
932,2025-09-15,51.71955871582031,51.16107388037888,51.87912526817976,51.16107388037888,335400,3.70%
933,2025-09-16,51.7095832824707,51.71955833187538,51.80931475468418,51.23088362894602,241000,-0.02%
934,2025-09-17,52.427635192871094,52.10850208730773,52.9761449802852,52.008774418456696,314000,1.39%
935,2025-09-18,52.37777328491211,52.47750095743115,52.487476007303165,51.948937445219904,221400,-0.10%
936,2025-09-19,52.70687484741211,52.65701101380185,53.16563200797982,52.467526924336184,307000,0.63%
937,2025-09-22,52.956199645996094,52.56725640431023,53.11576620167149,52.35782601330503,227700,0.47%
938,2025-09-23,52.94622802734375,53.06590199216477,53.75403584971079,52.89636419236555,210300,-0.02%
939,2025-09-24,54.99067687988281,54.24270792601201,55.43945901307866,54.24270792601201,684100,3.86%
940,2025-09-25,55.798484802246094,54.8710029937238,56.097671623364,54.72140768098142,474400,1.47%
941,2025-09-26,55.399566650390625,55.22005379637381,55.628943340663916,54.312518280785206,349700,-0.71%
942,2025-09-29,56.34699249267578,56.43674891607772,56.79577460968547,56.177454695342504,423900,1.71%
943,2025-09-30,56.696044921875,57.09496321719162,57.16477334821701,56.24726659510231,455100,0.62%
944,2025-10-01,57.41409683227539,56.69604541619171,57.513824504790634,56.676102925182136,279900,1.27%
945,2025-10-02,58.271766662597656,58.38146938150354,58.770412618084976,57.83295959134084,409800,1.49%
946,2025-10-03,58.720550537109375,58.880117095456136,59.13941132613205,58.052362958530125,452400,0.77%
947,2025-10-06,59.428627014160156,59.34884183265278,59.71784259057413,58.70060435255615,503000,1.21%
948,2025-10-07,58.60087203979492,59.83751570495199,59.93724337604686,58.501144368700054,590200,-1.39%
949,2025-10-08,59.52835464477539,59.02970867380582,59.62808612158941,58.67068677037588,464900,1.58%
950,2025-10-09,58.959896087646484,59.83751402523933,59.83751402523933,58.71057311254132,507500,-0.95%
951,2025-10-10,53.77397918701172,56.646181018513175,56.84564016593367,53.734090401021064,1560800,-8.80%
952,2025-10-13,58.06233596801758,57.02515147302788,58.281737600305114,56.845638625650174,1183300,7.97%
953,2025-10-14,57.11491012573242,55.84834889952279,57.623527343574516,55.30981033637221,480100,-1.63%
954,2025-10-15,57.18471908569336,57.783092718465504,57.84293160348943,56.606287943562414,894400,0.12%
955,2025-10-16,57.26449966430664,57.982551057132234,58.32163045881469,57.075015570918424,592600,0.14%
956,2025-10-17,56.686073303222656,56.39685773124071,56.885532449567684,56.36694019081733,400900,-1.01%
957,2025-10-20,57.49388122558594,56.99523526111205,57.613555191836966,56.99523526111205,282500,1.43%
958,2025-10-21,57.09496307373047,57.67339422004948,57.67339422004948,56.626234648566225,670300,-0.69%
959,2025-10-22,56.23728942871094,56.54645128616371,57.045097234358515,55.6488870576664,638200,-1.50%
960,2025-10-23,58.08228302001953,56.89550320195117,58.19198193541037,56.89550320195117,219700,3.28%
961,2025-10-24,60.864723205566406,59.837513769913556,61.04423605122548,59.837513769913556,654500,4.79%
962,2025-10-27,59.21919631958008,60.715134225971724,60.78494435725399,59.159357433752355,355100,-2.70%
963,2025-10-28,60.206512451171875,60.216487500867956,60.4857567771605,59.727812783662934,237200,1.67%
964,2025-10-29,61.881961822509766,61.38331587099177,62.55014937581456,61.38331587099177,487000,2.78%
965,2025-10-30,62.97898483276367,62.55014901259902,63.10863004026151,62.26093344934999,412700,1.77%
966,2025-10-31,62.1512336730957,62.00163835968309,62.53020567720528,61.66256275076598,743100,-1.31%
967,2025-11-03,61.313507080078125,61.75231415741735,61.75231415741735,60.95448137845204,286300,-1.35%
968,2025-11-04,59.08954620361328,59.199248923407275,60.04694553285165,59.0695999087083,343400,-3.63%
969,2025-11-05,60.61540222167969,59.29897717986941,60.76499753276273,59.29897717986941,313300,2.58%
970,2025-11-06,60.04694747924805,60.83480903388244,61.153942153973134,59.77767819585274,243400,-0.94%
971,2025-11-07,60.72510528564453,60.00705387537595,60.934535678850594,59.58819308896383,196800,1.13%
972,2025-11-10,62.17117691040039,61.502989362222586,62.280879627591275,61.27361268280831,348400,2.38%
973,2025-11-11,61.612693786621094,61.80218168678915,61.80218168678915,61.23372559501854,210000,-0.90%
974,2025-11-12,62.14126205444336,61.87199277453762,62.33074615317695,61.622669789924906,245500,0.86%
975,2025-11-13,63.517520904541016,63.89649289870331,64.65443688702788,63.178441500157234,601400,2.21%
976,2025-11-14,63.59730529785156,62.13128497873316,63.826681979692076,62.01161101524392,1035200,0.13%
977,2025-11-17,63.55741500854492,63.63720019000278,65.05335672594492,63.45768733608945,895000,-0.06%
978,2025-11-18,62.35069274902344,62.041530877041346,62.689772161905886,61.69248021864774,556400,-1.90%
979,2025-11-19,62.97898483276367,62.80944323196137,63.62722228335287,62.629930386107944,231900,1.01%
980,2025-11-20,61.1539421081543,63.18841860048329,63.48760542479829,61.10407827149628,425000,-2.90%
981,2025-11-21,60.126731872558594,59.49843688621311,60.2364345944692,58.84022435911632,612500,-1.68%
982,2025-11-24,60.14667892456055,59.53833022585119,60.24640659789751,59.348842320397324,208200,0.03%
983,2025-11-25,61.20380401611328,60.784943236145104,61.323481785561405,60.44586383144226,331500,1.76%
984,2025-11-26,62.63990783691406,61.8420712450386,62.74960675414846,61.82212875417186,142100,2.35%
985,2025-11-28,63.288143157958984,62.530202986718564,63.35795328671665,62.530202986718564,183400,1.03%
986,2025-12-01,62.84933853149414,63.08868646671029,63.667117618155196,62.77952840002553,226900,-0.69%
987,2025-12-02,62.63990783691406,62.93909465668395,63.048797378285165,62.15123311460869,289600,-0.33%
988,2025-12-03,62.909175872802734,62.131285591533555,62.97898600255723,62.041529166939675,182800,0.43%
989,2025-12-04,62.06147766113281,62.211072975546266,62.480342258870344,61.822129723311555,179300,-1.35%
990,2025-12-05,62.67979431152344,62.63990552689413,63.288142978428866,62.39058255221923,164600,1.00%
991,2025-12-08,63.63719940185547,63.5873317618785,64.11589907157337,63.40782271455524,284700,1.53%
992,2025-12-09,64.04608917236328,63.138553665257064,64.3253296962831,62.639907698619204,190000,0.64%
993,2025-12-10,65.04338073730469,64.06603130038633,65.20294348918372,64.06603130038633,228300,1.56%
994,2025-12-11,64.95362091064453,64.66440533678829,65.01346360061268,64.06603169824217,272500,-0.14%
995,2025-12-12,63.6970329284668,64.81399879721832,64.88380892624237,63.23827956506111,232100,-1.93%
996,2025-12-15,63.437740325927734,63.74689838967631,63.92641124156694,63.328037604842706,124900,-0.41%
997,2025-12-16,62.819419860839844,62.829391106141664,63.12857792196422,62.071450919100066,409200,-0.97%
998,2025-12-17,63.44771194458008,64.08598197970552,64.70429811084024,63.42776564932302,235600,1.00%
999,2025-12-18,63.64717102050781,63.228310233685676,63.90646905418831,63.0288510857084,206500,0.31%
1000,2025-12-19,63.91643524169922,63.79676508137342,64.31535352983,63.367929253161186,220600,0.42%
1001,2025-12-22,65.52207946777344,64.84392062297262,65.66169973505004,64.71427540585404,545800,2.51%
1002,2025-12-23,66.47948455810547,66.1802939317771,66.63904731240922,66.05064871835944,441700,1.46%
1003,2025-12-24,66.91828918457031,66.75872642705811,67.00804941776718,66.51937087768901,176500,0.66%
1004,2025-12-26,67.70614624023438,67.42690572663007,67.75601387854944,67.18755780193115,260000,1.18%
1005,2025-12-29,65.552001953125,66.12045804927787,66.31991339192557,65.37248910124865,421800,-3.18%
1006,2025-12-30,65.5199966430664,65.69000244140625,66.08000183105469,65.44000244140625,158700,-0.05%
1007,2025-12-31,64.86000061035156,65.3499984741211,65.3499984741211,64.76000213623047,245300,-1.01%
