,date,lmt,open,high,low,volume,lmt_cr
0,2021-12-27,314.5571594238281,311.7014740676323,315.0331069831941,311.6116669534478,965900,nan%
1,2021-12-28,317.6732482910156,314.35956613762113,318.94844342375126,313.8656681624613,827500,0.99%
2,2021-12-29,318.14019775390625,317.39485634644234,319.24476757513037,316.72134417856233,771700,0.15%
3,2021-12-30,317.5205383300781,318.79573332168724,321.3371069684364,317.4576980275753,778500,-0.19%
4,2021-12-31,319.1639404296875,317.15239291453423,320.64566167630596,315.70657258405816,887200,0.52%
5,2022-01-03,318.2209777832031,318.5083495176546,320.2235635882358,317.02662840697485,1205700,-0.30%
6,2022-01-04,325.07293701171875,319.27175893490727,326.4648788284115,318.98438711923444,1361100,2.15%
7,2022-01-05,321.6155700683594,325.9799161213995,326.8779324192546,321.37308812855764,1682200,-1.06%
8,2022-01-06,321.4898681640625,323.28590094710194,324.3994325028951,321.0857498257645,1368800,-0.04%
9,2022-01-07,323.41162109375,322.4596985509182,325.9709457642547,321.6245499235896,1634600,0.60%
10,2022-01-10,326.2044372558594,325.9799331696544,331.78111108371195,324.55209047002467,2389900,0.86%
11,2022-01-11,327.003662109375,326.8869156078601,327.8118712821862,324.4263323593824,1128000,0.25%
12,2022-01-12,324.4532165527344,326.32110544862655,328.8175891918599,322.7919086377577,1477100,-0.78%
13,2022-01-13,327.93756103515625,325.13575477607003,329.89522984371257,323.39360109351094,1244000,1.07%
14,2022-01-14,334.61883544921875,327.93759186243875,334.95109710145846,326.8509997930185,2165000,2.04%
15,2022-01-18,338.13916015625,332.6702426433231,338.87551290085344,331.24237220901847,2471600,1.05%
16,2022-01-19,338.84844970703125,337.2050920756119,342.54829956994746,336.01970408279254,3336700,0.21%
17,2022-01-20,336.872802734375,338.5610774812196,342.2788500914754,335.86702903121943,2109100,-0.58%
18,2022-01-21,333.3436584472656,335.8580931019588,338.6419490873363,331.9786561444759,2795400,-1.05%
19,2022-01-24,335.2564392089844,331.86193842806176,336.3430587480201,328.0812971854743,3022300,0.57%
20,2022-01-25,347.68499755859375,339.31547871316826,348.43033906063056,332.9664966277593,3182400,3.71%
21,2022-01-26,351.33990478515625,348.430340607506,353.4861769965274,344.5688813000003,3640500,1.05%
22,2022-01-27,349.4001770019531,349.6785872734357,355.25526093557977,345.5027894698777,2566200,-0.55%
23,2022-01-28,353.0551452636719,349.4181897740092,353.21678163981557,345.53875231484506,2145100,1.05%
24,2022-01-31,349.44512939453125,350.67540748922517,351.115426759661,345.44894541493403,2363400,-1.02%
25,2022-02-01,347.5412902832031,350.4239148767415,350.6843472721628,346.8228608139859,1951100,-0.54%
26,2022-02-02,347.837646484375,346.7330765182487,348.74465175912786,345.74528046666563,1620600,0.09%
27,2022-02-03,349.9569396972656,348.59193747305807,352.17504090632224,346.9845081352273,1649000,0.61%
28,2022-02-04,349.6247253417969,348.4303755458036,352.7767717871736,346.02369808579726,1645800,-0.09%
29,2022-02-07,352.3276672363281,352.0223450216265,355.2372309101849,348.69967417028016,1243000,0.77%
30,2022-02-08,355.650390625,355.3270904994357,356.36879271803576,350.76517965756403,1311400,0.94%
31,2022-02-09,354.3033447265625,355.16543266714297,357.0692227633456,353.5400254205578,1541900,-0.38%
32,2022-02-10,346.1224670410156,352.95638634387564,355.3091850124504,344.7754423921107,2301100,-2.31%
33,2022-02-11,355.7851257324219,347.3168375143091,358.17385268550106,346.0506310802359,3276400,2.79%
34,2022-02-14,347.5053405761719,353.800443099265,355.1833683575118,344.6496555506113,2799800,-2.33%
35,2022-02-15,343.23974609375,342.96136326982247,347.80165623883755,339.7374884658884,2418600,-1.23%
36,2022-02-16,347.44256591796875,343.8056101854184,349.06797353229746,343.04229070671505,1776800,1.22%
37,2022-02-17,349.1217956542969,346.7420578819427,351.7440153729836,346.4277466881714,1248800,0.48%
38,2022-02-18,347.04736328125,349.45406773540583,351.19619410266387,346.3738510724417,1459900,-0.59%
39,2022-02-22,346.81390380859375,351.36682559252023,353.29758254942334,345.7991410112252,1680900,-0.07%
40,2022-02-23,349.238525390625,349.4810073253136,350.4777922403786,345.2872592444368,1839500,0.70%
41,2022-02-24,355.3540344238281,357.61705311578396,358.29056536357393,347.90949877672676,4140900,1.75%
42,2022-02-25,367.72869873046875,354.9230044818586,372.18287946547395,354.91401554885493,3376300,3.48%
43,2022-02-28,392.241455078125,374.1665286669448,392.3318804830662,373.88622922739876,5808600,6.67%
44,2022-03-01,412.8663635253906,393.32663300226784,414.60243804688463,393.32663300226784,5719300,5.26%
45,2022-03-02,406.88958740234375,402.7031412324806,408.30013576448795,388.15458129641496,5003400,-1.45%
46,2022-03-03,404.91845703125,402.11543423706246,412.22437378835076,395.5328657392506,4603500,-0.48%
47,2022-03-04,414.2587585449219,406.93474126378925,418.3367047883424,400.62345002255114,3320300,2.31%
48,2022-03-07,421.49237060546875,418.6532000116505,434.006481818616,418.64414919131855,5210100,1.75%
49,2022-03-08,405.976318359375,419.3494298945269,423.1651509491518,405.40666854883216,4133700,-3.68%
50,2022-03-09,405.73223876953125,395.58712332585014,412.07970679169705,391.0028270684132,3477300,-0.06%
51,2022-03-10,401.78985595703125,407.45920136921006,413.1827689201189,399.87295848461264,3049600,-0.97%
52,2022-03-11,396.97955322265625,399.6559746478339,405.70506841732845,396.59072666504716,2649100,-1.20%
53,2022-03-14,401.87127685546875,406.38322126295475,406.6906456271837,397.13325509261716,2475700,1.23%
54,2022-03-15,405.68701171875,402.1425391981877,407.26936010232913,398.10076822322975,1778700,0.95%
55,2022-03-16,380.9752502441406,393.3718123337618,395.03556298124596,371.951333179532,5815500,-6.09%
56,2022-03-17,387.5306701660156,386.1472467138577,390.415067362666,384.1037480168795,2947700,1.72%
57,2022-03-18,385.3515625,393.0282315568496,395.5780520254971,381.3007682269905,5215700,-0.56%
58,2022-03-21,397.84759521484375,390.279453329996,405.01788729695943,390.279453329996,3245200,3.24%
59,2022-03-22,398.38104248046875,397.35026994764286,401.31968929229646,392.59417427750856,2113800,0.13%
60,2022-03-23,402.5946044921875,401.46435574291127,404.6290522408847,399.97243291265943,1715100,1.06%
61,2022-03-24,406.64544677734375,402.6398240332739,408.2458691544874,400.7681529799923,1375400,1.01%
62,2022-03-25,410.1988830566406,406.9166365804252,413.6981284423708,406.88951171673585,1646300,0.87%
63,2022-03-28,402.3505554199219,406.2747764949318,407.30554919684374,400.84053066910604,1676200,-1.91%
64,2022-03-29,395.27056884765625,391.7441984313483,396.1476429404013,388.1907031500673,2451100,-1.76%
65,2022-03-30,403.22760009765625,397.2327556434507,404.2312478545854,397.22370482237204,1719500,2.01%
66,2022-03-31,399.1134033203125,399.6197525150382,405.8677704504147,398.7517292660744,1660700,-1.02%
67,2022-04-01,403.25469970703125,399.85490247042577,405.97632006645307,396.78063123862705,1174200,1.04%
68,2022-04-04,401.4734191894531,404.6109909198801,405.08116448053926,397.44067165755047,1166300,-0.44%
69,2022-04-05,404.3939208984375,402.3685241239263,411.2387134257481,400.9037262713629,2240200,0.73%
70,2022-04-06,411.0307312011719,403.61631664441416,413.72525390538084,403.61631664441416,1941400,1.64%
71,2022-04-07,420.9136962890625,409.6021576742159,422.62261809473586,407.6038855584508,2032700,2.40%
72,2022-04-08,417.30596923828125,422.91201483746266,426.41126102781027,415.5789456023849,1710700,-0.86%
73,2022-04-11,419.7744140625,419.358490220757,428.9972555221379,417.9117662043872,1911200,0.59%
74,2022-04-12,422.7582092285156,421.537562717739,426.54680504722916,417.17931714388317,1502300,0.71%
75,2022-04-13,424.2411804199219,425.8777785929848,429.1419241179883,421.58283284284323,1212400,0.35%
76,2022-04-14,422.8576965332031,426.7005421821643,428.34619094144705,421.3928986067508,1965200,-0.33%
77,2022-04-18,422.6588134765625,422.2609636801389,426.75483414040775,415.12681980669214,1638900,-0.05%
78,2022-04-19,415.8411560058594,418.18302833787294,429.9466673297942,414.51198223969317,2044000,-1.61%
79,2022-04-20,410.38885498046875,415.82310058531306,417.1612976384294,409.40328123941464,1636200,-1.31%
80,2022-04-21,397.4316101074219,411.41051800383633,412.26951803505546,396.80771063084416,1937600,-3.16%
81,2022-04-22,403.0828857421875,398.6523160971637,407.70332945363634,396.39181856460425,1451700,1.42%
82,2022-04-25,400.46075439453125,400.56020305086196,402.20585204260715,391.7623358355782,1499800,-0.65%
83,2022-04-26,403.3541564941406,404.2131566411333,408.9873265875498,400.7229339108933,1440400,0.72%
84,2022-04-27,402.3505554199219,403.4808043791057,408.69802364086945,397.1875583067127,1017500,-0.25%
85,2022-04-28,399.3936767578125,405.9852942730987,405.9852942730987,395.60508126966255,1348800,-0.73%
86,2022-04-29,390.7225036621094,401.8531921757567,402.37764309696223,389.149206086425,1479500,-2.17%
87,2022-05-02,389.5379638671875,388.44389081786437,395.5780064853202,385.32439327124325,1397100,-0.30%
88,2022-05-03,393.1186218261719,392.7659985358539,395.6775206605367,389.6736255586205,1332000,0.92%
89,2022-05-04,403.03759765625,395.1620331824066,403.2636473749685,393.2270619390354,1172600,2.52%
90,2022-05-05,400.6957702636719,403.0376422977119,404.6019164583323,396.5906991907474,1183800,-0.58%
91,2022-05-06,406.3741760253906,399.2310089857903,406.50980036530126,397.7662109268251,1409800,1.42%
92,2022-05-09,396.79876708984375,404.2041606235512,405.7865091975234,395.2435433876666,1354500,-2.36%
93,2022-05-10,397.0609130859375,397.79331207174226,403.7248553311282,395.5870642942186,978500,0.07%
94,2022-05-11,398.2182922363281,395.5870697865862,402.35951159126404,394.7913702368955,1018200,0.29%
95,2022-05-12,392.9558410644531,397.1784625461746,399.0411102832352,387.3136481206552,1390200,-1.32%
96,2022-05-13,393.4803466796875,393.65211912756024,395.7769925971893,387.9014259184884,1114700,0.13%
97,2022-05-16,395.6322326660156,393.3265364211316,398.1820802832965,390.75861475899086,1004700,0.55%
98,2022-05-17,398.7517395019531,397.67574053704993,399.85486333177147,389.9448505026582,798100,0.79%
99,2022-05-18,392.7207336425781,398.75175302352955,399.71925256157994,391.60858654938363,986900,-1.51%
100,2022-05-19,384.84521484375,389.5741860498947,391.50915776656893,379.1216467071288,1539800,-2.01%
101,2022-05-20,383.5160217285156,386.9971935915315,386.9971935915315,377.313229487549,1632500,-0.35%
102,2022-05-23,391.5452880859375,386.4908190360132,393.9142850280311,386.4908190360132,1038200,2.09%
103,2022-05-24,400.36126708984375,391.5182012011153,400.84049149794794,391.5182012011153,1034100,2.25%
104,2022-05-25,404.665283203125,400.99423697154003,405.65085693584433,399.0230619121339,1032200,1.08%
105,2022-05-26,405.0721435546875,406.88959256487993,410.5606386813924,404.8732186501193,1143100,0.10%
106,2022-05-27,407.3958740234375,407.9203248636049,408.218698373798,401.880254945943,1265800,0.57%
107,2022-05-31,400.435546875,403.06503639975915,404.88474311036754,398.8888128308954,2539100,-1.71%
108,2022-06-01,399.6985778808594,403.09234097701943,403.83842741100443,397.14189210979595,1199000,-0.18%
109,2022-06-02,401.3453674316406,401.9367942774726,402.6464787259523,391.63724847316143,1210000,0.41%
110,2022-06-03,402.782958984375,400.3354513897841,406.32227387739016,399.57117795093137,928000,0.36%
111,2022-06-06,403.4380798339844,403.8111230418511,405.79459669356316,401.75484557242214,690000,0.16%
112,2022-06-07,415.16607666015625,402.155184731339,415.50274572690853,401.6092671625624,1126000,2.91%
113,2022-06-08,403.4380798339844,411.2537168284541,413.65574301573616,402.9831531560768,1151600,-2.82%
114,2022-06-09,393.7117614746094,403.4472038899034,403.56546150715843,393.5115926174148,995100,-2.41%
115,2022-06-10,391.40972900390625,392.1467078344317,395.19472144166815,387.36997879468515,1165700,-0.58%
116,2022-06-13,385.7140808105469,386.14171294782284,389.7447240357438,383.52133115060127,1483000,-1.46%
117,2022-06-14,378.6536865234375,385.7869335616411,385.9234060128685,374.04980295870473,1497800,-1.83%
118,2022-06-15,376.770263671875,379.9183483703001,381.2285393665329,372.0117208337156,1241700,-0.50%
119,2022-06-16,368.2995300292969,373.4310882716434,375.66934741160554,366.68907189609,1580300,-2.25%
120,2022-06-17,367.5898132324219,367.189475588926,368.85449478661167,359.08267995790925,3757100,-0.19%
121,2022-06-21,381.1921691894531,374.85959735822195,382.59335118721435,372.1391446024869,1474400,3.70%
122,2022-06-22,377.99853515625,376.7338258398058,382.52050681577754,374.66846900558534,1073300,-0.84%
123,2022-06-23,373.6039733886719,377.9257767462744,378.7446391975687,370.47407568310757,988700,-1.16%
124,2022-06-24,381.26495361328125,378.35341180152864,381.6652913065602,373.6585652075009,1768000,2.05%
125,2022-06-27,381.4559326171875,381.26487123057217,385.0407562446189,379.8363951230572,779000,0.05%
126,2022-06-28,382.7843322753906,384.86790387952846,389.0168322532205,381.5469452504197,953300,0.35%
127,2022-06-29,381.12847900390625,384.9225518832848,386.15085944585763,378.89021979512194,733800,-0.43%
128,2022-06-30,391.2004699707031,380.4642134305635,391.52803155783613,379.29960245750937,1269500,2.64%
129,2022-07-01,394.4396057128906,391.0003612353908,395.74979672970204,386.21455159976597,1296900,0.83%
130,2022-07-05,377.8166198730469,386.49662898081897,387.3882675316792,370.50139084910273,1712800,-4.21%
131,2022-07-06,387.4974365234375,379.3178364486389,389.2898208744004,377.84387854049487,1044900,2.56%
132,2022-07-07,384.1309814453125,386.2145533555713,389.41722709649235,381.72895531473154,1177100,-0.87%
133,2022-07-08,382.4568176269531,387.1789581964659,388.4800416746816,382.1110689507241,682000,-0.44%
134,2022-07-11,381.2922058105469,380.2276652972869,384.86792239722354,377.9348451172497,602600,-0.30%
135,2022-07-12,376.6701354980469,381.6561412697865,382.0382918494324,375.40545392781246,680500,-1.21%
136,2022-07-13,371.2201232910156,372.2300470632172,380.1093794826998,370.9744729112546,1155500,-1.45%
137,2022-07-14,364.223388671875,366.8437707362924,368.827244355476,361.68489007615557,1160700,-1.88%
138,2022-07-15,362.4673767089844,367.3168827762167,367.3168827762167,361.94875364311224,1223200,-0.48%
139,2022-07-18,352.3680114746094,363.9140529432639,363.9413474336606,352.1405481324633,2759700,-2.79%
140,2022-07-19,355.1885681152344,344.6706652285712,355.3614424793344,339.9849258592006,3023800,0.80%
141,2022-07-20,359.59222412109375,355.4432952738267,361.6485014745839,350.90313616958287,1560300,1.24%
142,2022-07-21,359.57403564453125,358.7733602970467,359.8924620866506,354.5152535125359,941000,-0.01%
143,2022-07-22,359.1554260253906,363.8957809615094,365.73367434125333,357.9908150960105,769400,-0.12%
144,2022-07-25,363.7593078613281,358.81881151879924,367.33505213432613,358.14552901830103,1038300,1.28%
145,2022-07-26,361.03887939453125,364.1050805188987,366.6526863739521,360.8205234916622,992400,-0.75%
146,2022-07-27,362.6129150390625,361.93052511471785,363.258903059484,358.48217358907124,838600,0.44%
147,2022-07-28,369.4732360839844,363.1679590335884,370.1010371166926,360.4293193318172,1014600,1.89%
148,2022-07-29,376.5064392089844,369.84630555130235,376.81578603791195,365.76107260574435,1493500,1.90%
149,2022-08-01,381.4832763671875,380.53702119565116,389.8721245927733,379.0812781828483,1721900,1.32%
150,2022-08-02,390.1269226074219,386.6967854360175,393.82092502786384,381.31954874619674,2453900,2.27%
151,2022-08-03,390.6000061035156,388.75300503636004,392.83826518773833,381.81084776085726,1330500,0.12%
152,2022-08-04,389.5355224609375,391.88293190645106,395.46775635698367,388.40731318271617,1126400,-0.27%
153,2022-08-05,387.97052001953125,386.9241943559526,389.2716034774292,381.71072534023756,932500,-0.40%
154,2022-08-08,385.650390625,388.96226982937054,390.66369098808656,383.66691717615026,814800,-0.60%
155,2022-08-09,389.9176330566406,388.46188994338087,392.94746019161954,387.32457328207164,747400,1.11%
156,2022-08-10,391.227783203125,391.3005870110947,393.28406039725445,387.90682445232204,1409300,0.34%
157,2022-08-11,390.1905822753906,390.54541061381315,393.5024337555801,388.6893299259511,949300,-0.27%
158,2022-08-12,395.0946350097656,390.2360223726991,395.14014432856106,388.68018121341464,978000,1.26%
159,2022-08-15,398.52484130859375,393.67530781040114,400.30814595046525,391.1095149145385,884900,0.87%
160,2022-08-16,400.48101806640625,397.53310236122604,404.8847045547499,397.53310236122604,851100,0.49%
161,2022-08-17,401.78216552734375,396.8143736643607,405.33058828661734,395.7862348644829,996500,0.32%
162,2022-08-18,399.7440490722656,402.0732712765923,404.5025640150295,397.4876029139721,866500,-0.51%
163,2022-08-19,400.36273193359375,398.95247047646995,401.1725146690842,396.73242628385566,1013600,0.15%
164,2022-08-22,393.3568420410156,398.9797562097827,401.8276013154108,392.91102283529074,1086700,-1.75%
165,2022-08-23,394.07562255859375,393.90274822531677,395.54050068270146,391.5098298119195,915200,0.18%
166,2022-08-24,394.6124267578125,394.86718454519223,396.195590219723,392.0921433695734,740200,0.14%
167,2022-08-25,399.0980224609375,394.61242506569477,399.2799764417049,393.447814076022,727600,1.14%
168,2022-08-26,392.2650451660156,400.69937499217764,402.8648302197848,392.09217082320544,876200,-1.71%
169,2022-08-29,390.9457092285156,389.1078157937621,394.78529077360713,388.0341957011788,868100,-0.34%
170,2022-08-30,386.7877197265625,390.7274000311139,391.57355692891144,385.7869033183386,976100,-1.06%
171,2022-08-31,384.7727966308594,386.8335398233711,389.0133526502158,384.6903702572331,909300,-0.52%
172,2022-09-01,387.06243896484375,383.0600229620227,387.9508492043034,382.65703102140515,948800,0.60%
173,2022-09-02,383.3623046875,389.2422755440489,389.883406748629,382.4280833350767,869800,-0.96%
174,2022-09-06,382.63885498046875,383.7654048315798,387.6670602159352,380.8070829660186,962500,-0.19%
175,2022-09-07,384.80023193359375,380.4131315985015,385.49628606011595,377.5830481357558,1255700,0.56%
176,2022-09-08,384.3515625,384.2783039167129,385.6521329459877,379.8820342526595,1112600,-0.12%
177,2022-09-09,386.07330322265625,385.3039625783284,387.9875010074624,383.7744211403793,1284600,0.45%
178,2022-09-12,383.42645263671875,385.58792975300474,386.03670486006376,382.38232938688714,1349700,-0.69%
179,2022-09-13,374.8995361328125,382.2174829528898,385.4047477668134,373.09523992180846,1621200,-2.22%
180,2022-09-14,381.5855407714844,375.6872334355428,383.2066487258468,373.95619569645123,1004100,1.78%
181,2022-09-15,378.8012390136719,379.9369285644471,379.9369285644471,376.18181880446605,1189200,-0.73%
182,2022-09-16,379.4422912597656,376.6579909292175,380.7977841958723,375.52230161504957,2023300,0.17%
183,2022-09-19,381.4847106933594,379.1766887371802,382.51052618005303,378.01352393298527,695500,0.54%
184,2022-09-20,385.2032165527344,381.00847211474166,385.9634173778077,377.6563269146584,1112100,0.97%
185,2022-09-21,384.8552551269531,391.989985955256,397.3021407905746,384.6995422302255,2106400,-0.09%
186,2022-09-22,386.57708740234375,384.5163442391368,388.9950394634699,378.26085617976275,1409900,0.45%
187,2022-09-23,378.324951171875,384.47053701590755,384.6812008104911,373.2967191625609,1874600,-2.13%
188,2022-09-26,373.36083984375,377.0610262926451,377.5372768452291,372.3167445686884,1208300,-1.31%
189,2022-09-27,366.11614990234375,374.7804489648163,375.80623650229455,364.8613909341564,1051900,-1.94%
190,2022-09-28,366.35430908203125,363.7898400987033,368.268506992911,358.20293129507917,1161500,0.07%
191,2022-09-29,357.00311279296875,365.4201050355467,365.8139291982161,353.43116397335695,1127700,-2.55%
192,2022-09-30,353.7975158691406,349.5294848998548,357.10385002600316,349.4561983871634,1343700,-0.90%
193,2022-10-03,366.11614990234375,356.9572926739818,368.9462334318339,356.3528047428362,1273800,3.48%
194,2022-10-04,371.9503479003906,369.2026906549398,373.53484030748865,366.19858651793805,1060000,1.59%
195,2022-10-05,368.6532287597656,371.95039551590406,373.3700353781589,367.06873614982754,828400,-0.89%
196,2022-10-06,365.99713134765625,367.8380708515886,369.65153489802725,364.5958271142412,746700,-0.72%
197,2022-10-07,369.981201171875,365.03542369290835,370.6315001813278,362.6999262016398,1124700,1.09%
198,2022-10-10,375.5039978027344,373.30587754541574,383.41726426982007,371.98699980090146,1112500,1.49%
199,2022-10-11,376.4840393066406,371.53826125366953,381.15506278190935,371.53826125366953,1013600,0.26%
200,2022-10-12,363.9913635253906,372.7014188739852,374.5057151002516,363.7349166077262,921700,-3.32%
201,2022-10-13,371.8130187988281,359.94314578683986,372.8113310399388,358.3128700613517,1012700,2.15%
202,2022-10-14,356.65509033203125,370.32009072373,371.28178757762834,355.45528217815445,1369100,-4.08%
203,2022-10-17,363.89056396484375,359.94309863066854,366.9129757501988,359.1645901554665,1617200,2.03%
204,2022-10-18,395.5161437988281,369.23937641407366,398.8774571809533,367.76481360557375,4588500,8.69%
205,2022-10-19,402.95318603515625,397.4670379850163,409.92309284442445,394.15153522514464,2623700,1.88%
206,2022-10-20,406.96478271484375,402.6417996680137,407.8531932546782,401.11228569724693,1781300,1.00%
207,2022-10-21,416.3708190917969,406.39683752833406,416.4441056062007,403.1271186008029,1620200,2.31%
208,2022-10-24,418.9811706542969,420.46490139213586,426.96769709989064,417.24099297350574,2013600,0.63%
209,2022-10-25,421.4447937011719,415.8578854148048,424.5496595994774,414.15435145158847,1537000,0.59%
210,2022-10-26,423.65216064453125,423.29497969389206,431.05253403657633,421.72879475077303,1554600,0.52%
211,2022-10-27,432.2340393066406,425.5022721455024,434.2947826447062,425.33741938660603,1513700,2.03%
212,2022-10-28,444.08551025390625,434.1298368225012,449.82813168001485,432.5728198983773,2045300,2.74%
213,2022-10-31,445.7432861328125,440.0373355934941,447.1629258667382,439.1031142065017,1288200,0.37%
214,2022-11-01,444.78167724609375,445.14802601857014,449.8465251910185,443.169709106454,1229700,-0.22%
215,2022-11-02,441.511962890625,443.7833700268933,447.7583115523977,440.9990690131806,1291800,-0.74%
216,2022-11-03,444.0397644042969,439.41452430080204,448.75657072815227,438.29714249635913,1291100,0.57%
217,2022-11-04,441.1547546386719,444.3511873469913,445.5784710457461,432.820187719635,1481100,-0.65%
218,2022-11-07,447.529296875,441.89660461955964,448.74741272869585,440.5044402717732,944800,1.44%
219,2022-11-08,452.55743408203125,447.7582019956607,453.0520201823453,445.8897873560623,1221000,1.12%
220,2022-11-09,444.3694763183594,448.55508123218607,451.0188163289084,443.50854140980715,1383200,-1.81%
221,2022-11-10,449.4892578125,447.1904034925837,449.9014175970695,439.3504233886211,1601000,1.15%
222,2022-11-11,424.8427734375,440.3029302014368,443.13301396713655,423.6979161884006,3061800,-5.48%
223,2022-11-14,423.1758728027344,428.0392240491229,432.2797796744581,420.730445476571,2286700,-0.39%
224,2022-11-15,427.9477233886719,426.6563208051097,435.0366719169786,419.52156120751187,3272800,1.13%
225,2022-11-16,427.0225524902344,426.10666676306715,429.7885452746724,422.76368944902975,1022600,-0.22%
226,2022-11-17,433.0033874511719,425.8869637323198,434.8443271418264,425.2092170783208,1401900,1.40%
227,2022-11-18,436.71270751953125,433.791029356322,440.4220341151449,433.00335297329895,2160300,0.86%
228,2022-11-21,440.4861145019531,438.24218313405026,443.25207952818937,438.00407183484043,1730500,0.86%
229,2022-11-22,439.1672668457031,442.3453918760419,443.5268924534787,438.96577083986597,838400,-0.30%
230,2022-11-23,440.60516357421875,439.42366313292354,442.3636485583366,438.4528264759259,1020200,0.33%
231,2022-11-25,442.79412841796875,443.5634691139612,443.7466574489852,440.9257415636795,321500,0.50%
232,2022-11-28,442.5651550292969,439.72590355259865,444.424402024094,439.6251695342092,939000,-0.05%
233,2022-11-29,443.3803405761719,442.46445473649817,444.29622641584564,441.2188354602207,802600,0.18%
234,2022-11-30,447.1496887207031,442.36659763379487,447.85011150026145,440.2745823907863,1470000,0.85%
235,2022-12-01,445.76727294921875,448.3753801882237,449.73935392756164,442.98406002324106,913600,-0.31%
236,2022-12-02,457.3241271972656,444.0346849849663,459.8308723692496,444.0346849849663,1744400,2.59%
237,2022-12-05,452.2000427246094,452.3843452620379,456.17212381129286,450.0342840042237,1357200,-1.12%
238,2022-12-06,446.052978515625,452.79907576712077,452.79907576712077,444.39411505210126,1076500,-1.36%
239,2022-12-07,443.4725646972656,446.3294933936912,450.88218561465203,442.80901361698636,999800,-0.58%
240,2022-12-08,447.32476806640625,447.21418092349757,450.48583910915295,443.795035714085,762200,0.87%
241,2022-12-09,445.6658630371094,447.564378724153,451.91428954620426,445.3248766485086,856400,-0.37%
242,2022-12-12,448.1910705566406,446.9284871362956,448.97443365044063,444.67056318209126,1129200,0.57%
243,2022-12-13,442.56927490234375,451.5824916723591,451.92347803343284,441.14081092354667,1730900,-1.25%
244,2022-12-14,447.1496887207031,443.4633004070882,449.9881953472259,442.4956347247286,1071800,1.03%
245,2022-12-15,441.25146484375,443.2881864741971,447.0667400504145,437.8691912539032,1067300,-1.32%
246,2022-12-16,444.01629638671875,438.3392545982455,444.77198467072276,436.5329320689308,2590600,0.63%
247,2022-12-19,444.01629638671875,444.0070714152962,449.7209849645469,442.3021110719784,929700,0.00%
248,2022-12-20,448.034423828125,445.0208114408816,452.91890532531085,444.0439207664267,1014300,0.90%
249,2022-12-21,449.4167785644531,449.62875600278767,452.10785422216327,447.61045629073226,988300,0.31%
250,2022-12-22,441.72149658203125,448.35700721941623,448.6519250532806,436.7909743982535,1520700,-1.71%
251,2022-12-23,445.3986511230469,441.90579038972567,446.21885788171573,440.8551562410841,661600,0.83%
252,2022-12-27,447.43536376953125,446.97456524865635,450.8821277057044,445.59216968603164,788800,0.46%
253,2022-12-28,445.3341369628906,448.0344096260262,450.66096689857676,445.03921915072897,810300,-0.47%
254,2022-12-29,448.86383056640625,446.05297082255044,451.18627312517674,445.40784163957863,764000,0.79%
255,2022-12-30,448.3477783203125,449.7393989851771,451.40748753879717,443.50939339270553,910000,-0.11%
256,2023-01-03,440.0902099609375,445.4907829528271,446.2833428650838,436.8461986777783,1657200,-1.84%
257,2023-01-04,439.1410217285156,436.14583112910816,442.0901437225123,432.50551130447894,1391300,-0.22%
258,2023-01-05,439.66632080078125,438.39451234458346,440.65243641535903,433.05845743593596,1210100,0.12%
259,2023-01-06,436.13653564453125,442.36654008401814,449.7393157520851,429.2522052394774,1969200,-0.80%
260,2023-01-09,423.0037841796875,431.11385438908593,433.87864529855887,419.60308911104323,2377000,-3.01%
261,2023-01-10,426.0450744628906,425.94368417044706,428.9757461003959,421.0776532558487,1003400,0.72%
262,2023-01-11,426.69940185546875,427.04038823817575,429.0494629051415,424.8930796491541,1056400,0.15%
263,2023-01-12,425.5382385253906,426.6902349073517,429.35366404240324,423.18817715615467,936600,-0.27%
264,2023-01-13,414.56201171875,411.4931057462641,418.13781297191724,409.8710858479421,2208600,-2.58%
265,2023-01-17,412.1013488769531,414.99514904955794,417.9442709212376,411.6497753129743,1753100,-0.59%
266,2023-01-18,406.673095703125,412.1013155015546,413.0874310358054,406.1017100664289,1645100,-1.32%
267,2023-01-19,404.8668212890625,408.04634254610585,410.9585927681586,404.60877522507866,1469900,-0.44%
268,2023-01-20,408.5255432128906,406.73764266833115,408.5900617570029,403.30930048365025,1410000,0.90%
269,2023-01-23,406.682373046875,408.3688833893143,411.79722577591195,406.2952898843136,1739600,-0.45%
270,2023-01-24,414.009033203125,407.50256058961395,415.6033780238438,403.37379587704106,2865000,1.80%
271,2023-01-25,418.5525207519531,412.8754795333799,420.07315026364535,409.96322947239634,2352500,1.10%
272,2023-01-26,423.7595520019531,419.6492368914262,427.39987172562445,417.3267942449664,2168900,1.24%
273,2023-01-27,423.5660095214844,424.7272026787684,430.0909042561568,421.5845814902926,1587700,-0.05%
274,2023-01-30,424.4783630371094,425.77781819490104,430.10933538753994,423.8424588508516,1642000,0.22%
275,2023-01-31,426.93902587890625,426.0358507136999,427.1417783394665,423.0222387146022,2062000,0.58%
276,2023-02-01,426.0082092285156,426.24783344622426,428.80064698715887,423.75028534986683,1242500,-0.22%
277,2023-02-02,421.3449401855469,422.4324179097785,424.33090550459264,418.33132808113623,2104700,-1.09%
278,2023-02-03,423.0867614746094,423.2618671641583,426.33080109159124,419.27136431134,1302900,0.41%
279,2023-02-06,432.3211975097656,427.23396360872687,432.93865180578183,426.46905040435627,1393500,2.18%
280,2023-02-07,431.6115417480469,435.50068249339455,435.9061874526183,426.8376756938976,1334800,-0.16%
281,2023-02-08,432.82806396484375,428.51499637077814,434.4224370417768,426.99436681036013,865000,0.28%
282,2023-02-09,433.2336120605469,435.39014607226864,437.1504000492321,431.49180802700437,799000,0.09%
283,2023-02-10,443.13153076171875,435.3440519739475,444.080774670166,435.3440519739475,1436300,2.28%
284,2023-02-13,444.18212890625,447.1496725161638,451.12175353014425,442.4587469320754,1203100,0.24%
285,2023-02-14,443.8226318359375,444.62444478031426,446.9745056735841,442.0531815015688,875600,-0.08%
286,2023-02-15,442.8365783691406,443.1314680308135,446.28334210946826,439.9703971072025,927100,-0.22%
287,2023-02-16,434.30267333984375,439.60185715247843,440.13637114470373,429.5564534630755,1939500,-1.93%
288,2023-02-17,438.3392028808594,434.80027363641204,438.3668496669523,433.92474520195225,1184200,0.93%
289,2023-02-21,441.6201171875,442.8366321110999,444.5784360074671,437.94295375357143,1379400,0.75%
290,2023-02-22,441.93341064453125,441.2698596759921,443.90564173501724,440.03492306438767,900300,0.07%
291,2023-02-23,441.5186462402344,442.366527793464,445.21425894114566,438.2469883783911,917400,-0.09%
292,2023-02-24,442.7352294921875,441.8689259911327,444.0254597730422,439.87827293285227,1009300,0.28%
293,2023-02-27,441.8965759277344,442.8550447681619,446.14515310147266,439.7769138887173,1149000,-0.19%
294,2023-02-28,439.8284606933594,442.40662996475083,443.78844605242216,437.56560383047076,1155500,-0.47%
295,2023-03-01,439.8933410644531,438.910299973293,442.5735388917366,437.0740672907782,957700,0.01%
296,2023-03-02,443.5844421386719,438.64141537290703,444.38202040692966,438.6321323214898,835700,0.84%
297,2023-03-03,443.1949462890625,444.1316005083822,444.72514975411633,441.79456403277186,1060500,-0.09%
298,2023-03-06,445.3094177246094,442.2026238274204,446.821055093022,442.2026238274204,905700,0.48%
299,2023-03-07,443.90899658203125,446.54280746032555,449.87216788295063,443.2969095867822,1137900,-0.31%
300,2023-03-08,444.68804931640625,446.1162524358471,452.23709464575063,442.1005968504679,1252900,0.18%
301,2023-03-09,441.30303955078125,447.9339400421468,448.1750729588463,440.1530449728177,1035000,-0.76%
302,2023-03-10,440.9784240722656,441.1731700258492,447.2847288055022,439.97684515185153,1335000,-0.07%
303,2023-03-13,442.6755676269531,437.61197454751624,444.1315915579403,436.6196503421694,1701000,0.38%
304,2023-03-14,444.10382080078125,445.4207406230201,446.3295740745198,440.3942225772208,1761400,0.32%
305,2023-03-15,438.9473876953125,440.5146948738644,440.6352613186734,430.8419263662677,2273300,-1.16%
306,2023-03-16,438.88250732421875,436.7494999067913,443.34329642129717,433.7818103415151,1633000,-0.01%
307,2023-03-17,432.0476379394531,439.6986844768114,440.4406211222336,429.6549594751908,6525100,-1.56%
308,2023-03-20,441.1639709472656,434.2270122237466,443.0836664788035,431.4355305615278,1515400,2.11%
309,2023-03-21,440.2921142578125,444.1037119130182,444.45612818616723,437.0832922037575,1069000,-0.20%
310,2023-03-22,434.8575744628906,440.92277448385533,442.156203237133,434.3196952619535,1261700,-1.23%
311,2023-03-23,433.93017578125,434.6071875353679,436.7587609466613,432.6318222751191,1168500,-0.21%
312,2023-03-24,440.08819580078125,433.93024912799825,441.136161833504,433.2346994569333,1126000,1.42%
313,2023-03-27,439.02166748046875,442.47156648663446,442.888907586793,438.1128057722502,1273000,-0.24%
314,2023-03-28,437.2132263183594,439.58736679469496,441.0804664176304,436.9535555881973,1076100,-0.41%
315,2023-03-29,439.7635803222656,437.04630652318593,439.86558068443503,436.5083989528775,1146400,0.58%
316,2023-03-30,438.82684326171875,440.08812116839,441.256625172266,437.48213110689613,950300,-0.21%
317,2023-03-31,438.4095458984375,439.76354115145926,440.8393278942658,436.83295553525886,1409600,-0.10%
318,2023-04-03,451.2911071777344,438.65993143923913,452.4781773188944,438.4280815811846,1656700,2.94%
319,2023-04-04,453.07177734375,450.3359373911405,455.0100389781868,449.55692517696406,1081100,0.39%
320,2023-04-05,454.4164733886719,452.57095743445814,457.97768408372104,451.6713787845274,1305900,0.30%
321,2023-04-06,454.58343505859375,455.7890431135,460.8990235240693,453.5076482194219,1093300,0.04%
322,2023-04-10,460.6856994628906,456.067239785851,462.23446907349603,456.067239785851,1024400,1.34%
323,2023-04-11,452.42254638671875,460.3425456509484,460.6856789207197,451.65281729252797,1224200,-1.79%
324,2023-04-12,452.6636657714844,447.74843182944807,455.58496830479766,446.71903205090274,1105600,0.05%
325,2023-04-13,456.4103698730469,451.4765981042373,457.6809025660784,450.69758597789655,909500,0.83%
326,2023-04-14,452.5616455078125,454.37008574395446,455.81682661207407,449.8907305814424,843200,-0.84%
327,2023-04-17,454.09185791015625,451.24473494645565,456.52163982112495,451.24473494645565,1287800,0.34%
328,2023-04-18,465.0073547363281,462.7723186986795,471.2116592291326,461.84491926240963,2561800,2.40%
329,2023-04-19,459.21112060546875,465.5545295238583,466.78795835438456,458.0240504272084,962200,-1.25%
330,2023-04-20,454.9822082519531,459.8324896078086,459.8324896078086,453.55400507262505,839900,-0.92%
331,2023-04-21,447.5166015625,455.5757051963736,455.6128090996164,445.71744433202974,1382500,-1.64%
332,2023-04-24,446.00494384765625,447.3682221342527,448.4254427615401,443.96465379221115,955200,-0.34%
333,2023-04-25,441.0526123046875,445.8009212012756,446.0049502097305,441.0340745046406,839100,-1.11%
334,2023-04-26,428.10614013671875,439.5409914862855,439.5409914862855,426.23280339024154,1571900,-2.94%
335,2023-04-27,431.2407531738281,428.31945050627354,432.47418201497845,427.67025955704554,1491400,0.73%
336,2023-04-28,430.7307434082031,431.07387672221955,432.31658875497675,428.82955730056085,1040300,-0.12%
337,2023-05-01,435.34912109375,431.2778521871952,436.8793245401681,430.82340720709396,1524500,1.07%
338,2023-05-02,425.5743408203125,434.37535241233735,434.5144566673565,424.0533921601436,1105500,-2.25%
339,2023-05-03,420.1769104003906,424.9344745011999,426.11226171152214,419.8244940518881,1116700,-1.27%
340,2023-05-04,419.11956787109375,420.723978883315,421.07639515321176,413.81484262891865,962700,-0.25%
341,2023-05-05,422.467529296875,419.8244353546345,423.91427009225185,419.25870700534875,930600,0.80%
342,2023-05-08,418.2200622558594,423.3485802565139,425.02717105388274,417.39469143435093,808300,-1.01%
343,2023-05-09,419.2216796875,420.0192296759384,420.9559122315578,417.42252238568926,623800,0.24%
344,2023-05-10,420.2510070800781,419.93569469935085,420.3808565731916,416.13335172849224,850900,0.25%
345,2023-05-11,417.9696350097656,417.8676063594275,419.3885549500437,415.9757319737123,645400,-0.54%
346,2023-05-12,418.0624084472656,419.9264621073719,420.91878631718083,415.2894648301174,696500,0.02%
347,2023-05-15,419.1103515625,418.0623857065275,420.4365259191803,416.7918530499888,668300,0.25%
348,2023-05-16,415.22454833984375,419.26799618552803,419.5925916396686,415.15962358861884,569500,-0.93%
349,2023-05-17,424.09979248046875,417.329787252501,425.1292206727251,417.27414554502633,1101900,2.14%
350,2023-05-18,422.6623229980469,422.34701056363394,423.5804394483076,416.7733305004853,1456500,-0.34%
351,2023-05-19,421.4938049316406,423.84940767133116,424.99937403625654,419.9821391636894,804100,-0.28%
352,2023-05-22,421.70709228515625,421.0393635280983,424.1646952444715,418.80432738714035,628000,0.05%
353,2023-05-23,419.7688293457031,419.2865635049173,423.2651151814708,417.3297641955315,1027200,-0.46%
354,2023-05-24,419.8522644042969,420.33450191151286,423.58039986488967,418.4240613802555,858600,0.02%
355,2023-05-25,410.6803283691406,418.7208948832282,418.7208948832282,407.77759156477185,1205000,-2.18%
356,2023-05-26,415.89227294921875,410.70808538876713,418.9712174528818,410.0032810889324,1135500,1.27%
357,2023-05-30,415.44708251953125,415.5490828617462,416.44866135156326,411.9878728005475,1163300,-0.11%
358,2023-05-31,414.5508117675781,415.1203257809898,416.34340755704085,413.60781417963176,1673500,-0.22%
359,2023-06-01,419.8353271484375,416.03535649121125,420.87166724069965,414.0000018736303,878700,1.27%
360,2023-06-02,424.3355407714844,422.1227898170378,426.08146566827384,420.66629479657166,894700,1.07%
361,2023-06-05,424.5222473144531,425.87605416627986,426.45491387082404,422.45888428905556,807200,0.04%
362,2023-06-06,428.2008361816406,426.23081557700664,428.8637211466659,424.24216068193084,816800,0.87%
363,2023-06-07,431.1138000488281,427.7246388160721,432.9811040013948,424.82099484637354,893100,0.68%
364,2023-06-08,433.37322998046875,431.51524325997076,435.4739468282792,430.8430127289596,863400,0.52%
365,2023-06-09,431.991455078125,434.51232692728894,434.51232692728894,429.84406683091015,713100,-0.32%
366,2023-06-12,429.3585510253906,432.08482746790395,432.1595070928721,427.78067682795216,954400,-0.61%
367,2023-06-13,422.35614013671875,425.7546470084155,426.6509449280553,416.30609356315324,1486300,-1.63%
368,2023-06-14,422.52423095703125,421.4598824183347,423.33653218818364,418.808313970747,945700,0.04%
369,2023-06-15,425.69866943359375,423.87803651400185,428.08881643495357,423.80335688580925,892400,0.75%
370,2023-06-16,428.7049865722656,427.3605254592704,431.13245889419886,426.3054941768563,1642800,0.71%
371,2023-06-20,427.9673767089844,428.9943995316876,431.2445041046296,427.1270956696075,774800,-0.17%
372,2023-06-21,435.1191711425781,430.4695740845539,436.17420242526043,427.6219469792866,906900,1.67%
373,2023-06-22,432.6824035644531,434.63373311414,435.12856760767016,430.88046177601336,688500,-0.56%
374,2023-06-23,428.8823547363281,432.7663503458973,434.5403118809578,427.73398105002747,1348200,-0.88%
375,2023-06-26,422.7575988769531,425.68927972721593,425.89468429948147,417.04365340294436,997200,-1.43%
376,2023-06-27,423.08441162109375,422.74831056689663,425.3998789124917,422.40286387470553,671100,0.08%
377,2023-06-28,419.8259582519531,423.48585810558626,423.65393711871656,417.77191247189546,848900,-0.77%
378,2023-06-29,427.0897521972656,420.0686997592759,427.1737774540058,419.004322854974,684200,1.73%
379,2023-06-30,429.8346862792969,428.77030938723425,431.97275720775514,426.48287922148637,982700,0.64%
380,2023-07-03,431.88873291015625,429.4799232686545,432.58897191548556,427.19246445412614,385400,0.48%
381,2023-07-05,432.0567932128906,430.9457450931322,432.607644454089,428.49023586194835,625500,0.04%
382,2023-07-06,431.01116943359375,432.28092261397154,432.28092261397154,428.86375250635353,675900,-0.24%
383,2023-07-07,428.2754821777344,429.47990118294786,431.2445170621767,427.7059681592298,642200,-0.63%
384,2023-07-10,429.8346862792969,428.0794160667842,431.89804909631414,427.65926129511814,718400,0.36%
385,2023-07-11,435.35260009765625,430.66564881107263,436.10885594003844,429.2838620831634,709200,1.28%
386,2023-07-12,431.3098449707031,436.20220054255554,436.22086332406786,430.52558075524496,1067100,-0.93%
387,2023-07-13,435.4366455078125,430.413592944536,436.4263143965474,429.7880335372643,821700,0.96%
388,2023-07-14,433.5039978027344,435.0818721076131,435.56736093496016,431.68336483778194,933200,-0.44%
389,2023-07-17,438.78851318359375,435.35268002288467,442.5417846642028,434.7271205297149,1886300,1.22%
390,2023-07-18,425.4652404785156,442.89650788210434,447.68614734371175,424.13944206216786,3122600,-3.04%
391,2023-07-19,421.55322265625,426.6789630066211,428.8076884219532,418.3787830694023,2141500,-0.92%
392,2023-07-20,425.754638671875,422.5988904936045,427.79933874021486,422.0106852009592,1353800,1.00%
393,2023-07-21,424.58758544921875,424.63425665130944,426.62293993648774,423.2711327323712,934300,-0.27%
394,2023-07-24,426.4922180175781,425.745307822027,427.56594060127964,423.9153578979682,892200,0.45%
395,2023-07-25,424.01806640625,422.4121837647869,424.58760896440555,417.7346064400221,1207800,-0.58%
396,2023-07-26,422.7669677734375,424.18610858265924,426.72564321002335,421.8893325975456,1322300,-0.30%
397,2023-07-27,418.87359619140625,421.54382691124624,422.40279918397465,415.7738650888048,1603600,-0.92%
398,2023-07-28,419.209716796875,418.27606486636967,420.75023678364954,416.8662413336121,1163100,0.08%
399,2023-07-31,416.7542419433594,419.8726362286333,419.8726362286333,415.1296965683383,1806000,-0.59%
400,2023-08-01,421.3384704589844,417.37044948687293,423.05638670777455,417.24907016887835,1047900,1.10%
401,2023-08-02,418.7989501953125,421.3384848438779,423.065746789268,418.1920820774183,905700,-0.60%
402,2023-08-03,418.201416015625,417.64121911754927,420.3301414340745,416.3901288577656,1240700,-0.14%
403,2023-08-04,416.14739990234375,418.81763113395095,420.4141966812628,415.76459913623506,846800,-0.49%
404,2023-08-07,419.9380187988281,417.6412427289468,420.5822409941167,416.6702366169061,746800,0.91%
405,2023-08-08,419.6485900878906,419.20977248255105,420.61959620258244,417.87465688284954,791600,-0.07%
406,2023-08-09,422.7669677734375,420.2180875082027,423.9246871574658,420.1340622457618,1211700,0.74%
407,2023-08-10,420.1900634765625,422.0106962402044,423.849991786096,419.45249892493905,688700,-0.61%
408,2023-08-11,423.9246520996094,421.24507558977353,423.96200615520456,420.6288618900349,690500,0.89%
409,2023-08-14,420.21807861328125,424.42885824085704,425.38117302116115,419.82596073019045,752300,-0.87%
410,2023-08-15,414.1493225097656,418.27607669614287,420.14338060996494,413.86923831981096,725300,-1.44%
411,2023-08-16,415.59649658203125,413.47708842259107,417.3704295864218,412.954245610619,822000,0.35%
412,2023-08-17,417.0436706542969,417.00634508892045,420.3488067291812,416.81960329084643,635800,0.35%
413,2023-08-18,420.1994323730469,415.86730174916664,425.1571223968817,415.82994768980245,1075700,0.76%
414,2023-08-21,421.5345153808594,419.9939953414785,422.9723473809199,419.2097311122082,573500,0.32%
415,2023-08-22,422.8883056640625,421.76791195568546,423.7752863909273,420.57283863005455,671800,0.32%
416,2023-08-23,424.4102478027344,424.4195649487586,424.70902331713717,422.09478030531477,1043200,0.36%
417,2023-08-24,422.52423095703125,423.18714443852804,427.30455346761164,422.4215429063429,697800,-0.44%
418,2023-08-25,421.1611328125,425.0544747028673,425.0544747028673,419.265820142218,785200,-0.32%
419,2023-08-28,422.3094787597656,420.89965512446895,423.25244790305874,420.39547506734334,641000,0.27%
420,2023-08-29,418.6495361328125,422.3094643787844,423.1870995068288,414.9989535242017,1053700,-0.87%
421,2023-08-30,422.39349365234375,419.6205461454149,425.6706212040225,418.73356537157684,875900,0.89%
422,2023-08-31,421.397216796875,423.7187326343229,426.35039773292857,421.1998490852291,826300,-0.24%
423,2023-09-01,421.2373962402344,423.2487626848671,424.7243881213877,420.86144820547025,668600,-0.04%
424,2023-09-05,418.4271545410156,421.06822751269436,421.3783767561918,418.2955569520795,854000,-0.67%
425,2023-09-06,398.4546203613281,413.7747255897544,414.80860423259855,398.1914538597857,2548000,-4.77%
426,2023-09-07,400.33441162109375,398.511033371875,402.0637956824458,396.63126434653594,1195700,0.47%
427,2023-09-08,397.65570068359375,400.70091706311183,400.8043192657356,396.8662012030889,1162300,-0.67%
428,2023-09-11,395.3718566894531,396.8380743612136,397.3174246826359,391.4807207030876,1618300,-0.57%
429,2023-09-12,392.7119140625,394.3191371521588,394.8548494990474,390.9355473357688,1307700,-0.67%
430,2023-09-13,395.68194580078125,394.5822970557207,396.8662093874592,393.4168208321815,971500,0.76%
431,2023-09-14,400.28741455078125,395.43760719691943,401.0111152737711,395.43760719691943,992400,1.16%
432,2023-09-15,398.5579528808594,398.4263839851226,403.09761041917665,398.2383956392192,1681600,-0.43%
433,2023-09-18,404.01873779296875,401.9510091007678,405.51317939045316,400.954733824444,951200,1.37%
434,2023-09-19,399.7422180175781,404.3852490873284,405.1653404917788,399.50724692572027,862300,-1.06%
435,2023-09-20,401.2837219238281,401.2837219238281,404.94926594892723,401.0205553959492,1044100,0.39%
436,2023-09-21,392.4394226074219,400.13707975040927,400.96415410193157,392.1104572619178,1669400,-2.20%
437,2023-09-22,388.783203125,390.93554658061515,392.40176405105234,388.3884677122656,1453300,-0.93%
438,2023-09-25,388.07830810546875,388.38848605597883,389.0652040499113,386.77188355286245,748300,-0.18%
439,2023-09-26,384.1777648925781,385.9447522292535,386.54626335576177,383.237880452474,1108000,-1.01%
440,2023-09-27,384.14959716796875,384.58193601030877,385.3526481906097,381.32994364462286,1317700,-0.01%
441,2023-09-28,386.2549133300781,385.25863808762676,388.04068808449114,384.24357548167546,819700,0.55%
442,2023-09-29,384.3751525878906,386.25492156587933,386.71548446992546,383.0875154272481,764100,-0.49%
443,2023-10-02,383.3036804199219,384.3751337697604,386.2830980416894,381.4897103288902,733200,-0.28%
444,2023-10-03,379.5535888671875,382.89960446213684,383.00297800124105,378.3881411310941,899200,-0.98%
445,2023-10-04,377.2038269042969,376.57412036322853,377.8335621283633,373.23751323911205,1243400,-0.62%
446,2023-10-05,373.463134765625,376.8561042513265,377.2978511407973,370.89723959703883,1162800,-0.99%
447,2023-10-06,376.639892578125,371.6302925753271,378.2282995367686,370.09827638703797,1135600,0.85%
448,2023-10-09,410.28778076171875,402.9472850912483,410.3535795608187,397.93771331304333,5343700,8.93%
449,2023-10-10,408.9437255859375,414.97776762833803,416.0116462489509,406.52821569118674,2626200,-0.33%
450,2023-10-11,410.4005432128906,408.58657309126204,412.42128906278236,407.2519245392001,1419500,0.36%
451,2023-10-12,408.04150390625,411.716427360195,412.69391535122696,404.2537415263764,1121900,-0.57%
452,2023-10-13,414.54547119140625,412.1675644624289,416.48163104110324,408.53962392097725,1519300,1.59%
453,2023-10-16,413.9345703125,413.00409375912454,416.8388102156727,408.2764754805487,1931300,-0.15%
454,2023-10-17,414.6112060546875,410.31592750324,425.5702614973875,408.9718997078228,3103900,0.16%
455,2023-10-18,419.2543029785156,416.66021247365916,420.96489972252965,413.80295544533897,2024100,1.12%
456,2023-10-19,422.1773376464844,416.98918522734505,422.6379005830006,415.607553783797,2012400,0.70%
457,2023-10-20,417.468505859375,424.2356569664812,425.3917252131652,417.31812089926177,1715100,-1.12%
458,2023-10-23,419.33892822265625,417.5061417285606,424.8842417800447,416.82942365044863,1502400,0.45%
459,2023-10-24,414.3950500488281,422.1303094314413,423.5213200662995,413.86871704920657,1367100,-1.18%
460,2023-10-25,420.77691650390625,417.6282975246583,422.3653236881209,417.00797027966917,1228900,1.54%
461,2023-10-26,419.16033935546875,421.0777119851007,423.9725439543081,417.0079955740731,1432000,-0.38%
462,2023-10-27,416.7353820800781,416.76357746639536,420.7486783752173,413.7747231017816,1288400,-0.58%
463,2023-10-30,419.0381164550781,417.70349648163966,419.9967883521818,416.18085944553434,948800,0.55%
464,2023-10-31,427.30908203125,420.4103048962888,427.7696162352553,418.6339381929847,1418700,1.97%
465,2023-11-01,425.18499755859375,428.8975244980231,429.24530589179886,424.3202911109106,1267000,-0.50%
466,2023-11-02,430.5047607421875,423.6529938094037,430.67393309040375,423.6529938094037,1242000,1.25%
467,2023-11-03,426.08721923828125,427.750804412786,430.2415211874424,424.01008260519944,1365400,-1.03%
468,2023-11-06,424.0382995605469,427.497067678215,427.497067678215,423.54956994054993,1440800,-0.48%
469,2023-11-07,423.0889892578125,425.918050696581,425.918050696581,422.65665043200994,1220100,-0.22%
470,2023-11-08,417.9290466308594,423.0890033748182,424.6116116807078,417.33691480456923,1386400,-1.22%
471,2023-11-09,415.8612976074219,418.6339684207519,418.82192811536794,413.24841978336485,1775500,-0.49%
472,2023-11-10,418.12646484375,417.3181778412258,419.0287460445451,414.46092057520553,1525400,0.54%
473,2023-11-13,418.2768249511719,418.2486295616675,421.6040243276891,416.64143499391787,1003800,0.04%
474,2023-11-14,417.5155029296875,416.3688426671217,419.8746222551874,415.29736054569173,1336800,-0.18%
475,2023-11-15,418.38018798828125,416.8105682981928,421.07765183592636,416.8105682981928,1098400,0.21%
476,2023-11-16,418.8031311035156,419.0004988173657,420.758106926884,416.88575869140396,912900,0.10%
477,2023-11-17,417.9478759765625,419.79007043961843,420.3445989102418,417.51553709290727,898600,-0.20%
478,2023-11-20,417.1301574707031,417.33693321784824,418.8031508128771,414.2635210826916,982000,-0.20%
479,2023-11-21,421.2091979980469,418.2485678052383,421.6039620758196,417.45906833268907,1177800,0.98%
480,2023-11-22,423.3239440917969,420.5982849649363,424.54581106797343,420.5982849649363,833800,0.50%
481,2023-11-24,424.83721923828125,424.5364493021741,425.3823396498505,422.7036629797088,326600,0.36%
482,2023-11-27,418.70916748046875,424.69622759593625,425.60791677521945,418.6527767009668,1496900,-1.44%
483,2023-11-28,421.322021484375,420.9366653910171,423.7751349852636,419.1884939598313,1124900,0.62%
484,2023-11-29,418.25799560546875,422.51567109128945,422.51567109128945,417.2241169557446,1272900,-0.73%
485,2023-11-30,423.8522644042969,419.3370653194232,423.93745356958027,418.87324801261053,1514500,1.34%
486,2023-12-01,425.4046936035156,424.4486336774324,426.5879246457071,424.2119874689941,856900,0.37%
487,2023-12-04,426.61639404296875,423.4737249241023,426.87196159232633,422.28101858547046,1265700,0.28%
488,2023-12-05,422.40399169921875,426.23767746980917,426.5689879271405,422.0821563338749,1055700,-0.99%
489,2023-12-06,425.4046936035156,421.7035434370435,426.3796748267823,421.7035434370435,864100,0.71%
490,2023-12-07,423.2275390625,426.3607614972539,427.2789499586523,422.4513614387997,861100,-0.51%
491,2023-12-08,424.0889587402344,424.6095977704736,426.4648960957867,423.5588735044306,761100,0.20%
492,2023-12-11,427.1559753417969,427.7428534459013,429.0491454259958,425.49945151812284,1021600,0.72%
493,2023-12-12,427.5061340332031,427.5534517222182,429.5128893570733,426.3134278402517,1008200,0.08%
494,2023-12-13,427.3262939453125,428.75564640295056,429.9294024469835,426.43650181919753,1300300,-0.04%
495,2023-12-14,421.48583984375,426.44596426697456,426.78672095837175,417.8604324575987,1891000,-1.37%
496,2023-12-15,418.2106628417969,417.4439314012418,420.8042961647867,415.2762439410726,3973400,-0.78%
497,2023-12-18,423.0382385253906,419.06257060279256,423.3695490001866,418.6460709580451,1197300,1.15%
498,2023-12-19,423.8712463378906,423.76710698087123,424.6285026776706,422.31883328762075,695000,0.20%
499,2023-12-20,418.9584655761719,424.10788953494415,424.59062817093826,418.93006918581926,1306800,-1.16%
500,2023-12-21,424.0889587402344,420.5108689548198,424.16470170962276,420.49194765621206,637200,1.22%
501,2023-12-22,424.2782897949219,425.9632097803316,427.6102582808223,424.1741504332643,623600,0.04%
502,2023-12-26,426.1335754394531,424.21200928361884,427.32628163530825,423.89964898290725,516900,0.44%
503,2023-12-27,424.98822021484375,424.5906418496215,426.9287076889003,424.45813498619964,699900,-0.27%
504,2023-12-28,427.1275329589844,424.98824175017364,427.69546081311125,424.50547418668594,741800,0.50%
505,2023-12-29,429.0301208496094,427.8563648449127,429.2762421618759,427.051761921138,832400,0.45%
506,2024-01-02,431.7562561035156,430.03346482754057,437.3694970572668,430.03346482754057,1206500,0.64%
507,2024-01-03,434.5960998535156,434.2837395145283,439.31010354515064,433.3560758165813,1174300,0.66%
508,2024-01-04,433.412841796875,437.61568124090195,439.1680944082812,433.3181775253919,1087700,-0.27%
509,2024-01-05,432.11602783203125,435.4669466292341,435.53318562096666,429.0585480570785,705300,-0.30%
510,2024-01-08,434.1038513183594,430.1376581813335,434.189040494903,429.3046588273788,716000,0.46%
511,2024-01-09,431.917236328125,434.0564985795342,434.1132913630906,429.0585314142171,732900,-0.50%
512,2024-01-10,431.0747375488281,431.83202276594574,435.10719827848214,430.4878595602353,666100,-0.20%
513,2024-01-11,428.9259948730469,432.1727739541347,433.3465299163992,425.3573515241024,784800,-0.50%
514,2024-01-12,438.439208984375,432.9395527512223,438.6285375288387,432.144424861939,966500,2.22%
515,2024-01-16,433.3843688964844,441.36407159790406,441.36407159790406,431.98341303330045,814900,-1.15%
516,2024-01-17,432.087646484375,433.22356001407474,438.0700704841624,430.7718794976815,920800,-0.30%
517,2024-01-18,435.02203369140625,431.737382900701,435.41013697070906,429.31412784393916,780300,0.68%
518,2024-01-19,433.3087463378906,435.9591727064017,436.23369043697346,431.60487605457854,866600,-0.39%
519,2024-01-22,434.2552795410156,433.14776254452084,436.21468824638725,431.1126108733752,1216800,0.22%
520,2024-01-23,416.18499755859375,434.0943677698653,434.48247104710197,410.7137379675738,3613500,-4.16%
521,2024-01-24,408.5933837890625,416.0430026487959,419.5264571843183,408.4987195175166,1768900,-1.82%
522,2024-01-25,408.0159606933594,407.0315043153585,410.76105110775796,403.00851851689276,1813900,-0.14%
523,2024-01-26,406.9462890625,408.8962515076782,410.268811070657,403.91720604160435,1260500,-0.26%
524,2024-01-29,405.1477966308594,407.9780761284537,408.9530573822639,402.8381272531479,1903300,-0.44%
525,2024-01-30,408.6217346191406,408.23363137031305,408.7826667515722,404.93005954032265,1016400,0.86%
526,2024-01-31,406.4730529785156,409.25601508450103,410.55283186356945,406.1417424635211,1120100,-0.53%
527,2024-02-01,406.8137512207031,407.2492010406632,408.7069208771249,403.9077577525778,1175000,0.08%
528,2024-02-02,403.216796875,405.270898950262,405.99028387692533,401.7117302539469,973900,-0.88%
529,2024-02-05,399.17486572265625,401.35199944768755,401.7022312403033,397.40472768602507,1379600,-1.00%
530,2024-02-06,404.1444396972656,399.43991152954703,406.1038485104464,397.9064197067617,1065700,1.24%
531,2024-02-07,407.12615966796875,403.75631983097793,407.3060131048428,403.75631983097793,980700,0.74%
532,2024-02-08,404.1917724609375,406.4256990703752,406.7948810657796,402.9896199774669,972200,-0.72%
533,2024-02-09,403.71844482421875,404.6934260794323,404.8259618264893,401.7968787042356,1038600,-0.12%
534,2024-02-12,405.2046203613281,403.955121313199,407.55213251389586,403.2451826114184,1007200,0.37%
535,2024-02-13,403.7373962402344,406.4067726910107,408.8300278145938,400.632598807676,1089300,-0.36%
536,2024-02-14,395.8523864746094,404.83546894900314,405.611675587908,391.8104788933319,2503800,-1.95%
537,2024-02-15,400.51898193359375,396.22147857434385,400.73670685120766,396.22147857434385,1136700,1.18%
538,2024-02-16,401.41827392578125,400.5190066968604,402.4500480220025,399.9700001537945,806000,0.22%
539,2024-02-20,401.6075439453125,402.478414717879,405.4128335306324,401.1342515202709,1363900,0.05%
540,2024-02-21,404.71240234375,403.443981919184,405.3466269997737,401.7022689979524,969600,0.77%
541,2024-02-22,405.9808044433594,402.38376455452004,406.5392860579799,401.1910583576312,1236900,0.31%
542,2024-02-23,408.0916748046875,405.9618587935768,408.3851138107756,405.3276630917007,842200,0.52%
543,2024-02-26,406.2552795410156,408.45136332898875,409.3506304926993,403.9929567679353,980600,-0.45%
544,2024-02-27,407.4385070800781,405.78198360466314,408.1957922870397,403.71843557971204,887000,0.29%
545,2024-02-28,409.3790283203125,408.8110716300523,411.7833330520329,407.82661529276646,1029300,0.48%
546,2024-02-29,408.3396911621094,409.3790354039643,410.7330608517272,407.6912977248943,1503100,-0.25%
547,2024-03-01,406.6424255371094,408.01551116597426,408.9785858485689,404.2967497125604,1059000,-0.42%
548,2024-03-04,411.8677673339844,408.654375758772,413.7176179374206,407.109661751649,1271900,1.28%
549,2024-03-05,411.9058837890625,413.5840767359118,415.7486083750102,409.78904610775726,1038000,0.01%
550,2024-03-06,413.3362121582031,411.90591709839964,413.65086426761184,410.8951775840927,775300,0.35%
551,2024-03-07,410.00836181640625,413.8320264881711,415.3385911080439,409.52208129639206,1085800,-0.81%
552,2024-03-08,412.78314208984375,408.58761579884253,412.85944078753903,407.70083985926766,763200,0.68%
553,2024-03-11,414.5471496582031,414.1275941483064,415.74860671830976,412.4970660663225,951000,0.43%
554,2024-03-12,414.6997375488281,412.8022221526056,415.5293039964344,412.25870306644066,825100,0.04%
555,2024-03-13,414.4041442871094,415.4625486205781,417.44590731849297,413.5840933544832,987100,-0.07%
556,2024-03-14,415.51971435546875,416.0822935049553,417.2742058808396,413.16449433674455,1153600,0.27%
557,2024-03-15,415.5674133300781,413.021475660689,417.8463346885973,413.021475660689,5151300,0.01%
558,2024-03-18,413.0692138671875,415.56745784894275,415.8249004770305,411.61982962170384,965300,-0.60%
559,2024-03-19,416.8737487792969,415.023898403319,416.96910759134784,413.812925878601,898700,0.92%
560,2024-03-20,419.94415283203125,416.72121676046595,420.46858269480845,416.27305649431173,845000,0.74%
561,2024-03-21,422.5663757324219,420.85000420192665,423.2624631369448,418.91433938601347,912100,0.62%
562,2024-03-22,425.15997314453125,423.84409705120856,425.5127745986543,423.05267993245366,1008300,0.61%
563,2024-03-25,425.5699157714844,427.0478754365352,427.70581337760234,424.1396209603684,775000,0.10%
564,2024-03-26,425.2648010253906,425.75111059791163,427.7725893786613,425.14083747949906,766700,-0.07%
565,2024-03-27,435.5533752441406,427.06696517446727,435.86802729922107,427.04787595333227,1277700,2.42%
566,2024-03-28,433.732177734375,435.5724836135578,435.86807557966796,432.8549464476693,1119500,-0.42%
567,2024-04-01,431.7488708496094,433.0361422112413,434.19942091351766,430.25182171719723,717100,-0.46%
568,2024-04-02,432.1779479980469,432.54983868307613,434.5141082465223,431.5295545517385,837900,0.10%
569,2024-04-03,427.08612060546875,431.8728602709771,433.04568365561045,426.79052860613604,758600,-1.18%
570,2024-04-04,432.94073486328125,429.33639291435105,434.7905852438912,426.37089971885655,1398300,1.37%
571,2024-04-05,434.218505859375,431.3865205314595,434.3996788914195,428.9454860043017,892100,0.30%
572,2024-04-08,431.35791015625,434.8096841331532,435.7632141422171,431.2530067235512,751100,-0.66%
573,2024-04-09,426.77142333984375,427.83937226956175,431.05276367040375,425.4460026899583,842800,-1.06%
574,2024-04-10,430.718994140625,424.025224544989,431.5771652529746,422.2611883644001,1247700,0.92%
575,2024-04-11,431.3006896972656,430.51878812588797,432.6642305916316,428.0872983044822,942800,0.14%
576,2024-04-12,429.4698791503906,433.00746707990464,436.69765239117197,429.1933473199555,1251200,-0.42%
577,2024-04-15,432.0253601074219,437.6607259060208,437.9563178784164,430.6427590654418,2442100,0.60%
578,2024-04-16,433.1982421875,433.5796483942177,437.5272768372883,432.54984872613704,1452300,0.27%
579,2024-04-17,434.8573303222656,435.4866635931572,435.99203331228483,430.73810297554184,848300,0.38%
580,2024-04-18,434.8955078125,433.70359527521447,436.764418523124,433.1600761743498,714900,0.01%
581,2024-04-19,442.3139343261719,436.52600053173535,443.7346846433108,436.03017543232255,1388000,1.71%
582,2024-04-22,439.8919677734375,443.6107579318953,447.7204697701296,439.01473649767877,1820900,-0.55%
583,2024-04-23,438.7000427246094,444.4498271084414,451.53457669004405,436.3925165616307,1789500,-0.27%
584,2024-04-24,437.8037414550781,441.1983056424681,442.14229095149244,434.8668530056763,1018900,-0.20%
585,2024-04-25,443.1816711425781,436.669074062394,443.96357272451127,436.2685786596345,927700,1.23%
586,2024-04-26,439.8538818359375,442.34258128130585,444.3450001921862,437.8324027999845,858000,-0.75%
587,2024-04-29,445.82293701171875,440.52131257354665,445.91829583099474,440.4927078377065,951500,1.36%
588,2024-04-30,443.32470703125,445.3747907627648,446.2329910638228,442.0755850278859,711800,-0.56%
589,2024-05-01,440.27337646484375,441.11245834335676,443.77281494399125,439.1577336647636,994700,-0.69%
590,2024-05-02,441.6750793457031,439.67266065409444,442.0564855013847,437.6702419624858,1011400,0.32%
591,2024-05-03,440.445068359375,441.41765853341496,441.41765853341496,435.9253452396107,910700,-0.28%
592,2024-05-06,441.2745666503906,441.63691266886684,441.9611093434447,438.7953830866161,796300,0.19%
593,2024-05-07,444.99334716796875,442.4378939025658,445.1173107165649,441.6369322417421,723400,0.84%
594,2024-05-08,444.49749755859375,445.77522412082754,446.2519890664113,442.22809176170733,599000,-0.11%
595,2024-05-09,446.6239013671875,444.42122044022113,446.97670278813393,443.5916540505526,594800,0.48%
596,2024-05-10,447.0911560058594,447.20557495121795,448.75028891241203,446.23298481624346,482500,0.10%
597,2024-05-13,448.693115234375,448.04472175933284,450.3999422372741,447.68237567050664,634300,0.36%
598,2024-05-14,445.4700927734375,449.2174583056215,449.2174583056215,445.1077467546551,565500,-0.72%
599,2024-05-15,442.51416015625,444.61193765645754,445.67988652949987,441.97067020797175,803900,-0.66%
600,2024-05-16,443.2293395996094,442.05651631661806,446.55717910601487,431.94909243964617,1130800,0.16%
601,2024-05-17,444.53570556640625,444.19241962858337,445.2985179402377,441.6274215548921,677200,0.29%
602,2024-05-20,445.374755859375,446.0326938522634,446.9862238014436,443.31515677663936,735200,0.19%
603,2024-05-21,446.5476379394531,446.2520459634571,447.31999492182035,445.1459476567447,558900,0.26%
604,2024-05-22,447.882568359375,445.7466704702032,448.0637413874129,445.0887324419447,548700,0.30%
605,2024-05-23,445.374755859375,446.337830419863,447.8539395471286,444.56427868211154,867000,-0.56%
606,2024-05-24,445.6322326660156,445.9373692371051,446.8813545857741,443.83959168514616,513700,0.06%
607,2024-05-28,437.1744384765625,443.9730828335279,444.34497349580886,436.0015861179369,1150400,-1.90%
608,2024-05-29,431.6820983886719,434.79061546898197,434.80967559299535,430.8048379938158,1268000,-1.26%
609,2024-05-30,439.5201416015625,433.85617080203883,441.42720169300003,433.85617080203883,1173600,1.82%
610,2024-05-31,448.4833068847656,439.4819811525592,448.5023670094047,438.1375003301199,1651600,2.04%
611,2024-06-03,448.8769226074219,447.3409820459921,451.6799870335738,446.3906318235431,990100,0.09%
612,2024-06-04,450.1152648925781,448.7905165635997,451.3344024801597,447.4945658376152,845800,0.28%
613,2024-06-05,446.601806640625,449.6640786778472,450.0768540820801,445.0562571728384,915300,-0.78%
614,2024-06-06,449.8560791015625,446.6018326220806,450.97924426434037,445.75706383223576,768100,0.73%
615,2024-06-07,451.3055725097656,450.0384194776546,456.25896493886876,449.85602490656464,1042800,0.32%
616,2024-06-10,448.74249267578125,451.9007664582654,451.9007664582654,447.1105797104517,900400,-0.57%
617,2024-06-11,444.26904296875,447.03372975954744,447.8976870577652,444.0578508029078,908300,-1.00%
618,2024-06-12,440.726806640625,443.78907850147374,444.68186272570955,439.34449249392884,1026400,-0.80%
619,2024-06-13,440.1988525390625,440.27566567435616,441.341206237629,437.7509684967785,742000,-0.12%
620,2024-06-14,439.9876708984375,438.22134958753594,440.19886308211204,436.2438360929599,702800,-0.05%
621,2024-06-17,440.6308288574219,439.4212710360592,440.8036144617233,438.03892761039504,669700,0.15%
622,2024-06-18,441.5811767578125,441.3891732235803,442.25315983199874,439.0756976211524,657900,0.22%
623,2024-06-20,447.6673278808594,441.5811906384053,448.77127499832994,440.7748285014104,1041400,1.38%
624,2024-06-21,448.8769226074219,448.4449292541471,450.9888152457119,445.08507209285744,3363500,0.27%
625,2024-06-24,452.6303405761719,450.18242720747793,456.6429627247138,449.0880890286155,1031500,0.84%
626,2024-06-25,449.3280944824219,451.96798219257533,452.73593780818663,447.9745485410131,711200,-0.73%
627,2024-06-26,448.2912902832031,448.30089924879405,449.35686011685664,445.1522345757882,932100,-0.23%
628,2024-06-27,448.4256591796875,450.1055874552461,450.1055874552461,446.6785267421568,871000,0.03%
629,2024-06-28,448.39691162109375,451.2287734528327,452.8607156780315,446.256192233201,3472500,-0.01%
630,2024-07-01,447.7633361816406,451.9199462988505,452.79351261724275,446.1506118841292,562500,-0.14%
631,2024-07-02,447.052978515625,446.95697674350885,447.98414004345926,445.44022491270533,502500,-0.16%
632,2024-07-03,447.3697204589844,446.8513343627675,447.79210478988324,445.54580410044423,313300,0.07%
633,2024-07-05,443.65472412109375,446.3618159540781,446.3810045906451,441.2836238496151,631400,-0.83%
634,2024-07-08,443.2707214355469,444.1538673981007,445.96820415099944,442.65633355235576,447700,-0.09%
635,2024-07-09,441.869140625,443.2131067364527,444.0962526601568,441.3507838289401,537100,-0.32%
636,2024-07-10,442.5507507324219,441.9363628511484,442.9155398749747,438.94129516900676,656000,0.15%
637,2024-07-11,441.9459533691406,441.5043804076739,447.1201174294663,437.8469094649131,1132900,-0.14%
638,2024-07-12,445.1618957519531,443.8467270237014,446.28503162399807,441.13005534488815,579400,0.73%
639,2024-07-15,445.30584716796875,448.0225186234566,448.54090475789485,444.24988626286415,783000,0.03%
640,2024-07-16,449.817626953125,445.1810373410825,450.4032172440545,445.1810373410825,736400,1.01%
641,2024-07-17,457.00775146484375,451.1807924967541,457.689314246478,450.89281647511376,1123100,1.60%
642,2024-07-18,456.9405822753906,455.5006434656993,461.6059699568882,454.0798932937103,981100,-0.01%
643,2024-07-19,455.9037780761719,460.3387843278925,460.3387843278925,453.87824918847787,889400,-0.23%
644,2024-07-22,455.58697509765625,455.98056183492577,457.0653202798543,453.91665567732446,881600,-0.07%
645,2024-07-23,481.2178649902344,469.266363481636,481.6786265703013,463.52579799976667,2579100,5.63%
646,2024-07-24,494.5709533691406,484.7793585669628,498.7851879936339,481.3331088205462,2580100,2.77%
647,2024-07-25,500.5227355957031,494.3789734598925,505.6008985214965,492.3342557367286,1923900,1.20%
648,2024-07-26,503.7864990234375,501.3769924271117,507.4727675651124,499.1883162549069,1141300,0.65%
649,2024-07-29,506.51275634765625,502.0585327409809,508.2598886741861,498.4682956290576,961200,0.54%
650,2024-07-30,516.131591796875,506.81042629212925,516.8996059615902,504.0073620829334,1234200,1.90%
651,2024-07-31,520.2210693359375,521.2578416696729,525.0976784407202,516.6308313296097,1481500,0.79%
652,2024-08-01,526.8831176757812,522.2561079574871,527.1327164069602,519.0402685303773,1271700,1.28%
653,2024-08-02,526.7968139648438,529.0526945842414,538.6522863114794,519.7123105828414,1484800,-0.02%
654,2024-08-05,523.5425415039062,531.010993445842,540.0730104353333,516.6884189069084,1683800,-0.62%
655,2024-08-06,519.8754272460938,524.1184298943632,527.4782866111889,519.4722608456251,1033700,-0.70%
656,2024-08-07,526.5471801757812,518.2531194133238,530.0606047340596,515.2484427152895,1306600,1.28%
657,2024-08-08,529.53271484375,523.6673779097958,531.5102285478025,521.9202450502911,846300,0.57%
658,2024-08-09,529.4942016601562,530.0509356944945,531.4428879628349,526.1823313916902,825100,-0.01%
659,2024-08-12,534.6107788085938,529.0046506622721,535.2347756393281,528.3614944922277,793700,0.97%
660,2024-08-13,537.0202026367188,534.6011460002924,537.2794102943241,530.1949087772153,793600,0.45%
661,2024-08-14,540.6680908203125,535.733945989602,541.6280498397794,534.6971738430282,796700,0.68%
662,2024-08-15,537.8555297851562,539.3050775806219,541.4938127240096,536.4540268236551,974600,-0.52%
663,2024-08-16,537.7018432617188,538.8249788943249,539.900128294832,534.6971668826011,912000,-0.03%
664,2024-08-19,536.0315551757812,533.0844738218317,540.2265715932066,533.017269656481,709700,-0.31%
665,2024-08-20,534.7068481445312,535.6283714174227,536.5211849749201,528.8991070853492,972200,-0.25%
666,2024-08-21,531.5869750976562,536.0219815733877,537.5675017046642,531.1549817726165,883100,-0.58%
667,2024-08-22,534.72607421875,531.990155482554,535.8299920880866,531.1166184349484,774500,0.59%
668,2024-08-23,532.7869873046875,535.6572560584273,536.4924159101421,530.6462969481382,870400,-0.36%
669,2024-08-26,535.753173828125,533.842864509738,537.7115279766273,533.842864509738,795400,0.56%
670,2024-08-27,537.9706420898438,537.049118871707,539.6793973755596,534.7164253389199,749600,0.41%
671,2024-08-28,541.3977661132812,539.6890692197388,545.9575722732458,539.2859027648315,829300,0.64%
672,2024-08-29,544.1527709960938,541.416911105201,545.803931050603,540.4569520429577,662300,0.51%
673,2024-08-30,545.352783203125,542.3481063018091,546.3031920018506,540.0250215067491,1082800,0.22%
674,2024-09-03,547.5440063476562,547.6502353991359,552.1582239825286,545.584454476797,1266900,0.40%
675,2024-09-04,554.8418579101562,549.5905601827144,558.6547917894674,548.9920127558041,941700,1.33%
676,2024-09-05,548.8665161132812,555.2472112716825,555.942207301974,544.8314620160841,841000,-1.08%
677,2024-09-06,546.9745483398438,549.3105860502834,552.2644373608559,545.3528318279556,976700,-0.34%
678,2024-09-09,556.5697021484375,547.823981631247,557.9500906312302,547.7949940033699,810200,1.75%
679,2024-09-10,552.341552734375,557.5252704305035,557.8051895363923,550.632932639495,756400,-0.76%
680,2024-09-11,547.2930297851562,551.3859411222849,552.5539303309455,541.6073309042962,809200,-0.91%
681,2024-09-12,548.5576782226562,545.4010902272436,549.2333492531809,544.339270963892,739400,0.23%
682,2024-09-13,550.140625,547.3315945918592,552.6022163428303,544.9473035803309,638800,0.29%
683,2024-09-16,553.0463256835938,554.4846305935392,556.9848136532448,549.2526580264384,597700,0.53%
684,2024-09-17,547.3412475585938,547.003353204736,548.4030665725824,544.0495025629469,739900,-1.03%
685,2024-09-18,545.8739624023438,546.6751874028197,549.7834619910326,542.7753503554999,731700,-0.27%
686,2024-09-19,545.5748291015625,546.8200599146365,547.843346820786,542.6595690764428,917500,-0.05%
687,2024-09-20,552.0809936523438,543.547672104288,553.6062024770293,543.4125143400114,3794400,1.19%
688,2024-09-23,560.373046875,551.6755799238698,561.5700238332655,551.0191751053998,884500,1.50%
689,2024-09-24,558.5581665039062,558.8477481540111,561.0003738240484,556.164212972459,690100,-0.32%
690,2024-09-25,557.8921508789062,561.3865739220726,563.5006085403807,556.8495979241123,844500,-0.12%
691,2024-09-26,557.3709106445312,555.0541393652217,562.322963592651,554.513567255775,746200,-0.09%
692,2024-09-27,562.1588134765625,557.6122338372564,563.8095174180205,555.3727039975605,848100,0.86%
693,2024-09-30,564.282470703125,563.8770563826346,564.6589563168342,559.1180779043659,974900,0.38%
694,2024-10-01,584.8436889648438,565.7884468496168,590.2783981454534,561.7244636841292,2356200,3.64%
695,2024-10-02,582.2759399414062,583.9555726149908,588.8400467113212,580.5576570982597,1192500,-0.44%
696,2024-10-03,584.8050537109375,583.4729190507122,587.8747373877352,580.1522449425762,856600,0.43%
697,2024-10-04,584.1389770507812,582.719938449319,585.2587125135502,578.5305193587822,559800,-0.11%
698,2024-10-07,584.5347290039062,585.9441050634467,590.3749109580839,583.0481704420458,1102200,0.07%
699,2024-10-08,586.9576416015625,586.1564165652592,589.5639944165454,582.1697343032203,571800,0.41%
700,2024-10-09,584.1196899414062,585.6642238569475,586.0793007760774,582.1022216852184,543800,-0.48%
701,2024-10-10,576.7639770507812,585.0849577319758,586.2240182680484,575.538012553052,853700,-1.26%
702,2024-10-11,583.2122802734375,579.7468446983644,583.579103386947,579.2738514514556,526000,1.12%
703,2024-10-14,589.679931640625,584.9788685490544,590.7610759911742,582.8359049349849,562300,1.11%
704,2024-10-15,584.0135498046875,591.2533871989605,593.2998431889725,582.7779226087835,849600,-0.96%
705,2024-10-16,591.5718994140625,582.082870288619,591.7456484245927,581.7160471826303,549200,1.29%
706,2024-10-17,588.4732666015625,591.5719381202824,593.1646669466578,586.1758202265513,617500,-0.52%
707,2024-10-18,590.5872802734375,590.1818659035183,592.0931639939382,587.3824387312552,864100,0.36%
708,2024-10-21,593.2901611328125,594.2844603828726,597.479639491074,590.1528983651425,1017500,0.46%
709,2024-10-22,556.9654541015625,585.847618867836,587.2376698935814,554.0888444596773,2259200,-6.12%
710,2024-10-23,551.2894287109375,557.0041157781301,561.9850976878104,551.1929211185497,1402200,-1.02%
711,2024-10-24,544.638427734375,550.9322187092151,554.0212273217788,544.6094401084927,1102800,-1.21%
712,2024-10-25,542.7850341796875,547.0420912970009,550.2082826833228,541.636311027803,1077600,-0.34%
713,2024-10-28,535.9119873046875,543.4703931054689,543.6248170268627,535.2652450745693,1278700,-1.27%
714,2024-10-29,527.8323364257812,533.6242056453427,534.2034279180631,527.455850786204,1041700,-1.51%
715,2024-10-30,527.0021362304688,527.928856434439,532.1376002230087,524.3571922800184,1005200,-0.16%
716,2024-10-31,527.1083374023438,528.0639863688333,532.5430459083195,523.8455797903674,1245300,0.02%
717,2024-11-01,526.4326171875,528.9907162988217,530.2745971255482,525.7279586271931,792600,-0.13%
718,2024-11-04,524.2606201171875,526.7704652149181,529.7725696565662,521.6639299837974,827600,-0.41%
719,2024-11-05,527.7840576171875,526.0947625082161,528.1894719463181,523.1988280356939,610100,0.67%
720,2024-11-06,532.67822265625,541.9259237339606,541.9259237339606,521.2682331493828,1751300,0.93%
721,2024-11-07,532.6975708007812,535.747929484401,537.6785526537141,530.6028022411573,818200,0.00%
722,2024-11-08,544.976318359375,536.2016099299718,547.1482694745996,535.477626224897,1165700,2.31%
723,2024-11-11,550.7874145507812,550.4398576568847,556.1642063087237,550.0344433515953,1171400,1.07%
724,2024-11-12,546.3277587890625,554.3977493949524,556.4345426726453,545.2079643709013,1133500,-0.81%
725,2024-11-13,538.3831787109375,544.4357008345947,545.4010123608972,537.0317779248779,1118300,-1.45%
726,2024-11-14,520.2933349609375,541.8776900677611,541.8776900677611,515.2737024222008,1972700,-3.36%
727,2024-11-15,516.277587890625,519.2121137643549,523.7201021631079,512.9858425422747,1757100,-0.77%
728,2024-11-18,512.5418701171875,517.7931675960475,519.3183175083966,510.39884772045275,1298400,-0.72%
729,2024-11-19,514.7620849609375,518.4495824270332,520.6118710333845,512.7832079194791,935700,0.43%
730,2024-11-20,516.1810302734375,515.6501207004161,516.6636860521736,510.8428879979452,994300,0.28%
731,2024-11-21,523.2085571289062,516.5768710567236,525.785922640266,515.2060861444526,1321700,1.36%
732,2024-11-22,523.4111328125,526.0947268557853,527.0600382812088,521.1909283176127,1311000,0.04%
733,2024-11-25,503.7864990234375,514.491771970015,515.6308326194232,497.03898017934546,3613500,-3.75%
734,2024-11-26,503.36175537109375,501.3732157932248,505.8812045556759,501.3732157932248,1345800,-0.08%
735,2024-11-27,507.51251220703125,505.37915261906073,511.6054234682408,505.02199208377175,890400,0.82%
736,2024-11-29,511.0455627441406,509.4624965767324,511.11314162292354,506.3928129119836,658200,0.70%
737,2024-12-02,505.44085693359375,510.2102402322231,511.70612325798874,504.4305978570987,1115600,-1.10%
738,2024-12-03,502.1964416503906,505.2465464534379,506.56759056224126,501.4679168317489,1188400,-0.64%
739,2024-12-04,502.68212890625,501.35136163649355,504.94542929486954,498.4469854888133,1542800,0.10%
740,2024-12-05,502.66265869140625,502.6043790797188,505.6544837621914,499.29204578840245,1113400,-0.00%
741,2024-12-06,498.34014892578125,500.95306771111916,502.62384880318683,495.0083395357144,1284700,-0.86%
742,2024-12-09,495.4066162109375,496.5528215156748,501.57476949776617,493.9883998402438,1170500,-0.59%
743,2024-12-10,498.2526550292969,494.58089143350026,499.8748202238197,493.5512454800162,1178900,0.57%
744,2024-12-11,489.8017883300781,499.0880488237251,499.2823339629228,488.8984246846842,1308000,-1.70%
745,2024-12-12,482.3611145019531,485.6832006375641,486.75170960771675,474.7164656669179,1862800,-1.52%
746,2024-12-13,480.48638916015625,481.3800593013176,484.9255407718893,478.0871129397967,990100,-0.39%
747,2024-12-16,477.572265625,480.6320637344773,480.6320637344773,476.11521608298716,1483700,-0.61%
748,2024-12-17,476.56207275390625,475.056466636185,478.88365276405506,473.7937021273705,1354500,-0.21%
749,2024-12-18,469.1116943359375,475.4838555857708,476.2026572399821,468.59687132667125,1424400,-1.56%
750,2024-12-19,465.9256286621094,466.2558896933921,470.141355440837,463.64291160673525,1250400,-0.68%
751,2024-12-20,475.0176086425781,465.7216542857343,475.0176086425781,464.0897361275763,3973500,1.95%
752,2024-12-23,472.5600280761719,473.4731148590852,474.8524681834062,468.03345711766036,1053900,-0.52%
753,2024-12-24,474.153076171875,472.14234064925074,474.73590192906676,470.1510514262408,375900,0.34%
754,2024-12-26,475.9501037597656,474.02678767899056,479.3401628987653,472.3463131902642,662100,0.38%
755,2024-12-27,474.96905517578125,474.395952526405,479.2722014432385,472.45321962258663,820600,-0.21%
756,2024-12-30,469.52935791015625,472.0840562083577,472.61829585479757,468.0528916982913,887600,-1.15%
757,2024-12-31,472.0257873535156,470.51045815203963,472.59888996809633,468.1986013938584,731900,0.53%
758,2025-01-02,468.4414367675781,472.02578108137436,475.69754481212294,467.6352157154062,953700,-0.76%
759,2025-01-03,468.02374267578125,467.6352020638633,470.06361794303643,467.1397957385124,817200,-0.09%
760,2025-01-06,452.6567687988281,465.0416911211137,466.25589919192595,452.52076326589633,1698600,-3.28%
761,2025-01-07,450.6751403808594,452.3847547071014,459.8642877406607,449.684357338378,1276600,-0.44%
762,2025-01-08,455.42510986328125,450.2282940677305,455.7845106624716,448.0329966753815,998700,1.05%
763,2025-01-10,454.6479797363281,454.5994232793738,458.0866246998442,452.39443247495984,1127400,-0.17%
764,2025-01-13,469.325439453125,455.5708863216434,470.93791139266517,455.3766011650712,1435200,3.23%
765,2025-01-14,470.5881652832031,471.1127114477456,471.306996588317,464.28400673354173,1162000,0.27%
766,2025-01-15,470.1121826171875,473.7936694545886,473.7936694545886,466.6152577613282,882200,-0.10%
767,2025-01-16,472.9194030761719,468.0042917567459,473.0554085930623,467.7128937116211,956400,0.60%
768,2025-01-17,476.2803649902344,473.5799676711415,477.9608098359969,470.3258844074192,1337600,0.71%
769,2025-01-21,491.7930908203125,480.8263561346877,494.9597250484197,480.5543747351494,1615900,3.26%
770,2025-01-22,485.0420837402344,488.83040668651995,491.0548439928803,481.0011960496133,1324800,-1.37%
771,2025-01-23,483.04107666015625,489.1023934405625,491.51139275665327,479.83557943446056,913000,-0.41%
772,2025-01-24,482.7302551269531,480.82638521503884,483.0508226509304,480.4378445698779,759400,-0.06%
773,2025-01-27,489.26751708984375,485.77059231619734,492.58957339199657,482.5553720830838,1948600,1.35%
774,2025-01-28,444.3515625,460.1362661789608,465.99360426608064,444.1766940223066,4023900,-9.18%
775,2025-01-29,441.3500061035156,446.82852661536435,449.2472193712609,436.53203724721703,2396800,-0.68%
776,2025-01-30,446.4885559082031,443.5064539719052,446.7217039999046,438.3970869105484,1911800,1.16%
777,2025-01-31,449.694091796875,446.82854902713564,450.9374396171135,444.0601488272392,1473800,0.72%
778,2025-02-03,442.3797302246094,445.66292398810816,448.12047996820246,440.59238983567525,1476300,-1.63%
779,2025-02-04,440.6894836425781,441.0003279926674,442.3699581192337,438.3387936489315,1234200,-0.38%
780,2025-02-05,436.98858642578125,443.91443342328444,444.0115759895449,435.9200774844152,1139700,-0.84%
781,2025-02-06,435.67724609375,437.114879034324,439.22275716091724,431.8986462208477,1291800,-0.30%
782,2025-02-07,431.66552734375,437.0177360328739,438.5719281966508,431.07297842689604,1347400,-0.92%
783,2025-02-10,435.3858642578125,432.06377801009444,436.085249276082,428.0908928520603,1427800,0.86%
784,2025-02-11,436.4931640625,435.0749775071647,438.86330030223746,432.25802105153355,906100,0.25%
785,2025-02-12,429.3147888183594,434.45332513312695,436.279498622307,428.42111872910687,1282800,-1.64%
786,2025-02-13,422.2724304199219,429.82966032416505,432.5494745658906,419.6400356027069,2400000,-1.64%
787,2025-02-14,411.0725402832031,421.13588174021976,422.6997970250936,407.6824811066357,3252800,-2.65%
788,2025-02-18,416.2693786621094,417.38644412906586,420.53366187966526,411.37368354937075,2812500,1.26%
789,2025-02-19,420.5530700683594,418.65889384196953,425.45845824311516,413.39407521954746,2802100,1.03%
790,2025-02-20,423.7974548339844,417.2795649483648,425.45848307725515,417.01730669219046,1358000,0.77%
791,2025-02-21,428.1006164550781,423.89461283442364,431.02443891067526,423.19522781541457,1652400,1.02%
792,2025-02-24,427.6634521484375,429.34392660531637,435.44410609622116,425.9830073353071,1946200,-0.10%
793,2025-02-25,435.6189880371094,429.10112748523545,438.7370956720141,428.3726026507953,1715500,1.86%
794,2025-02-26,428.8582763671875,433.0642799415361,435.1721581257078,426.7601213332599,1466900,-1.55%
795,2025-02-27,433.6762390136719,429.5285151156275,434.27848144474035,428.8097134583845,1458100,1.12%
796,2025-02-28,437.4742736816406,434.2007737100924,437.89195411232043,432.28718074758876,1433600,0.88%
797,2025-03-03,442.23974609375,443.1497777850913,444.6762921907481,439.19648233996315,1579400,1.09%
798,2025-03-04,439.1867370605469,441.1046601427959,453.78648418495953,438.8638033087144,2268700,-0.69%
799,2025-03-05,450.53778076171875,441.44716847072317,453.53210001148676,439.7249347041667,2060100,2.58%
800,2025-03-06,451.5945739746094,451.4184445797275,453.5516468845752,443.67821763730524,1395800,0.23%
801,2025-03-07,463.4837951660156,448.16970531288075,467.24137164452,448.16970531288075,2168700,2.63%
802,2025-03-10,468.88531494140625,465.2549232801158,483.59271630984017,463.53271946751175,2284400,1.17%
803,2025-03-11,458.8161926269531,466.4781201777024,468.37648335076085,456.5264208317572,1456900,-2.15%
804,2025-03-12,451.5945739746094,455.1564610047772,456.80039508213343,446.2126234722034,1271500,-1.57%
805,2025-03-13,457.88653564453125,450.17566394763406,458.4736634636593,449.98973964053414,1159200,1.39%
806,2025-03-14,456.1643371582031,455.9197030526093,458.933582093998,452.0446773189588,972400,-0.38%
807,2025-03-17,457.5733947753906,453.8843232728759,462.13337801384523,452.89599194614885,1051600,0.31%
808,2025-03-18,459.20758056640625,458.0724747095382,461.50714717891645,455.4010893334105,881600,0.36%
809,2025-03-19,460.4503173828125,461.1157448683781,465.4800091002133,456.7514507739801,1122700,0.27%
810,2025-03-20,456.7220764160156,459.09014767794986,459.8142550684514,454.24638048254695,922000,-0.81%
811,2025-03-21,430.2624816894531,467.8284798372652,471.16529265849954,423.2268023446546,7141700,-5.79%
812,2025-03-24,425.643798828125,416.49447698241005,426.4168211281312,415.193006771529,3015400,-1.07%
813,2025-03-25,432.58160400390625,427.3953430406173,434.47996705494114,423.70627147368964,1600200,1.63%
814,2025-03-26,435.6150817871094,434.7441700181751,441.51565534819446,433.49164456472533,1349700,0.70%
815,2025-03-27,432.787109375,436.45662114273904,438.52134862591976,430.771326632927,1559300,-0.65%
816,2025-03-28,432.0140380859375,432.7381753492737,436.19240774596494,430.12546994671897,1595700,-0.18%
817,2025-03-31,437.12200927734375,432.0923474521933,441.3786488079343,431.28014547554795,1690000,1.18%
818,2025-04-01,439.0106201171875,438.38434243681877,441.56458599244297,434.9399047824809,1042400,0.43%
819,2025-04-02,443.1498107910156,436.64254917341634,446.1343649716878,435.45852839447764,1270300,0.94%
820,2025-04-03,445.018798828125,443.77606830588087,451.9664134909067,441.12421306531087,1813800,0.42%
821,2025-04-04,422.8745422363281,440.3414247228472,445.1656024977955,422.85498225686354,2392700,-4.98%
822,2025-04-07,421.5730895996094,413.138109997672,429.4894460664237,409.88936174696477,1968100,-0.31%
823,2025-04-08,433.8439025878906,438.81488443624886,441.70157888515246,428.04118865388836,2151500,2.91%
824,2025-04-09,452.31866455078125,429.82212184452305,458.27794775619395,426.0351906827758,2291600,4.26%
825,2025-04-10,453.74737548828125,450.12677858507163,459.03146648176727,440.7132624718027,1832600,0.32%
826,2025-04-11,464.7069396972656,454.36380257504015,467.9165379590632,450.4398918389714,1452300,2.42%
827,2025-04-14,465.1375427246094,462.6520516189027,468.474355819016,457.5538847452937,1079600,0.09%
828,2025-04-15,459.5011291503906,464.090467450933,465.1375086105588,457.95505471204405,1224300,-1.21%
829,2025-04-16,466.8401794433594,467.08481356792066,472.45699924983114,464.34492331785935,1529700,1.60%
830,2025-04-17,454.11920166015625,451.7316000953784,459.5892469245818,438.765991588018,3052800,-2.72%
831,2025-04-21,448.49261474609375,449.4026763741441,453.28746742029483,443.0715441115902,1532900,-1.24%
832,2025-04-22,452.1621398925781,448.2186389300529,460.66562460033543,432.855633555945,2878000,0.82%
833,2025-04-23,453.6005859375,456.9765488321422,461.2723384324966,447.82722651791516,1352700,0.32%
834,2025-04-24,456.7906188964844,455.772932580045,457.55387616817296,450.28335717647025,1105000,0.70%
835,2025-04-25,467.38818359375,459.9023555523782,468.19056082030386,457.85721787101517,1521700,2.32%
836,2025-04-28,466.067138671875,469.0223080291381,473.40616211836283,464.1100657528116,1159700,-0.28%
837,2025-04-29,465.6659240722656,465.76378368840545,469.0125019612892,463.1902280829939,897100,-0.09%
838,2025-04-30,467.4958190917969,468.0046473280402,468.3373461589568,461.0179121536634,1095000,0.39%
839,2025-05-01,467.4664306640625,465.7833467878895,469.1593094606838,462.8477374593944,986400,-0.01%
840,2025-05-02,462.65203857421875,474.3455615253884,480.52991928310087,457.47560206501333,2090500,-1.03%
841,2025-05-05,461.43865966796875,463.8262910658359,464.30576438454614,459.26630748999327,1150200,-0.26%
842,2025-05-06,458.1605529785156,459.6870674851139,461.0472475145857,453.51250473869766,1135400,-0.71%
843,2025-05-07,461.20379638671875,458.346456877588,464.7069436592397,457.03522164764723,1204400,0.66%
844,2025-05-08,464.34490966796875,462.84775006416646,468.7189688810481,461.6050194984493,1093100,0.68%
845,2025-05-09,463.3565673828125,465.06900616413816,466.3998312598723,458.0333267250008,978800,-0.21%
846,2025-05-12,463.0043029785156,463.33700178277195,465.4799989635494,455.7826993131628,1364500,-0.08%
847,2025-05-13,449.9604187011719,462.66183302539,462.66183302539,449.2852560001657,1859400,-2.82%
848,2025-05-14,439.53900146484375,450.9487402116432,451.8881268549936,435.5074360136289,2129700,-2.32%
849,2025-05-15,455.1564636230469,449.1188805215438,455.4206577168895,445.26344447772794,1758700,3.55%
850,2025-05-16,458.2681884765625,456.2034610788742,458.4345229467773,452.72966869427637,1319200,0.68%
851,2025-05-19,462.9064636230469,459.3348114529477,464.2568487399076,457.73979221673,1199700,1.01%
852,2025-05-20,465.60723876953125,461.11575987425374,466.85976427935225,460.7830610519255,1058500,0.58%
853,2025-05-21,460.18609619140625,470.51943816830084,470.6075028606393,459.96102206927856,1435100,-1.16%
854,2025-05-22,460.35247802734375,458.72810396090154,462.72051947822587,457.09393497408445,885000,0.04%
855,2025-05-23,458.8161926269531,457.91592591972966,459.4717953499565,455.56744432434135,866700,-0.33%
856,2025-05-27,466.6151123046875,460.69494886275095,466.6151123046875,458.6008963876118,1548000,1.70%
857,2025-05-28,459.892578125,467.2903114042171,468.6994063014549,458.9336016397078,956500,-1.44%
858,2025-05-29,463.5229187011719,457.8865393717601,464.3742406076848,455.3325736522214,851000,0.79%
859,2025-05-30,472.0263977050781,463.50335394504225,472.0263977050781,460.94935838927114,2196300,1.83%
860,2025-06-02,471.7702331542969,471.2184805651351,472.6668386287501,467.0211918770548,1154200,-0.05%
861,2025-06-03,473.1003723144531,471.94758523322207,474.0462296193981,469.5238127344361,1032300,0.28%
862,2025-06-04,475.11029052734375,474.893528440832,479.69182137543464,474.59795744479777,1273700,0.42%
863,2025-06-05,470.9918518066406,477.2385029022952,477.9873228671864,464.80431491155537,1063100,-0.87%
864,2025-06-06,474.5979919433594,470.7751130860444,474.86400585912673,469.9474841687281,714400,0.77%
865,2025-06-09,473.7506103515625,473.2087201619296,475.7310262571215,469.60260361921127,1064100,-0.18%
866,2025-06-10,469.87847900390625,472.9328429616859,474.55854359571464,468.6370507375489,1150400,-0.82%
867,2025-06-11,449.8774108886719,457.31623899891906,457.31623899891906,436.881606971381,3618200,-4.26%
868,2025-06-12,462.3608093261719,450.57690782348504,462.3608093261719,449.77883606200123,1700600,2.77%
869,2025-06-13,479.2879333496094,471.9180517233267,481.1106714585229,466.38080066451636,2729700,3.66%
870,2025-06-16,460.1833801269531,474.9132803246419,475.6226808238725,457.6807686340756,2766600,-3.99%
871,2025-06-17,472.2825622558594,463.8289008184064,474.4895725938262,460.61688893362475,2191200,2.63%
872,2025-06-18,461.7007141113281,471.405696596944,475.2581024216836,461.07012252708466,1871200,-2.24%
873,2025-06-20,463.6318359375,462.094806576948,467.3266238365694,454.3209584045407,2419400,0.42%
874,2025-06-23,465.5038757324219,465.9669570383383,475.2679725801293,461.63174506471825,2666400,0.40%
875,2025-06-24,453.4244079589844,460.9617696743135,461.7992609911862,450.94149111045533,1970200,-2.59%
876,2025-06-25,451.64105224609375,457.3753404395549,458.03548913357275,449.7788646388102,1265500,-0.39%
877,2025-06-26,451.1582336425781,452.54747751701814,457.2374046334319,449.9168053404331,1590100,-0.11%
878,2025-06-27,451.83807373046875,448.9315252781546,452.4193834209316,444.8130454968281,1996400,0.15%
879,2025-06-30,456.32110595703125,452.68543220440847,456.99108695638563,451.1385404311032,1205600,0.99%
880,2025-07-01,459.07989501953125,456.1831786932105,462.5283639729356,453.227348161721,1242800,0.60%
881,2025-07-02,455.7397766113281,459.1389936344243,460.0552938516895,451.85778357299245,1127300,-0.73%
882,2025-07-03,455.710205078125,456.8826868508007,458.49855520140835,454.1830380977126,707900,-0.01%
883,2025-07-07,462.1539306640625,457.6610708881457,463.62198346551986,454.5771497114975,1224100,1.41%
884,2025-07-08,456.1930236816406,457.3655054865339,459.74985851942165,453.8677547834047,1243000,-1.29%
885,2025-07-09,456.2422790527344,458.5281284774337,459.1291329011649,453.43423411938284,892700,0.01%
886,2025-07-10,457.473876953125,451.92676365694786,459.6119408781877,449.2862290011311,1253300,0.27%
887,2025-07-11,460.62677001953125,457.9073964082591,461.3164457440088,455.0205425778939,1209200,0.69%
888,2025-07-14,466.5975341796875,463.0800888416776,467.77001595902414,461.1095352721385,1488000,1.30%
889,2025-07-15,463.1983337402344,466.3216744892164,466.9620984084709,461.6120524930306,1039500,-0.73%
890,2025-07-16,464.5284423828125,462.75495621484646,465.64180994965403,459.54294430601317,935000,0.29%
891,2025-07-17,462.2919006347656,463.5727484863815,467.4153221094918,460.82381771173766,926200,-0.48%
892,2025-07-18,457.1289978027344,462.3115631895724,464.27225432292664,454.18302990797434,1845300,-1.12%
893,2025-07-21,453.74951171875,457.7990148970926,460.4789388579717,453.74951171875,1577800,-0.74%
894,2025-07-22,404.6925964355469,416.52578081210015,431.0093622727296,404.0718672203395,8886500,-10.81%
895,2025-07-23,413.2152404785156,407.6681274326871,417.13662279343066,404.94875391593365,4578600,2.11%
896,2025-07-24,414.358154296875,414.8015408928302,420.5949734007827,413.9443548710283,3083900,0.28%
897,2025-07-25,414.96905517578125,415.33360279148013,419.4028009049544,412.3482152032341,2461800,0.15%
898,2025-07-28,415.13653564453125,419.62939558062914,422.5458065762117,414.96905542177916,2423700,0.04%
899,2025-07-29,413.9443359375,416.5158938852845,417.4124993579587,411.205267708074,2428800,-0.29%
900,2025-07-30,412.5156555175781,413.94431880829137,416.57499084820597,411.00818331822825,1632100,-0.35%
901,2025-07-31,414.7818603515625,410.9885384543075,416.35827926156577,406.4759536298726,2178000,0.55%
902,2025-08-01,414.8114013671875,414.5650821635193,417.7179499295146,410.86043171850616,2006300,0.01%
903,2025-08-04,417.4617919921875,413.8162558065867,418.3485350981207,412.8309790070472,1548200,0.64%
904,2025-08-05,421.9349365234375,417.0972237204643,423.7380099454629,415.6488655897645,1643900,1.07%
905,2025-08-06,428.4476318359375,421.4718551016044,430.19156098538963,421.3634890840071,2032300,1.54%
906,2025-08-07,424.407958984375,424.09266320879345,428.4475996627651,421.74769973882877,1490000,-0.94%
907,2025-08-08,419.36334228515625,424.8414785361735,427.20613669078546,417.66866509517007,1477600,-1.19%
908,2025-08-11,419.9841003417969,419.72791875076246,421.5211297514795,417.8755935472316,1462100,0.15%
909,2025-08-12,425.2060546875,419.64910915420313,425.2356117888588,418.7426412654287,1492100,1.24%
910,2025-08-13,436.053955078125,426.15190532238745,436.92100346208235,425.0681249107021,1890600,2.55%
911,2025-08-14,430.8812561035156,429.6201030060185,437.36436419808797,428.4377588222505,1733600,-1.19%
912,2025-08-15,431.1177062988281,431.39358259503996,434.93072263400194,430.03389582504536,1501700,0.05%
913,2025-08-18,434.1523742675781,434.06367289741144,437.23626532805605,432.65473432003097,1154400,0.70%
914,2025-08-19,434.6056213378906,433.3838576064977,437.95555658948945,432.1424292310881,1248100,0.10%
915,2025-08-20,439.4334411621094,433.659733699785,440.49752684789314,433.659733699785,1282800,1.11%
916,2025-08-21,440.6158142089844,438.43833074672796,441.886799681513,438.1526221127093,1026000,0.27%
917,2025-08-22,439.6305236816406,443.3647011341727,445.89686974668206,438.31022629907613,1890300,-0.22%
918,2025-08-25,441.12811279296875,440.4876889117454,442.14294665442566,438.54669248916156,985200,0.34%
919,2025-08-26,448.754150390625,443.8868807289394,449.65075586180507,440.4187173142601,2051500,1.73%
920,2025-08-27,447.77874755859375,450.14340585997667,452.7051315482505,447.31566626083554,1293900,-0.22%
921,2025-08-28,449.46356201171875,447.1875750162482,449.8281096156647,443.72924383714496,1385800,0.38%
922,2025-08-29,448.9216613769531,450.7838188444353,453.12878237762544,448.1827037964064,1373200,-0.12%
923,2025-09-02,449.09039306640625,450.3805853955242,452.3357425724233,444.2173864927616,1645600,0.04%
924,2025-09-03,445.6763000488281,447.6711642546715,448.59414937262477,443.3241630054388,1541800,-0.76%
925,2025-09-04,453.4076232910156,447.56199013523496,453.7252193474265,446.1129997733476,1449200,1.73%
926,2025-09-05,460.40447998046875,453.3282001065311,460.48389413680366,453.3282001065311,1465200,1.54%
927,2025-09-08,455.65057373046875,459.4417971507174,459.4417971507174,449.35834951191504,1477600,-1.03%
928,2025-09-09,453.61602783203125,454.16187143973093,454.4199220188898,449.0110062114851,1008400,-0.45%
929,2025-09-10,460.3747253417969,452.7724399618816,460.8808921735445,452.276207471973,1076900,1.49%
930,2025-09-11,467.18304443359375,460.354880620253,468.8404439660436,459.50134499977185,1623700,1.48%
931,2025-09-12,467.7586669921875,465.39659549532547,469.41609683425014,463.6498777272646,1041100,0.12%
932,2025-09-15,469.6840515136719,467.91746506179754,470.7162235728113,465.45614100927344,1148300,0.41%
933,2025-09-16,470.7459716796875,470.0214613790689,474.83492233495747,468.1159456793441,1156900,0.23%
934,2025-09-17,469.5550231933594,471.3513823715313,473.5943629026171,469.0786593903871,1016500,-0.25%
935,2025-09-18,470.0512390136719,467.57007666907236,470.78565337563293,464.46365656761355,1107700,0.11%
936,2025-09-19,469.3763732910156,470.65666155000014,473.40577854281435,467.82813040055237,2839100,-0.14%
937,2025-09-22,476.770263671875,470.10089783125767,478.43759756012247,469.445867313526,1409800,1.58%
938,2025-09-23,483.0029296875,477.27638755206254,483.1120862937459,475.72814465581513,1135500,1.31%
939,2025-09-24,482.5860900878906,483.47930250045073,491.5083404470379,481.8516757045276,1424200,-0.09%
940,2025-09-25,480.6904602050781,485.89096674237976,487.0422296948408,480.41257123638934,1205700,-0.39%
941,2025-09-26,483.7671203613281,484.2335801019466,487.0521769412226,480.91875078489034,913900,0.64%
942,2025-09-29,488.2729187011719,493.2550818639381,495.2300774292602,485.5337057376133,1391100,0.93%
943,2025-09-30,495.44842529296875,488.8683777476469,496.12332448585266,487.43925606671405,1312700,1.47%
944,2025-10-01,495.2400207519531,492.43135820931474,500.271825426219,491.27016086616595,1187000,-0.04%
945,2025-10-02,495.5972900390625,495.47819908936583,499.8053620833172,493.2650216030391,915500,0.07%
946,2025-10-03,500.6886291503906,495.6568549105056,502.99115508602375,495.4881225437248,1006500,1.03%
947,2025-10-06,510.36517333984375,502.8125295026857,511.54620906988555,502.8125295026857,1389700,1.93%
948,2025-10-07,507.2190856933594,510.3255059334905,512.0920621025741,505.30363554685215,922400,-0.62%
949,2025-10-08,510.1468505859375,511.36756308462043,512.1119117936228,507.36793056641943,798400,0.58%
950,2025-10-09,503.93402099609375,510.017836085721,511.3080284269,500.01377226403685,1186000,-1.22%
951,2025-10-10,501.2444152832031,504.9959316156351,509.58114516649806,496.7684189149915,1313800,-0.53%
952,2025-10-13,500.0335998535156,498.5151296993507,503.6064797126174,496.2324724411719,926700,-0.24%
953,2025-10-14,501.3734436035156,497.4730635612331,503.1797371083196,495.2400173906341,1078000,0.27%
954,2025-10-15,495.6469421386719,499.2098878027887,501.1948177741716,481.8219121570209,1678500,-1.14%
955,2025-10-16,489.5333557128906,496.9669087867687,497.5326210994007,488.29277447692283,1099700,-1.23%
956,2025-10-17,491.41900634765625,486.7842120637866,492.9374764862066,484.4221406732358,1915500,0.39%
957,2025-10-20,502.0880126953125,492.68936839705236,502.0880126953125,492.68936839705236,1433300,2.17%
958,2025-10-21,485.81158447265625,479.07273910025305,502.7827408764173,479.07273910025305,2870000,-3.24%
959,2025-10-22,483.4693908691406,487.76675078131206,488.699670258457,478.9040460360621,1725700,-0.48%
960,2025-10-23,484.37249755859375,484.4419773728082,490.2578376192236,482.85402742535814,1445700,0.19%
961,2025-10-24,481.7524108886719,486.5857103077631,488.11411479821055,480.43241555540436,1368400,-0.54%
962,2025-10-27,483.2411193847656,480.43242657482466,483.63809931294617,476.25415755580474,1423200,0.31%
963,2025-10-28,482.10968017578125,482.70516519381783,485.71233273289505,479.9758866248075,1220600,-0.23%
964,2025-10-29,481.6730041503906,481.34550404120705,485.13672744516,480.0255389752375,971500,-0.09%
965,2025-10-30,486.0299377441406,481.911214248839,490.7342119268952,481.8417344331343,1081000,0.90%
966,2025-10-31,488.1736755371094,485.3153715701848,489.8906205555154,482.3875877861522,1185000,0.44%
967,2025-11-03,484.26336669921875,487.30030712714347,487.8064739610068,481.097400977358,846600,-0.80%
968,2025-11-04,481.3256530761719,480.8095519280395,484.8191187292838,477.37563174776966,1169300,-0.61%
969,2025-11-05,469.57489013671875,479.3804185922982,482.18911141663233,469.57489013671875,1708000,-2.44%
970,2025-11-06,465.3866882324219,469.5450886025901,470.60703339219833,462.59783379507275,1093600,-0.89%
971,2025-11-07,454.8963317871094,465.36682526046695,465.8729920946963,452.76253812756585,2514500,-2.25%
972,2025-11-10,448.69342041015625,452.5640277478426,453.6557452758124,445.1007020534415,1630100,-1.36%
973,2025-11-11,453.6259765625,448.36589398566286,458.2905438050225,447.6017068531181,1322100,1.10%
974,2025-11-12,453.59619140625,452.702979004487,456.3056013486768,451.78989791954757,935400,-0.01%
975,2025-11-13,452.4151611328125,454.55888909542387,457.43703144136083,451.6708124077791,819600,-0.26%
976,2025-11-14,462.2604064941406,452.4151707755955,462.875760228224,450.5791044905205,1177300,2.18%
977,2025-11-17,467.232666015625,463.7590385563129,468.04649457512306,461.2183306090834,1822400,1.08%
978,2025-11-18,471.1429748535156,471.6392073417635,481.34551360038574,467.6495090397969,1242100,0.84%
979,2025-11-19,466.36920166015625,468.4434497416582,468.8602983412889,464.7713173638023,861300,-1.01%
980,2025-11-20,464.7316589355469,470.30930724962667,473.8325457962048,461.5160518206142,1044900,-0.35%
981,2025-11-21,457.3080139160156,465.069097356532,465.86305722833373,456.4941853604609,1575300,-1.60%
982,2025-11-24,447.6612548828125,455.96818198298485,457.71493005319775,446.6687898952148,1411200,-2.11%
983,2025-11-25,449.0010681152344,447.6612343857987,450.6088564755066,445.1006881615923,1615900,0.30%
984,2025-11-26,450.7378845214844,449.88434891644295,453.8145319185147,449.5667831516064,1299800,0.39%
985,2025-11-28,454.4100036621094,451.1150429292877,454.4100036621094,449.1995624889322,748000,0.81%
986,2025-12-01,439.19000244140625,453.2799987792969,454.0899963378906,438.5,1659200,-3.35%
987,2025-12-02,441.82000732421875,440.9800109863281,442.75,437.25,1535600,0.60%
988,2025-12-03,446.79998779296875,443.4100036621094,448.4700012207031,439.04998779296875,1751500,1.13%
989,2025-12-04,448.3500061035156,448.17999267578125,449.5299987792969,445.42999267578125,1283700,0.35%
990,2025-12-05,452.20001220703125,447.7799987792969,452.82000732421875,446.4100036621094,1290500,0.86%
991,2025-12-08,465.3800048828125,453.5,465.55999755859375,451.4800109863281,1390700,2.91%
992,2025-12-09,466.8900146484375,466.2799987792969,472.80999755859375,465.0,1102300,0.32%
993,2025-12-10,467.94000244140625,465.2099914550781,473.0799865722656,455.8800048828125,2313600,0.22%
994,2025-12-11,474.8800048828125,470.2900085449219,479.70001220703125,470.2900085449219,1294000,1.48%
995,2025-12-12,480.25,475.6600036621094,480.8399963378906,470.7900085449219,1384300,1.13%
996,2025-12-15,484.4200134277344,478.989990234375,484.7699890136719,477.239990234375,1002300,0.87%
997,2025-12-16,477.05999755859375,479.6099853515625,479.7900085449219,473.8599853515625,1262400,-1.52%
998,2025-12-17,474.7900085449219,471.0,476.8900146484375,462.25,1989200,-0.48%
999,2025-12-18,470.1400146484375,472.4100036621094,476.20001220703125,469.0,1363900,-0.98%
1000,2025-12-19,474.1300048828125,466.3399963378906,475.7200012207031,464.8800048828125,2826500,0.85%
1001,2025-12-22,483.57000732421875,474.9599914550781,485.0199890136719,474.9599914550781,1120600,1.99%
1002,2025-12-23,482.54998779296875,484.0,484.95001220703125,481.0,864000,-0.21%
1003,2025-12-24,485.75,485.0,491.17999267578125,484.45001220703125,581600,0.66%
1004,2025-12-26,483.0299987792969,485.20001220703125,487.05999755859375,481.17999267578125,605700,-0.56%
1005,2025-12-29,488.8699951171875,483.8299865722656,489.42999267578125,483.2900085449219,933400,1.21%
1006,2025-12-30,488.0,489.3399963378906,491.70001220703125,487.94000244140625,996400,-0.18%
1007,2025-12-31,483.6700134277344,489.0,489.67999267578125,483.5199890136719,669900,-0.89%
