,date,mu,open,high,low,volume,mu_cr
0,2021-12-27,92.26383972167969,91.57012753783323,92.75237005856152,90.60283955803396,17110100,nan%
1,2021-12-28,90.80802917480469,91.59944600286723,91.73623391254762,89.94821093751996,13683800,-1.58%
2,2021-12-29,93.96393585205078,91.84371569370532,94.53063290814882,91.75578379933616,32234600,3.48%
3,2021-12-30,91.73622131347656,92.23452431852209,93.31906220659594,91.28677432134214,19327800,-2.37%
4,2021-12-31,91.1102523803711,91.94163804039803,92.35243931302357,90.9928773900509,13660600,-0.68%
5,2022-01-03,93.6532974243164,91.85359273197047,93.74132305146597,91.4330084346005,18705500,2.79%
6,2022-01-04,94.23039245605469,93.50659868638209,94.47491808413744,91.49170989892572,19725000,0.62%
7,2022-01-05,92.33287048339844,93.29140668173041,96.29418083029404,92.28396237717914,28613100,-2.01%
8,2022-01-06,93.55548858642578,93.01752932442508,94.59227465974149,92.05899322782376,22320300,1.32%
9,2022-01-07,92.38178253173828,93.98587011100744,95.06178888201866,91.88295560590242,14857900,-1.25%
10,2022-01-10,91.83403015136719,92.19593071166743,93.5750511613787,89.04643991273477,20290000,-0.59%
11,2022-01-11,92.13725280761719,90.43535654166578,92.20571968434139,89.6430959020958,14924900,0.33%
12,2022-01-12,93.02731323242188,93.07622133386863,94.12279052880326,91.7264353421556,13339200,0.97%
13,2022-01-13,93.52616882324219,94.38689638361762,95.96164209125301,93.21317630471201,23679800,0.54%
14,2022-01-14,95.22806549072266,92.37200781691497,95.29653237117934,92.33288281917827,18385000,1.82%
15,2022-01-18,90.83637237548828,93.4381208733788,93.84892208952006,90.51359679323625,19900500,-4.61%
16,2022-01-19,88.02921295166016,91.66775494763472,92.70454106778682,87.80424612402567,19043800,-3.09%
17,2022-01-20,83.2071762084961,88.3030891439959,88.35199725206574,83.07024246069606,24701300,-5.48%
18,2022-01-21,80.13593292236328,82.37578839746763,83.27564084810459,79.73490734147305,29716300,-3.69%
19,2022-01-24,81.13359069824219,78.51227598056994,81.22162379422275,75.9398693675901,29757100,1.24%
20,2022-01-25,78.95243835449219,79.14805587788648,80.61520969033418,77.90586893343936,22128400,-2.69%
21,2022-01-26,80.1750717163086,81.42704185658711,82.93332076358804,78.84485157668,21018700,1.55%
22,2022-01-27,76.99624633789062,81.68135920287453,81.86719364293711,76.67347065341617,22694000,-3.96%
23,2022-01-28,77.5341796875,75.67579096019257,77.54396280167425,73.86629541676746,24434600,0.70%
24,2022-01-31,80.46847534179688,77.23095902001207,80.50760033044524,76.3115404425968,21898200,3.78%
25,2022-02-01,79.66645812988281,80.40003511989032,80.58587701197149,78.65901359091214,15237400,-1.00%
26,2022-02-02,82.65943908691406,81.10425233079619,82.84527347566483,80.73257609096527,19862800,3.76%
27,2022-02-03,80.1750717163086,80.85974055479508,83.31478018250633,79.92076294958619,19598200,-3.01%
28,2022-02-04,79.392578125,79.44148623492637,80.39024685379111,78.09170000918897,15657500,-0.98%
29,2022-02-07,79.09915161132812,79.57841974536032,80.24352974175045,78.71769223452068,11799800,-0.37%
30,2022-02-08,82.27798461914062,79.37301901313593,82.55185212394527,79.22630214632493,18315700,4.02%
31,2022-02-09,86.19039154052734,82.74746669927153,86.83593528430683,81.73023924446093,22386900,4.76%
32,2022-02-10,89.02689361572266,87.23697156433573,92.56762764444811,86.54251962748849,33820700,3.29%
33,2022-02-11,87.79447937011719,89.2811918338692,92.5089329541196,87.00221129888214,31000000,-1.38%
34,2022-02-14,87.89228057861328,89.97563596429666,91.12979707269767,86.76746134767797,23499100,0.11%
35,2022-02-15,93.8978500366211,89.01712012937847,94.38690133889516,89.01712012937847,27069700,6.83%
36,2022-02-16,93.95650482177734,92.37198386708505,94.3770891104868,91.52103217718589,15573600,0.06%
37,2022-02-17,91.67754364013672,92.95885542980035,93.89783286295034,91.44279368510225,17943300,-2.43%
38,2022-02-18,88.81171417236328,92.46003249047509,92.60674936485869,86.95331784227479,19530500,-3.13%
39,2022-02-22,88.58673858642578,87.87272051459415,91.91228840845692,86.72834243920283,24825700,-0.25%
40,2022-02-23,85.39812469482422,89.46703457229076,89.85827705471327,85.16338219030258,19135400,-3.60%
41,2022-02-24,86.88484191894531,82.28775595329441,86.99243378480568,81.9552047041474,24472300,1.74%
42,2022-02-25,88.12703704833984,86.03389821716505,88.49872078811022,85.36878819383557,15008700,1.43%
43,2022-02-28,86.9141845703125,86.51315898266552,87.7846951564936,85.25141338514916,17269800,-1.38%
44,2022-03-01,84.3711166381836,86.62074772144085,87.87271762209345,82.80615426236785,20794800,-2.93%
45,2022-03-02,91.25696563720703,85.26119257558769,92.01010127384892,85.12425882347098,28398700,8.16%
46,2022-03-03,87.22716522216797,89.6137372716265,90.17125529570002,86.45446349365757,22099800,-4.42%
47,2022-03-04,80.11639404296875,85.50573443300547,85.50573443300547,78.75682445340404,28211500,-8.15%
48,2022-03-07,74.0423583984375,79.96966479360424,81.15316795722472,73.97389151995797,26715500,-7.58%
49,2022-03-08,75.47039031982422,74.58031348840503,78.49272337632135,72.31111605190674,28343200,1.93%
50,2022-03-09,77.70045471191406,78.21884777438282,78.72745772369306,75.84205871522445,19647900,2.95%
51,2022-03-10,74.0619125366211,76.03767603756182,76.03767603756182,72.19373343087257,21692000,-4.68%
52,2022-03-11,71.22543334960938,74.98135133615592,75.02046887457699,71.04937457739109,22786500,-3.83%
53,2022-03-14,67.88031005859375,70.17884927405872,70.89286733058555,67.4499426019294,24893400,-4.70%
54,2022-03-15,71.50906372070312,68.516072904455,71.91986491855506,66.84351131173297,22851000,5.35%
55,2022-03-16,77.92543029785156,74.79550504525147,77.96455529630036,74.48251251999147,35742800,8.97%
56,2022-03-17,78.7568130493164,76.48761546042809,78.81550427596078,75.50951292276363,21612200,1.07%
57,2022-03-18,77.671142578125,77.3679256527279,79.42193992517822,76.35069790224176,28601200,-1.38%
58,2022-03-21,76.63433074951172,77.26031576369144,78.1406095218598,73.87608194880418,30878200,-1.33%
59,2022-03-22,77.38745880126953,75.99854782551333,77.9841018177458,75.81271345776051,16768000,0.98%
60,2022-03-23,73.99345397949219,76.1550595611617,76.50717705035336,73.43593586532702,28059800,-4.39%
61,2022-03-24,76.49739074707031,74.2379765042231,76.82016634242831,73.67067529947197,23348000,3.38%
62,2022-03-25,76.3897933959961,76.55606900748325,76.58541834685938,73.4848281710538,22491000,-0.14%
63,2022-03-28,78.11125183105469,76.86905770640485,78.42424427479673,75.57796294317784,26605300,2.25%
64,2022-03-29,80.25330352783203,80.30220416959547,80.7423547194402,77.52439698317897,41290700,2.74%
65,2022-03-30,77.42658233642578,82.45402760601571,84.35154101045687,76.87883996918592,70087000,-3.52%
66,2022-03-31,76.18439483642578,75.9692111158727,78.20906649257587,75.14760868721076,34588600,-1.60%
67,2022-04-01,74.51184844970703,76.7125790658823,77.18207154742481,72.43826847158316,33536100,-2.20%
68,2022-04-04,75.96920013427734,75.21606468353876,76.46803437233056,74.83460540218275,24305700,1.96%
69,2022-04-05,72.9762191772461,75.03023268301841,76.31154441302169,72.67300982735621,21171400,-3.94%
70,2022-04-06,72.16439819335938,71.57753821073177,73.25009251926873,69.90498390219481,28080100,-1.11%
71,2022-04-07,71.67533874511719,72.05679806319974,73.04468352244545,70.55051955437152,22658600,-0.68%
72,2022-04-08,70.65674591064453,71.00934463352361,71.35214687173149,69.37368290226856,20562600,-1.42%
73,2022-04-11,70.54899597167969,69.09943031306875,71.4109071473667,68.6488817589448,21127900,-0.15%
74,2022-04-12,70.48043060302734,71.29336677865687,72.07691350692221,70.09844998508608,18658500,-0.10%
75,2022-04-13,70.89179229736328,70.87220680522869,72.23362642064275,70.38248730407179,18892000,0.58%
76,2022-04-14,68.68806457519531,71.06810199736309,71.31296178370741,68.6488861126769,18543500,-3.11%
77,2022-04-18,69.6871109008789,68.80561399575134,70.61757528974572,68.60972911573597,17476700,1.45%
78,2022-04-19,71.23461151123047,69.50100005925255,71.90063042132168,69.31490423256413,15139000,2.22%
79,2022-04-20,71.69493865966797,72.29239710454247,74.66264539008127,71.39131493187273,19042600,0.65%
80,2022-04-21,69.4618148803711,72.4491069395316,72.95841195210434,69.1973696276467,17645300,-3.11%
81,2022-04-22,67.98286437988281,69.18757016177821,69.52058330652736,67.8849145021453,18682400,-2.13%
82,2022-04-25,68.67826843261719,67.01321757485316,68.72723590128483,66.53329453575982,20072100,1.02%
83,2022-04-26,65.70076751708984,67.2776648473775,67.73800235619176,65.66158906181562,18628700,-4.34%
84,2022-04-27,65.10330963134766,64.77029649532325,67.07198405637422,64.50585126092928,17123600,-0.91%
85,2022-04-28,68.73702239990234,66.25904317493746,69.35406621768179,65.68117033739175,21058400,5.58%
86,2022-04-29,66.78794860839844,67.67923422345659,69.86338650776564,66.62143829726584,16843500,-2.84%
87,2022-05-02,69.14839935302734,66.75857301695247,69.28552022999364,66.1904965423622,15342800,3.53%
88,2022-05-03,69.7948226928711,69.02106501432054,70.48042697891523,68.75661230932761,13539100,0.93%
89,2022-05-04,72.10631561279297,70.29434713943014,72.38055738945623,68.71745692361637,17201900,3.31%
90,2022-05-05,69.82421112060547,70.82323566869276,71.06809543241805,68.91333250064633,16603600,-3.16%
91,2022-05-06,68.9035415649414,69.09943387520833,70.43147169491313,67.47356132636692,15159800,-1.32%
92,2022-05-09,66.5333023071289,67.77718674997556,69.93195738126346,66.09255767500498,21770900,-3.44%
93,2022-05-10,67.49314880371094,68.13957469369207,69.13859924094544,66.21987504439153,17662700,1.44%
94,2022-05-11,65.58322143554688,67.24827188627853,69.42261975478154,65.44610060075456,17237300,-2.83%
95,2022-05-12,66.31783294677734,64.64299266976417,67.48336808460805,64.51566825310073,27022900,1.12%
96,2022-05-13,70.4412612915039,67.67924321026808,71.13666218554428,66.62144714361752,22872000,6.22%
97,2022-05-16,69.02108764648438,70.03970540013283,70.55880702585598,68.87417025915002,13394700,-2.02%
98,2022-05-17,72.94862365722656,70.76447129005086,73.19348341947587,70.66652887965652,17671500,5.69%
99,2022-05-18,69.58914947509766,71.67535202095361,72.69396955869178,68.64888138447232,20635100,-4.61%
100,2022-05-19,67.97307586669922,69.30511365680952,70.22578134076268,67.63027367200776,17558000,-2.32%
101,2022-05-20,67.48335266113281,69.1483960724597,69.23654947348574,64.75071678975772,20313300,-0.72%
102,2022-05-23,68.1591567993164,67.35601711378543,68.75661519041554,67.1111573624342,12356200,1.00%
103,2022-05-24,65.25023651123047,66.95445847849574,67.00343342324156,64.65277805346304,18764500,-4.27%
104,2022-05-25,66.47452545166016,64.57441146243482,67.43437145573438,64.54502948899753,16241200,1.88%
105,2022-05-26,69.14839935302734,65.02496161562138,69.57935495065132,64.98578315469852,14902500,4.02%
106,2022-05-27,71.81246185302734,70.28453951759889,71.92999721441646,70.16700415620979,13078700,3.85%
107,2022-05-31,72.3218002319336,71.9594124437547,72.94864830985676,70.45107490186061,15453000,0.71%
108,2022-06-01,72.0377426147461,72.96820669092168,73.83990681734666,71.05830359876057,13595400,-0.39%
109,2022-06-02,73.82032012939453,71.62637138889946,73.85949858610265,71.62637138889946,11373200,2.47%
110,2022-06-03,68.50198364257812,70.21600233273963,70.21600233273963,67.68904727040898,30306600,-7.20%
111,2022-06-06,69.00147247314453,69.28551067125329,70.65672672426838,68.5705244075022,13198700,0.73%
112,2022-06-07,69.30512237548828,67.23850499140124,69.41286128916322,66.71940339234656,14328000,0.44%
113,2022-06-08,67.18952941894531,68.40403196705546,68.9525230150151,66.36680405579826,16363000,-3.05%
114,2022-06-09,64.66256713867188,66.54309592017141,67.2776752570381,64.64298164426751,15073700,-3.76%
115,2022-06-10,61.33246994018555,63.50682200811278,64.21201929298826,60.999460526356934,26626900,-5.15%
116,2022-06-13,57.63019943237305,58.78593792219612,59.70660937329932,57.37554689866836,24278600,-6.04%
117,2022-06-14,57.493080139160156,58.139509843179084,58.63902217690392,56.53323019902683,17036000,-0.24%
118,2022-06-15,57.904441833496094,58.11012689573469,58.84470626244202,56.366722658089856,19726200,0.72%
119,2022-06-16,53.87894058227539,55.82802593883267,55.82802593883267,53.13456854704688,22706200,-6.95%
120,2022-06-17,54.603729248046875,54.75064660599998,55.162009230246895,52.49793371079164,24139800,1.35%
121,2022-06-21,55.632137298583984,55.651726527937655,56.72910798854531,55.18159623223995,15502800,1.88%
122,2022-06-22,55.18159484863281,54.80940697277212,55.96514532181581,54.456808325773935,13513800,-0.81%
123,2022-06-23,55.06406021118164,55.44604081252708,55.6615185820094,53.82996501393603,13366600,-0.21%
124,2022-06-24,57.23841857910156,55.97494500349827,57.78690580980888,55.955355773516196,15647600,3.95%
125,2022-06-27,57.57143020629883,58.35498449033401,58.815318335501395,57.169860317049476,16159900,0.58%
126,2022-06-28,56.67034912109375,57.76731990947301,59.34421751941658,56.62137791144771,19393600,-1.57%
127,2022-06-29,54.8681755065918,56.05329584909726,56.337334067594306,54.18256743087128,17351400,-3.18%
128,2022-06-30,54.14339065551758,53.85935616445513,55.25015785202896,53.10518763134656,29572400,-1.32%
129,2022-07-01,52.546905517578125,52.1943068685494,52.85052922603688,50.34316769741198,43681700,-2.95%
130,2022-07-05,55.56357955932617,51.10713241243234,55.720289665493965,51.018982744196485,33745900,5.74%
131,2022-07-06,56.1904182434082,55.68110948007362,56.924997543864386,55.29912884163857,23565000,1.13%
132,2022-07-07,57.63998031616211,57.88484005197633,58.0905250696202,56.650748627428406,22945500,2.58%
133,2022-07-08,58.037437438964844,57.13459102832603,59.30338854149783,57.01682552326792,19283000,0.69%
134,2022-07-11,56.73223114013672,57.02663739605227,57.51731573710441,56.634093225779104,13941800,-2.25%
135,2022-07-12,58.07669448852539,57.33086123998073,58.95991708717591,57.01682737014477,21523100,2.37%
136,2022-07-13,57.762657165527344,56.310249668468984,58.31221453309717,56.29062208483023,13987600,-0.54%
137,2022-07-14,58.24351501464844,56.859802303700214,58.54773692036104,56.251362235853506,14803800,0.83%
138,2022-07-15,60.38288497924805,60.33381788611668,60.549717588189814,58.292597611933374,20317800,3.67%
139,2022-07-18,59.32301712036133,60.93244161401894,61.16796888450543,59.01879517589523,13233000,-1.76%
140,2022-07-19,61.23666000366211,60.323997966823335,61.58994527351499,60.23567571346543,19103700,3.23%
141,2022-07-20,62.11988067626953,61.06001734743316,62.33578035626053,60.69691265952487,15176200,1.44%
142,2022-07-21,62.45354461669922,61.43293267134681,62.49279978619254,60.77542542843915,12924700,0.54%
143,2022-07-22,60.14735794067383,60.14735794067383,61.74696679659094,59.87257549665829,22201700,-3.69%
144,2022-07-25,59.02861022949219,60.20623533900931,60.67728987511087,58.58699894163381,14479400,-1.86%
145,2022-07-26,58.54774856567383,59.18563200519437,59.55854490673081,58.43979871496304,11044800,-0.81%
146,2022-07-27,60.73617172241211,59.36227444925211,61.22685012216478,58.49867941748528,14589800,3.74%
147,2022-07-28,60.912818908691406,61.089463439810935,61.138530533215416,59.0678669967648,10120300,0.29%
148,2022-07-29,60.70674133300781,60.20624719369408,60.93245298156079,59.63706211116475,14199700,-0.34%
149,2022-08-01,61.374053955078125,61.33479878539651,62.797022035615136,60.844120395113336,13347200,1.10%
150,2022-08-02,61.30535888671875,60.59878081129761,62.11988306270345,59.745001465883064,11535800,-0.11%
151,2022-08-03,63.05217361450195,61.33479923589684,63.32695231713347,61.275916480941916,12290100,2.85%
152,2022-08-04,63.6409797668457,62.92459357687939,63.778369104295614,62.46335473523012,11338400,0.93%
153,2022-08-05,61.2955436706543,61.688087880664284,62.04137692095747,60.64784834464314,15047100,-3.69%
154,2022-08-08,60.30438232421875,60.834315949297384,61.45256810164296,59.84314338273408,11454300,-1.62%
155,2022-08-09,58.04724884033203,57.90004384160836,59.41133402000074,56.66353607792827,33107200,-3.74%
156,2022-08-10,60.255313873291016,58.881412745139336,60.41233082420155,58.282784449924385,17418400,3.80%
157,2022-08-11,61.15814971923828,60.84411587228697,62.90496346085229,60.84411587228697,18298500,1.50%
158,2022-08-12,63.827449798583984,61.49181947021116,64.20036270256189,61.06983572934946,16194000,4.36%
159,2022-08-15,63.4937858581543,63.4937858581543,63.905961429666405,62.69888919730713,9689100,-0.52%
160,2022-08-16,62.669437408447266,62.92459223849462,63.35638408108568,62.041369739990095,9275400,-1.30%
161,2022-08-17,60.4712028503418,61.63901979734021,61.63901979734021,59.62723543292145,14728400,-3.51%
162,2022-08-18,61.805850982666016,60.598782564616506,62.23764662815051,60.10810416328358,11303900,2.21%
163,2022-08-19,59.38189697265625,60.68710328394164,61.089459413063636,59.15618536301015,14050300,-3.92%
164,2022-08-22,57.2229118347168,58.44960773780007,58.498674825207644,56.889250399335,13096800,-3.64%
165,2022-08-23,56.78129959106445,57.26216228045581,58.18463997970891,56.68316167434671,12769100,-0.77%
166,2022-08-24,57.2229118347168,56.80092814456985,57.47806293538345,56.290622199657754,9961300,0.78%
167,2022-08-25,60.05903625488281,57.50750635651259,60.12773093064864,57.48788251507584,12171600,4.96%
168,2022-08-26,56.55559158325195,59.931457517197586,60.07866252981671,56.53596399866414,15754000,-5.83%
169,2022-08-29,55.947147369384766,56.241557392926545,56.91869221119894,55.46628465228058,11607600,-1.08%
170,2022-08-30,55.250389099121094,56.40839046468998,56.72242435261586,54.54381472307749,12743700,-1.25%
171,2022-08-31,55.47609329223633,54.9461635170714,56.09434906410394,54.76951901082351,14172200,0.41%
172,2022-09-01,56.24155044555664,54.22976633656664,56.32987269299317,53.76853126091231,17594500,1.38%
173,2022-09-02,55.27983093261719,57.21310130367657,57.70377970892864,54.95598138823283,12809700,-1.71%
174,2022-09-06,54.20033264160156,55.27982730853315,55.63311259254718,54.102198464416375,12133300,-1.95%
175,2022-09-07,53.9746208190918,54.27884275685144,54.68119887139606,53.00307599717344,17030600,-0.42%
176,2022-09-08,54.35735321044922,53.47413432591464,54.87747112279444,52.738116717012915,18415300,0.71%
177,2022-09-09,56.36912536621094,55.12280195516654,56.604652612468655,55.12280195516654,13925600,3.70%
178,2022-09-12,56.859806060791016,56.38875529227676,57.056078150233304,55.96677161022839,10711500,0.87%
179,2022-09-13,52.6203498840332,54.66157379842689,55.19150736199976,52.149299075383674,22361800,-7.46%
180,2022-09-14,52.11985778808594,52.885314858028245,53.21897630403008,51.481974400748065,19984900,-0.95%
181,2022-09-15,51.70768356323242,51.717499226710146,52.45351675723189,51.01092119946407,15620800,-0.79%
182,2022-09-16,51.86471176147461,50.92261001606332,52.02172871904316,50.53006949393172,24901700,0.30%
183,2022-09-19,51.12868118286133,51.00110751070554,51.78619210065074,50.91278526036304,19251400,-1.42%
184,2022-09-20,49.8529167175293,50.56930661771639,50.62818936398683,49.64683272095051,19373800,-2.50%
185,2022-09-21,49.16596984863281,48.81268457638104,51.531039378410924,48.793056992881695,31117300,-1.38%
186,2022-09-22,48.73417663574219,48.87156598340604,49.43093903808256,48.429954691930114,21317000,-0.88%
187,2022-09-23,49.16596984863281,48.36125764305379,49.21504067917055,47.54673351751449,24591700,0.89%
188,2022-09-26,47.96871566772461,48.999139435181114,49.519257278732404,47.900020999466086,19266800,-2.44%
189,2022-09-27,49.63703155517578,48.89119824848517,49.705726235584216,48.47903016603455,17297500,3.48%
190,2022-09-28,50.049190521240234,49.17578367778333,50.23564694216047,49.16596801461042,17784300,0.83%
191,2022-09-29,49.0776481628418,49.10709141022105,49.36224251150877,48.30237919532596,25582100,-1.94%
192,2022-09-30,49.16596984863281,49.59776919846072,51.08943185220151,48.88137924683934,38917700,0.18%
193,2022-10-03,50.75577163696289,50.059005508554044,52.1002293184873,49.69590456405627,24632400,3.23%
194,2022-10-04,52.954002380371094,52.56146197804646,53.78815775452047,51.678239521553806,24275500,4.33%
195,2022-10-05,53.70965576171875,51.894147228266846,54.17089464318578,51.197381073996915,20418300,1.43%
196,2022-10-06,53.601707458496094,53.38581150776457,54.082573938484565,52.30631677979052,17149400,-0.20%
197,2022-10-07,52.033138275146484,52.672367520518854,53.744303427211364,51.63976585469004,21977700,-2.93%
198,2022-10-10,50.528499603271484,52.190490517323575,52.24949751038517,49.928608303984,17227400,-2.89%
199,2022-10-11,52.81988525390625,49.80076340743015,53.87215228175412,49.495903311488604,32813700,4.53%
200,2022-10-12,51.875797271728516,52.711709092103575,52.87889370706536,51.52176279437693,18131900,-1.79%
201,2022-10-13,53.950828552246094,50.49899622700081,54.993259210526105,49.89910865548017,27605000,4.00%
202,2022-10-14,51.846282958984375,54.32451994238335,54.5212023803463,51.72826899443416,20403000,-3.90%
203,2022-10-17,52.61336135864258,53.69512990467788,54.07866970881375,51.97413210322695,18261700,1.48%
204,2022-10-18,51.67910385131836,54.098334108337134,54.2261807077177,50.80385415478146,19774800,-1.78%
205,2022-10-19,52.151153564453125,51.22673316354197,52.544526023105156,51.1972315421603,14786100,0.91%
206,2022-10-20,52.81005096435547,52.613364738402346,54.186847043071886,52.28883190285803,15711800,1.26%
207,2022-10-21,55.12110137939453,52.60352980260589,55.347289216279286,52.45601420175699,20199200,4.38%
208,2022-10-24,55.307960510253906,55.298124135091335,55.86851384722625,54.15734846229945,15293600,0.34%
209,2022-10-25,54.944087982177734,55.74066552953093,56.08486362015883,54.422872658804685,17313000,-0.66%
210,2022-10-26,54.531044006347656,55.150604249751645,56.48806221353734,54.04916298337181,23511300,-0.75%
211,2022-10-27,51.34474182128906,54.45237214432695,55.298120278380914,51.256233208388586,27335800,-5.84%
212,2022-10-28,53.144412994384766,50.97103952893983,53.537781669434835,50.60716872138472,19171100,3.51%
213,2022-10-31,53.20342254638672,53.016572684923844,54.01966911528451,52.28883473492487,15932500,0.11%
214,2022-11-01,53.950828552246094,54.17701640737247,54.52121450180873,53.213257991473085,11729700,1.40%
215,2022-11-02,52.56419372558594,53.83281593441813,55.33745861144188,52.53468835345372,17302700,-2.57%
216,2022-11-03,52.59369659423828,51.83645705048952,53.468946374883096,51.04971588538619,12769200,0.06%
217,2022-11-04,55.229286193847656,54.344199976206646,55.96685679138915,53.91149324284774,18882700,5.01%
218,2022-11-07,55.62265396118164,55.49480735137281,55.87834342932155,54.54088159233682,11411300,0.71%
219,2022-11-08,56.5372428894043,56.429065275143444,56.91094260042457,55.54397911435265,14190100,1.64%
220,2022-11-09,55.04243087768555,55.28828771919534,55.7111617867104,54.59005143818449,19952500,-2.64%
221,2022-11-10,59.27116394042969,57.62883839535709,59.379341543883726,57.09779050341149,24982500,7.68%
222,2022-11-11,61.4838752746582,59.64486727322001,62.13293714289977,58.88762780169195,17579400,3.73%
223,2022-11-14,60.75613784790039,60.91348606701804,61.710063536507235,59.97923312621305,13988200,-1.18%
224,2022-11-15,62.054264068603516,62.44763650782654,63.372060614557356,61.385533172810945,16325000,2.14%
225,2022-11-16,57.894371032714844,59.52686039612598,60.3627759521029,57.156800469399975,25901900,-6.70%
226,2022-11-17,57.76652908325195,56.35039117834035,58.01238594157934,55.57348260567112,14212300,-0.22%
227,2022-11-18,57.60917663574219,58.57293499980748,58.671276235363614,57.13712820093525,9703700,-0.27%
228,2022-11-21,56.21270751953125,57.05845564593716,57.05845564593716,55.878342068428395,9968400,-2.42%
229,2022-11-22,57.64851379394531,56.59624676408291,57.70752078914915,56.03569343981894,8955700,2.55%
230,2022-11-23,57.953372955322266,57.27480944700316,58.08121955885284,56.792928403835646,8996800,0.53%
231,2022-11-25,57.44198989868164,57.69767935251146,58.15005877309887,57.422320902005886,4360500,-0.88%
232,2022-11-28,54.826072692871094,56.37005327396918,56.80275994110299,54.55071424573844,15512600,-4.55%
233,2022-11-29,54.206512451171875,54.78673471599758,55.58331219019211,53.862314392155554,12874200,-1.13%
234,2022-11-30,56.694583892822266,52.69203518450365,56.724085510593525,51.73810952747471,31461400,4.59%
235,2022-12-01,54.57038497924805,56.871605114690446,56.96010997424823,54.18684516377631,21764200,-3.75%
236,2022-12-02,53.77381134033203,53.43944586924745,54.501545526442214,52.495356451412576,15946500,-1.46%
237,2022-12-05,53.144412994384766,53.46894205751414,54.35402814146241,52.81004755727958,13806900,-1.17%
238,2022-12-06,52.790382385253906,52.96739961486774,53.72463915233185,52.357675685907736,17988000,-0.67%
239,2022-12-07,52.92805099487305,52.23965121249861,53.34109236488852,51.5709204240751,11367300,0.26%
240,2022-12-08,54.28519058227539,53.65579767721349,54.776904258289704,53.15424762685142,13609100,2.56%
241,2022-12-09,53.960655212402344,53.77380537485449,54.934249895678406,53.61645715600434,9932200,-0.60%
242,2022-12-12,54.43269729614258,52.63302736257431,54.46220266492313,52.45601015580009,13250600,0.87%
243,2022-12-13,54.32452392578125,56.242204096875035,56.93060393465406,53.7443016877003,14210500,-0.20%
244,2022-12-14,53.685306549072266,54.324535914828544,55.17028040057448,53.16409118256456,11235300,-1.18%
245,2022-12-15,51.177555084228516,52.672364957147686,52.829713167377214,50.990701505440335,17785000,-4.67%
246,2022-12-16,51.207061767578125,50.88253269314311,51.669273822128496,50.76451871018709,22951400,0.06%
247,2022-12-19,50.86286163330078,51.30540092126754,51.423414899437645,50.253134000520966,16470000,-0.67%
248,2022-12-20,49.8400993347168,50.48916124785491,51.10872154041146,49.61391149014357,16942000,-2.01%
249,2022-12-21,50.34164047241211,50.08595103351406,50.89236109273977,49.90893382524721,20400800,1.01%
250,2022-12-22,48.610809326171875,48.679648933636614,49.14186094216608,47.627382074987295,40959600,-3.44%
251,2022-12-23,49.3680534362793,48.18793987277301,49.71225150620806,48.17810724997973,17425700,1.56%
252,2022-12-27,49.191036224365234,48.787831163160504,49.476231054638184,47.715895207546325,15159100,-0.36%
253,2022-12-28,48.305946350097656,49.01401518347691,50.24329926838406,48.02075529352195,12518700,-1.80%
254,2022-12-29,49.81059265136719,48.5813085657113,50.085951086081366,48.52230157906799,13204300,3.11%
255,2022-12-30,49.263545989990234,48.741144639896866,49.302973500189744,48.42573207832944,11989800,-1.10%
256,2023-01-03,49.64796447753906,49.83524330743024,50.22950720611919,48.83971916120941,12422800,0.78%
257,2023-01-04,53.423057556152344,52.28954100925405,53.738470136851696,51.97412842855471,25077300,7.60%
258,2023-01-05,53.925743103027344,53.11749792613789,54.59599575118168,53.11749792613789,18030900,0.94%
259,2023-01-06,55.95622253417969,54.635430810920354,56.4687689688789,53.25549781288287,21069800,3.77%
260,2023-01-09,55.55209732055664,56.005502459507234,56.695468926614296,54.85227585478315,15715900,-0.72%
261,2023-01-10,56.3899040222168,55.35495633564508,56.45890028398729,55.05925753376948,10571300,1.51%
262,2023-01-11,57.22772979736328,56.52790456298544,57.631852427912406,56.10406817484675,12143000,1.49%
263,2023-01-12,56.44905090332031,57.27700988696308,57.40514742586418,55.621091919677546,14888100,-1.36%
264,2023-01-13,56.11391830444336,55.91678451887775,56.153345813559326,55.315528164909026,12520600,-0.59%
265,2023-01-17,56.03506851196289,56.34062609608617,57.75998271650018,55.73936968604512,10962700,-0.14%
266,2023-01-18,55.69994354248047,56.68560882644591,57.21786898219076,55.55209600589445,10035300,-0.60%
267,2023-01-19,55.55209732055664,54.9114133668112,56.27163254367773,54.48757698387464,12034200,-0.27%
268,2023-01-20,57.621986389160156,56.64617995185596,57.73041016219714,55.9463548058939,13826400,3.73%
269,2023-01-23,60.9338264465332,58.075395670976576,61.02253647087847,58.0162581614228,20175400,5.75%
270,2023-01-24,60.38185119628906,60.32271368805516,60.83526006616454,59.99744235271066,10183200,-0.91%
271,2023-01-25,60.6578369140625,59.80030548845532,60.78597068201494,59.55388919006541,10787200,0.46%
272,2023-01-26,61.899776458740234,61.68293266226406,62.14619276929256,60.4114235974106,12219500,2.05%
273,2023-01-27,62.95444107055664,61.24924056867536,63.41770120042239,61.071820515530284,15895800,1.70%
274,2023-01-30,60.825408935546875,61.86035681958096,62.37290326196302,60.80569517699199,16169000,-3.38%
275,2023-01-31,59.435611724853516,58.25281271460474,59.47503923586517,57.809266375774044,23856300,-2.28%
276,2023-02-01,61.7026481628418,59.75103126036373,62.323618373635,59.524328685633,20902200,3.81%
277,2023-02-02,62.264469146728516,62.64888173479229,63.00371804990489,60.97325013558964,15877600,0.91%
278,2023-02-03,61.515377044677734,61.11125438383043,62.87559634021883,61.0126893485077,12187100,-1.20%
279,2023-02-06,59.12020492553711,60.066442722061026,60.303004051199395,58.88364735641351,11484300,-3.89%
280,2023-02-07,61.239383697509766,59.22862566336316,61.495655010874536,58.84421681330872,12713100,3.58%
281,2023-02-08,59.386329650878906,60.56912866978726,61.436515118321985,59.36661589522875,9510500,-3.03%
282,2023-02-09,59.31733703613281,60.32271607606901,60.93382749877015,58.834359393020605,10094700,-0.12%
283,2023-02-10,58.962493896484375,59.63274655526203,59.889017861258445,58.40066501486405,11429700,-0.60%
284,2023-02-13,59.25819778442383,58.96249894143064,59.41590408468785,57.99654738231167,11466200,0.50%
285,2023-02-14,61.18024444580078,58.66679870023911,61.41680577056627,58.18382105218298,12496200,3.24%
286,2023-02-15,60.95354461669922,60.45085694901953,61.05210964643567,59.593325398249966,10457400,-0.37%
287,2023-02-16,59.1891975402832,59.90873272194356,60.47056161392513,58.992063738181095,12683400,-2.89%
288,2023-02-17,58.16410446166992,58.98220841994822,59.3173347536985,57.671271839096825,10874900,-1.73%
289,2023-02-21,56.774314880371094,57.50370879388227,58.8540690856372,56.66589486513247,12667500,-2.39%
290,2023-02-22,56.1632080078125,56.902456978403244,57.73041597586547,56.015360469703175,12260300,-1.08%
291,2023-02-23,57.9078369140625,58.2922457830386,58.89350222323804,56.61661400543724,16094600,3.11%
292,2023-02-24,57.346004486083984,56.87288561777841,57.533279529783734,56.52790052462894,9867400,-0.97%
293,2023-02-27,57.07001495361328,58.32180641303912,58.70621898846916,57.00101869238553,8514000,-0.48%
294,2023-02-28,56.99116134643555,56.813741310309204,57.897975282193975,56.57718376881697,10493300,-0.14%
295,2023-03-01,56.51804733276367,57.03059372981177,57.71070141973336,56.39976855191093,9141400,-0.83%
296,2023-03-02,55.621089935302734,54.70442095897284,55.88722000198056,53.93560327302435,16625500,-1.59%
297,2023-03-03,55.966068267822266,55.650655707920194,56.05477828529562,54.64527676322698,13769200,0.62%
298,2023-03-06,56.01536178588867,56.45890817065331,57.809272362538984,55.729517941473624,14472200,0.09%
299,2023-03-07,54.76356506347656,55.69008908581222,55.91679165212792,54.51714874008801,13278300,-2.23%
300,2023-03-08,56.074493408203125,55.03954568577648,56.10406216141079,54.55656807663637,11515700,2.39%
301,2023-03-09,54.80298614501953,55.82807890272853,56.73489288378326,54.74384863669966,10200000,-2.27%
302,2023-03-10,54.14259338378906,54.86212857705447,55.699942549483,53.74832577322588,14180700,-1.21%
303,2023-03-13,53.12735366821289,53.19634992866397,53.76803376668925,52.00369222655058,17365200,-1.88%
304,2023-03-14,53.49205780029297,54.18202428187699,54.62557067145295,52.93022886414958,14657000,0.69%
305,2023-03-15,53.35405349731445,52.56552216072297,53.49204601121621,52.121972108885885,14643600,-0.26%
306,2023-03-16,55.75907897949219,52.92036220586011,55.89707150320793,52.84151094660008,14791800,4.51%
307,2023-03-17,55.84779357910156,55.985786114141135,56.89260011013837,55.414102217546535,26655200,0.16%
308,2023-03-20,56.813743591308594,55.88721962323899,57.04044614434644,55.276108229832,10610200,1.73%
309,2023-03-21,57.78955841064453,57.54314208215297,58.66679993847212,56.774320580449256,14613700,1.72%
310,2023-03-22,57.33614730834961,57.56285363067506,59.544039181313224,57.25729604146589,16949300,-0.78%
311,2023-03-23,60.4607048034668,58.331668076615614,60.89439614707956,58.282385567571005,23903100,5.45%
312,2023-03-24,60.283287048339844,59.64260312642719,60.519848364742614,59.63274812825042,18735600,-0.29%
313,2023-03-27,58.93292236328125,60.31285136743707,60.53955390897665,58.32180724085531,15901000,-2.24%
314,2023-03-28,58.430240631103516,58.94278706330801,59.01178333687256,56.99117012530719,20496300,-0.85%
315,2023-03-29,62.62916564941406,60.036865205917,63.49654828966006,59.99743769681103,51939800,7.19%
316,2023-03-30,62.18562698364258,63.11215105757323,63.18114733116302,61.58437051949022,23038300,-0.71%
317,2023-03-31,59.47504425048828,59.48489924906492,60.77612214345766,59.041352872836725,35416500,-4.36%
318,2023-04-03,58.75551223754883,58.95264605996264,58.95264605996264,57.04045287056808,23610800,-1.21%
319,2023-04-04,56.44905090332031,58.82450407210264,59.2384816839167,56.13363831526732,21303200,-3.93%
320,2023-04-05,56.20263671875,56.00550290372513,56.29134674751045,55.20711264488104,19456200,-0.44%
321,2023-04-06,57.83721160888672,56.247082787035104,58.41992955414389,56.098932688154285,21496500,2.91%
322,2023-04-10,62.48907470703125,60.42487090226036,62.982903332405975,60.247092295716385,43280100,8.04%
323,2023-04-11,62.78536605834961,62.85450175890978,63.49648042709775,62.26190896336173,23090200,0.47%
324,2023-04-12,61.19524383544922,63.56562280174613,63.56562280174613,61.07672601741842,16694100,-2.53%
325,2023-04-13,62.22240447998047,60.75079357341839,62.58783659421689,60.0396829413385,23286500,1.68%
326,2023-04-14,61.85697555541992,62.40018629759048,62.43969349241359,61.0075897047905,14953000,-0.59%
327,2023-04-17,61.7680778503418,61.45202786996707,61.995238538260324,61.21498850087955,11546800,-0.14%
328,2023-04-18,61.16560745239258,62.5483289660804,62.66684676886098,60.721160982449135,12175200,-0.98%
329,2023-04-19,59.90141296386719,60.22733789309655,60.454498605617225,59.63474505761769,11652600,-2.07%
330,2023-04-20,60.70140838623047,59.14091202650019,61.185362054268616,59.13103334499833,14382200,1.34%
331,2023-04-21,60.375484466552734,60.39523806226573,60.69153446273437,59.980420087519114,9606200,-0.54%
332,2023-04-24,58.77547836303711,59.35819626222533,60.12857144084177,58.617453361610465,13402600,-2.65%
333,2023-04-25,57.422386169433594,58.4001684068966,58.607575504426826,57.313743279980706,15987300,-2.30%
334,2023-04-26,60.266841888427734,58.84461689818879,60.42486688734317,58.60757751600905,25385000,4.95%
335,2023-04-27,61.135986328125,60.00017896414518,61.19524335286635,59.38783251359925,13524600,1.44%
336,2023-04-28,63.56562042236328,61.65944165215803,63.64463480983515,61.53104515632292,18094700,3.97%
337,2023-05-01,61.58042526245117,63.10141826331066,63.30882537226062,61.54092183761302,12823400,-3.12%
338,2023-05-02,61.135986328125,61.46191126704283,61.80759357102575,60.49400759759493,12237600,-0.72%
339,2023-05-03,60.1581916809082,60.73103458708575,61.412516605623075,60.06930239435005,10818100,-1.60%
340,2023-05-04,59.76313781738281,59.802645011132505,60.2075843280334,59.16067006696021,13357900,-0.66%
341,2023-05-05,60.474246978759766,59.86190059931053,60.97795423625895,59.368072023196916,12312700,1.19%
342,2023-05-08,60.11869812011719,60.49400894482915,60.59277316667324,59.56561244960857,11510400,-0.59%
343,2023-05-09,60.177955627441406,59.140916284257464,60.63227705129519,58.81498758826669,11895200,0.10%
344,2023-05-10,59.24956130981445,61.15573637550677,61.5409258757631,59.0520291022092,14548700,-1.54%
345,2023-05-11,60.84955978393555,59.84214900290232,61.04709197450125,59.32856681447676,15536600,2.70%
346,2023-05-12,60.16807174682617,61.22486836313111,61.4223967789661,59.4075790571128,12131400,-1.12%
347,2023-05-15,63.8421745300293,61.46192031702466,64.06933905036496,61.03722732831473,22227200,6.11%
348,2023-05-16,62.943389892578125,63.75327222403627,64.41500070792382,62.51869701548703,15259000,-1.41%
349,2023-05-17,64.11870574951172,63.78290590724449,64.51377014970534,62.656973496976676,15947700,1.87%
350,2023-05-18,66.73599243164062,65.16562120104946,67.74339939566926,64.27672827089128,30688000,4.08%
351,2023-05-19,67.3285903930664,66.73599757238819,67.54587618553461,65.61006895253162,16812100,0.89%
352,2023-05-22,65.41254425048828,64.93846544580234,65.92612271494,63.96068685921958,37491000,-2.85%
353,2023-05-23,65.19523620605469,65.03720747999093,66.72609992986926,64.89893611229733,15896200,-0.33%
354,2023-05-24,65.70884704589844,64.14834651149411,65.90638305133272,64.07921079339914,15806600,0.79%
355,2023-05-25,68.75082397460938,68.88909539121444,69.01748812513998,66.67674519030639,29021500,4.63%
356,2023-05-26,73.01750183105469,69.01748689764747,73.66935170699566,68.93848004329763,33410000,6.21%
357,2023-05-30,70.80513763427734,73.47180870446829,73.847115677723,70.69649475395155,24454700,-3.03%
358,2023-05-31,67.35823059082031,68.04959528092239,68.98786678185567,67.08168772887062,30403600,-4.87%
359,2023-06-01,68.23722839355469,68.0890858502842,68.9285929147963,67.25944993183947,18153000,1.30%
360,2023-06-02,68.31623077392578,69.12610918753127,69.67920221442077,67.4470953534204,13468200,0.12%
361,2023-06-05,66.93351745605469,68.64216753169542,68.64216753169542,66.67673203885248,12441100,-2.02%
362,2023-06-06,66.70636749267578,66.20266021609477,67.9903173180751,65.99525311049703,12476600,-0.34%
363,2023-06-07,66.23229217529297,67.56563547892715,67.82242093624369,66.11377812890895,14610800,-0.71%
364,2023-06-08,64.5137710571289,65.67920690971793,65.6989567391534,63.219942475142375,25856800,-2.59%
365,2023-06-09,64.62242126464844,65.11624994387233,65.58045010797922,63.67427110476587,14649300,0.17%
366,2023-06-12,66.61746215820312,65.02733377291823,66.70635520721702,64.97795544366605,14731100,3.09%
367,2023-06-13,67.03229522705078,67.71377355432597,68.02982354913908,66.76562356988663,11911900,0.62%
368,2023-06-14,68.2668685913086,66.70636840194813,68.35575412267936,66.6866110381592,11085800,1.84%
369,2023-06-15,67.97056579589844,67.74340133244222,68.66192279732839,67.51624440421216,11842600,-0.43%
370,2023-06-16,66.82489776611328,69.28416237855998,69.62984093288344,65.24464002881632,32259700,-1.69%
371,2023-06-20,66.07424926757812,66.48906336434737,66.78536345359643,64.95819212860106,13261600,-1.12%
372,2023-06-21,64.98784637451172,65.92611769465216,66.37056041782893,64.5335174343059,10427200,-1.64%
373,2023-06-22,65.43228912353516,64.72117473799032,65.83723219011401,64.70142490960359,8639500,0.68%
374,2023-06-23,64.47425842285156,64.6421583321798,65.14586559539069,64.03968685967149,12663600,-1.46%
375,2023-06-26,64.64215850830078,64.81993709961098,65.87672996594767,64.60265885265513,13815900,0.26%
376,2023-06-27,65.96563720703125,64.46439377214779,66.01501555481417,63.002665071855155,18305200,2.05%
377,2023-06-28,66.24217224121094,64.83970073804291,66.8940296508458,64.58290774013581,27100100,0.42%
378,2023-06-29,63.535987854003906,67.0026591116797,67.11130200370984,62.765612695796165,51141900,-4.09%
379,2023-06-30,62.33104705810547,63.70388997569377,64.29648279400377,62.1236399484583,31549600,-1.90%
380,2023-07-03,63.111297607421875,62.65697242469035,63.5261118296742,62.479193824406984,12921300,1.25%
381,2023-07-05,61.294010162353516,62.71623524301975,62.96314955500015,61.25450296820944,16553000,-2.88%
382,2023-07-06,60.474246978759766,60.23721137208853,61.02733634034771,59.75325770974745,15607300,-1.34%
383,2023-07-07,60.01413345336914,60.7859545524043,60.84532685798513,59.994342684842195,15028100,-0.76%
384,2023-07-10,61.82493209838867,60.192233679635606,62.17126481124101,59.94485478818493,16953100,3.02%
385,2023-07-11,62.933197021484375,61.94368132130567,63.002462818520655,61.656724637028,13454500,1.79%
386,2023-07-12,63.1212043762207,63.79407532186831,64.02165969426667,62.468124196586565,13953600,0.30%
387,2023-07-13,63.853450775146484,63.507121769080584,63.972195384114556,62.8837257834589,11384700,1.16%
388,2023-07-14,63.40816116333008,63.62585580221682,64.85285302664542,63.01235341530008,13860200,-0.70%
389,2023-07-17,64.47684478759766,63.131099095515836,64.98149234456073,62.67592279249136,11333600,1.69%
390,2023-07-18,64.2591552734375,63.69513159745181,64.43726841055961,63.081629114163185,10393100,-0.34%
391,2023-07-19,64.27894592285156,64.94191970174651,65.0705615882888,64.12062731940802,9463900,0.03%
392,2023-07-20,64.01176452636719,63.72480410564404,64.86274851902074,63.57637526052453,12745100,-0.42%
393,2023-07-21,64.96170043945312,64.60547422065464,65.4663555076518,63.66542987405675,24540200,1.48%
394,2023-07-24,64.79348754882812,64.67474295402253,65.9413217676613,64.53621136811861,10272700,-0.26%
395,2023-07-25,64.99140167236328,64.71433844080875,65.30804644405515,64.39769366911688,8610900,0.31%
396,2023-07-26,66.6735610961914,64.31851659110305,67.16831891612297,64.31851659110305,14920600,2.59%
397,2023-07-27,70.32487487792969,69.74106428529201,71.5815563947799,69.22651193473857,25068300,5.48%
398,2023-07-28,70.4535140991211,70.82953489289201,71.37376399267824,69.91918227006717,11932900,0.18%
399,2023-07-31,70.64151763916016,70.37435175056575,71.01753084702761,70.12697285210969,11193800,0.27%
400,2023-08-01,70.01812744140625,70.25560907656403,70.33477213808499,69.15724613352732,13141100,-0.88%
401,2023-08-02,67.45526885986328,69.01870513939397,69.11765517810011,66.63396919473468,14004400,-3.66%
402,2023-08-03,68.45470428466797,66.86158322086963,68.66250169958863,66.4558856629978,11075200,1.48%
403,2023-08-04,69.17703247070312,68.77132749056993,70.18633496249596,68.4052040365037,11255500,1.06%
404,2023-08-07,68.65259552001953,69.11766909995913,69.49368989194718,68.10836642281373,10537500,-0.76%
405,2023-08-08,66.94073486328125,67.97972176040928,68.03909783267748,66.25796665273623,14767800,-2.49%
406,2023-08-09,66.00069427490234,67.06937304445442,67.25738344356239,65.92153875632513,10043200,-1.40%
407,2023-08-10,64.75391387939453,66.35692458217262,66.7527323968435,64.24925872695403,12775300,-1.89%
408,2023-08-11,63.69513702392578,64.21957920862991,64.62527677533421,63.398279253629596,11823100,-1.64%
409,2023-08-14,67.56412506103516,63.69512292768132,67.76203271390295,63.52689953539244,21954000,6.07%
410,2023-08-15,64.64505767822266,66.88135755809543,66.92093908907616,64.6351604081262,13808500,-4.32%
411,2023-08-16,63.54669952392578,64.31852056277417,64.54611249573479,63.4180576511806,9895400,-1.70%
412,2023-08-17,62.89361572265625,63.81386179930523,64.03155644899779,62.73529337052601,9933300,-1.03%
413,2023-08-18,62.92330551147461,61.656726583172244,63.19047521192019,61.102596414688485,9576500,0.05%
414,2023-08-21,63.28942108154297,63.01235790301112,63.51701300642579,62.200955358994115,11311900,0.58%
415,2023-08-22,62.74518585205078,63.62585793216388,64.39767891448727,62.626445033547775,8876000,-0.86%
416,2023-08-23,64.50652313232422,62.90350517353906,64.93201513407186,62.507697431312565,10747400,2.81%
417,2023-08-24,63.02224349975586,65.44655733216042,65.54550737646173,62.705598828348975,12661600,-2.30%
418,2023-08-25,63.051944732666016,62.794668524098526,63.71491847262259,61.97337241529388,9409000,0.05%
419,2023-08-28,64.6252670288086,65.03097208373278,65.41688259727232,63.98208787251308,9904900,2.50%
420,2023-08-29,65.98090362548828,64.21956698222559,66.3272325919604,64.18988272072872,9955000,2.10%
421,2023-08-30,67.37610626220703,66.48554835845921,67.97971131659865,65.8225672409214,16892200,2.11%
422,2023-08-31,69.20673370361328,67.25738647573445,69.80044164143986,67.25738647573445,18420900,2.72%
423,2023-09-01,69.65201568603516,69.4739025422888,69.87960763892464,68.82082604815638,10772000,0.64%
424,2023-09-05,69.55304718017578,69.17703399834242,70.41392840498361,68.80101326710472,11144300,-0.14%
425,2023-09-06,69.67180633544922,69.3947355889023,69.91918526852596,68.90987499390553,9192800,0.17%
426,2023-09-07,69.13745880126953,68.72185650504039,69.55305354809363,68.37552754935365,12043200,-0.77%
427,2023-09-08,69.44419860839844,69.03849362666742,69.86969057853878,68.88017507118023,9805000,0.44%
428,2023-09-11,69.29578399658203,70.08739958472344,70.11708384813275,68.5833314771359,9310400,-0.21%
429,2023-09-12,69.57283782958984,69.22650888738873,70.93837415798957,69.05829305109172,11062100,0.40%
430,2023-09-13,70.10718536376953,70.30509303208235,71.1065983278838,69.62232478786296,14525500,0.77%
431,2023-09-14,71.03733825683594,70.9185936462776,71.47272761281029,70.53268309872078,11170300,1.33%
432,2023-09-15,69.14735412597656,70.54257488119822,70.87900659415894,68.90987247274514,16416100,-2.66%
433,2023-09-18,69.76084899902344,69.9092778472002,70.30508559253661,69.17703842544095,12735700,0.89%
434,2023-09-19,69.96864318847656,69.8795904132585,70.31497211888758,69.23640379997832,10399000,0.30%
435,2023-09-20,68.94944763183594,70.20612912796403,71.55187095419842,68.91976337160216,15522100,-1.46%
436,2023-09-21,67.1881332397461,68.27659925420704,68.56355978018985,67.11886742653697,14978600,-2.55%
437,2023-09-22,68.15784454345703,67.87088405991851,69.0187259940726,67.07927596167329,15487200,1.44%
438,2023-09-25,67.86099243164062,67.57403195616192,68.46459764740513,66.90116093937884,14900000,-0.44%
439,2023-09-26,67.22769165039062,67.25737591020793,68.3260545600596,66.88135515410927,12752500,-0.93%
440,2023-09-27,67.4948501586914,67.40579738897598,68.12813946357,66.05015846009935,20852300,0.40%
441,2023-09-28,64.51642608642578,65.278357467648,66.38661031392567,63.1607942941888,46749800,-4.41%
442,2023-09-29,67.3167495727539,65.66426022183448,68.0094150688305,65.66426022183448,24315500,4.34%
443,2023-10-02,67.24748229980469,67.52454547238257,68.55364264867556,66.35691670980063,14880500,-0.10%
444,2023-10-03,67.11884307861328,66.46575917720392,68.91976111815997,66.40639065867751,12481500,-0.19%
445,2023-10-04,67.3958969116211,67.5937969789472,67.78180732748955,66.4162787443707,12912800,0.41%
446,2023-10-05,68.3260726928711,67.89068330159142,68.81093334717364,67.62350979352186,14045000,1.38%
447,2023-10-06,69.34200286865234,68.10304482519729,69.70873717183495,67.3993175639548,15113400,1.49%
448,2023-10-09,68.86624908447266,68.99509800217044,69.33209096938,67.97419775656498,8588700,-0.69%
449,2023-10-10,68.45986938476562,68.87615749704126,69.49068344516259,68.28145911350461,9007600,-0.59%
450,2023-10-11,69.58979797363281,69.10412851355765,69.64926554286646,68.32110608331394,11165300,1.65%
451,2023-10-12,69.13386535644531,69.76821132966627,70.09529809892098,68.68784344346199,11408700,-0.66%
452,2023-10-13,68.5986328125,69.2528063346913,69.44112282823097,68.47969010973786,10287900,-0.77%
453,2023-10-16,68.46977233886719,68.4003909977936,69.41137733372287,67.538073562737,11294100,-0.19%
454,2023-10-17,68.3904800415039,67.46869500802975,69.0149121369544,67.02267316299358,11843000,-0.12%
455,2023-10-18,68.52923583984375,67.40922066828664,68.9356176434875,67.3794868898734,11201000,0.20%
456,2023-10-19,66.93346405029297,69.0644732675567,69.16358839259237,66.58655733166849,18111000,-2.33%
457,2023-10-20,66.62620544433594,66.96319838464022,67.9147172044398,66.5469103188528,11506100,-0.46%
458,2023-10-23,66.28919219970703,66.22972464802541,67.5578912775657,65.644940224495,9762000,-0.51%
459,2023-10-24,67.46870422363281,66.69559555357097,67.746229637296,66.53700528176323,8450700,1.78%
460,2023-10-25,65.9125747680664,67.8849940610589,68.58872139550346,65.31787635774712,11924300,-2.31%
461,2023-10-26,63.95997619628906,65.86301415546627,66.84427448360506,63.315720208046926,16697900,-2.96%
462,2023-10-27,65.07007598876953,64.34652118597184,65.68459432007762,64.30687362233913,9980300,1.74%
463,2023-10-30,65.48637390136719,65.77381310938416,66.95330372814338,64.59432249062495,10667700,0.64%
464,2023-10-31,66.27930450439453,65.496282086444,66.47753477339465,64.68352588434345,8268400,1.21%
465,2023-11-01,68.78693389892578,66.40813357200659,69.04463922119145,66.40813357200659,16777500,3.78%
466,2023-11-02,69.81775665283203,69.69881397440858,70.4025411405835,69.13384948539498,11926000,1.50%
467,2023-11-03,71.9388656616211,70.67017376429631,72.54347782550246,70.52149727839102,14457900,3.04%
468,2023-11-06,72.2758560180664,71.93886305343248,72.34523736737339,71.38380469697674,10073900,0.47%
469,2023-11-07,72.15692138671875,71.83974842167383,72.48400057173383,71.07654601197201,8248400,-0.16%
470,2023-11-08,71.64151000976562,71.97851053601075,72.1370932362438,71.08645921595003,9917600,-0.71%
471,2023-11-09,72.92011260986328,72.90029260890813,75.42776242166727,72.85073126352087,22435900,1.78%
472,2023-11-10,74.69430541992188,73.78243408684851,75.14032730444688,72.92011653983349,12306000,2.43%
473,2023-11-13,74.11943054199219,73.49499836188247,74.53571866206534,72.74170969555935,9116000,-0.77%
474,2023-11-14,76.48831176757812,75.32864885663876,76.76583715870893,75.23944750748947,12972700,3.20%
475,2023-11-15,76.45858001708984,76.81540054717219,76.81540054717219,75.63591004151111,9954000,-0.04%
476,2023-11-16,75.99273681640625,76.21079466515357,76.79558685606688,75.80442031594313,12989000,-0.61%
477,2023-11-17,76.87486267089844,75.92334384539473,77.25151073820159,75.79449493721174,9376900,1.16%
478,2023-11-20,77.92552185058594,76.6568222336337,78.21296107584847,76.44867815230589,11424100,1.37%
479,2023-11-21,76.03237915039062,77.16230832337257,77.2416034560029,75.63591104923906,12016700,-2.43%
480,2023-11-22,76.41893768310547,76.51805282335843,77.75701098152162,76.17114605147283,8579500,0.51%
481,2023-11-24,76.19097137451172,76.00264732017293,76.32973407918233,75.69538812583089,4349600,-0.30%
482,2023-11-27,76.82530975341797,76.19096386260864,77.59841833521686,75.98281982612428,11005600,0.83%
483,2023-11-28,75.44759368896484,74.41677966269523,75.56652882453443,73.33640428860497,19225700,-1.79%
484,2023-11-29,76.01255798339844,76.7658390458429,78.32197008036624,75.70529123966456,14062900,0.75%
485,2023-11-30,75.44759368896484,76.14140718645403,76.31981745180838,74.3077507470898,21701600,-0.74%
486,2023-12-01,75.25926971435547,75.33856484614512,75.86388186075158,74.4266859545641,14354700,-0.25%
487,2023-12-04,73.6337661743164,74.75378168798437,74.93219197495813,72.68224716445673,11659300,-2.16%
488,2023-12-05,73.03905487060547,72.82099705138755,73.31658025433752,72.3947951943706,8800500,-0.81%
489,2023-12-06,72.48399353027344,74.63483028885365,74.73394541292664,72.28576328212743,8883900,-0.76%
490,2023-12-07,72.99939727783203,73.36612395795217,73.55444796903993,72.34522391005258,10641300,0.71%
491,2023-12-08,74.2978286743164,72.83090671131714,74.68438294578236,72.781345369027,12007100,1.78%
492,2023-12-11,77.10282897949219,76.50813069958922,77.81646994017532,76.29007289915837,18547600,3.78%
493,2023-12-12,77.46957397460938,76.7361053511671,77.56868910799348,76.418932387138,10262100,0.48%
494,2023-12-13,79.0851821899414,77.60834610563569,79.56093791280459,77.34072689477439,11629900,2.09%
495,2023-12-14,81.46398162841797,80.09616694194548,81.67212569766363,80.07634693811286,17342800,3.01%
496,2023-12-15,80.69087219238281,82.15779444670166,82.25690958896634,80.39351920358813,19547800,-0.95%
497,2023-12-18,80.83953094482422,80.86926472755925,81.13688389617386,80.09615612844979,12416600,0.18%
498,2023-12-19,81.44413757324219,80.94855439575574,81.54325269633964,80.4529712182693,14316400,0.75%
499,2023-12-20,77.9948959350586,80.7404238701644,80.89901414323934,77.93542080165528,29085000,-4.24%
500,2023-12-21,84.72490692138672,84.24914372366742,85.26013012107165,82.37583983877171,53969700,8.63%
501,2023-12-22,85.72599029541016,85.38899730798524,86.71715681654288,84.86368026170496,22531800,1.18%
502,2023-12-26,86.29094696044922,85.93412644075339,87.09379691076474,85.66651483198137,11203900,0.66%
503,2023-12-27,85.89448547363281,86.7072416344805,86.71714785402767,85.45836982956833,9186300,-0.46%
504,2023-12-28,85.24031066894531,85.98368547129077,85.98368547129077,85.08172041468518,9606200,-0.76%
505,2023-12-29,84.69939422607422,85.1956409911357,85.49339207902248,84.391723654816,8549200,-0.63%
506,2024-01-02,81.72191619873047,83.36945914502596,83.44886044723596,81.13634863221276,13597100,-3.52%
507,2024-01-03,81.64251708984375,80.59046883518488,81.97003418866379,79.97512771390979,12915600,-0.10%
508,2024-01-04,82.08914947509766,82.8434467747349,83.62751767254686,81.98990162380673,19134200,0.55%
509,2024-01-05,82.8235855102539,80.86837953504462,82.90298681328144,80.4019063449141,15483700,0.89%
510,2024-01-08,84.31233215332031,83.26029131220862,84.86813374382558,83.20074411656097,16219800,1.80%
511,2024-01-09,82.70448303222656,82.50597979408839,83.55802802590996,82.27771053538486,12138700,-1.91%
512,2024-01-10,81.76162719726562,82.33727535295256,82.39682255108366,81.04703810331478,10748600,-1.14%
513,2024-01-11,82.7640380859375,82.17847051503996,82.82358527697792,81.20582348600465,10579300,1.23%
514,2024-01-12,81.77154541015625,82.12884370455028,82.42659480725368,81.09664947320364,10187500,-1.20%
515,2024-01-16,83.9748764038086,81.92041514302569,84.58029805007972,81.71199241478679,13713500,2.69%
516,2024-01-17,82.65486907958984,83.06179510637345,83.33969211387175,82.00974669953992,10245400,-1.57%
517,2024-01-18,84.18330383300781,84.58030277320924,85.1757973974489,83.40916006428377,15077700,1.85%
518,2024-01-19,86.85311889648438,85.41399860271639,87.13101589883256,84.9773065585087,18156800,3.17%
519,2024-01-22,88.57012939453125,87.60740936217893,89.27479896296556,87.3493664703864,14371200,1.98%
520,2024-01-23,86.87297058105469,88.3319375018958,88.51058666714421,86.22784817476173,16850900,-1.92%
521,2024-01-24,87.41883850097656,87.74636320776904,87.90515824698262,85.9598716908331,19752800,0.63%
522,2024-01-25,88.53042602539062,88.48080588870263,89.36412458627649,87.83568353475677,15892400,1.27%
523,2024-01-26,87.38906860351562,86.58514360080208,87.83568771559213,85.64227766547366,14934500,-1.29%
524,2024-01-29,88.40141296386719,87.83569186154229,88.89765981054256,87.3592915569985,12108100,1.16%
525,2024-01-30,85.51325988769531,87.41884595346197,88.12351556406966,85.1162608976291,12980400,-3.27%
526,2024-01-31,85.1063232421875,84.32225241678232,86.26753889652018,84.1535303279562,11396700,-0.48%
527,2024-02-01,84.96737670898438,85.42392285099491,85.54302480756837,83.98481017666006,10459000,-0.16%
528,2024-02-02,85.83084106445312,84.43142159723472,85.95986249326693,84.30240016842092,10450000,1.02%
529,2024-02-05,86.32711029052734,86.08890633698547,86.56530667194278,84.96739111786667,8409300,0.58%
530,2024-02-06,83.96495056152344,86.17821445034298,86.53551272452124,83.09155898693471,12990300,-2.74%
531,2024-02-07,84.53068542480469,83.50841813969838,84.63986033604186,81.85095550128085,16374800,0.67%
532,2024-02-08,84.24285125732422,84.86812705081542,85.38422037402046,83.89548002323188,12524500,-0.34%
533,2024-02-09,84.91775512695312,84.42150829695059,84.9773098955989,83.32976678537017,12161500,0.80%
534,2024-02-12,85.05669403076172,84.8879719449196,86.25761788725526,84.7490234539761,10366000,0.16%
535,2024-02-13,80.91800689697266,81.85095336055333,82.92284833077892,80.16370959509624,21207900,-4.87%
536,2024-02-14,81.21575927734375,81.56313054931736,82.55562422474243,80.8783074901938,12870900,0.37%
537,2024-02-15,81.01725006103516,81.6226717644417,82.08914496924268,80.89815567487338,11527600,-0.24%
538,2024-02-16,78.90322875976562,80.35226827864857,80.72941306122115,78.65510539888585,15553100,-2.61%
539,2024-02-20,80.1041488647461,78.73451057116816,80.16369605121162,78.55586143964717,12627200,1.52%
540,2024-02-21,80.87830352783203,80.18356101792139,80.88823058429517,79.33994294956548,9913300,0.97%
541,2024-02-22,85.26512908935547,84.36195627578284,85.66212047295305,83.2503607141839,17510900,5.42%
542,2024-02-23,85.35444641113281,85.90032089958888,86.16829082984233,84.41158055520866,10232800,0.10%
543,2024-02-26,88.7884750366211,89.00682483644594,91.65678088604723,88.23268105315793,28920100,4.02%
544,2024-02-27,91.16053771972656,91.20023837328489,92.0537834944754,89.81074578724508,21422700,2.67%
545,2024-02-28,89.0365982055664,89.78096839100466,90.10849308990753,88.62967977503187,14190700,-2.33%
546,2024-02-29,89.92984771728516,89.96954837082995,90.14819752571887,88.15328322481362,17027000,1.00%
547,2024-03-01,94.4357681274414,91.23001044825443,95.3389333714165,91.23001044825443,23446200,5.01%
548,2024-03-04,95.05110931396484,96.20240553153384,96.6490246253794,93.90974772477612,20913200,0.65%
549,2024-03-05,93.76087188720703,93.54252208300639,94.65411764433453,92.5798020765537,12887500,-1.36%
550,2024-03-06,94.84268188476562,94.33651562262062,95.70615400532901,93.85018832775593,14232400,1.15%
551,2024-03-07,98.23701477050781,98.1873870642287,98.94168428134695,96.7383473919521,24843300,3.58%
552,2024-03-08,96.88722229003906,99.13025224289109,101.08546573205066,96.58947119860747,22379000,-1.37%
553,2024-03-11,93.80057525634766,95.18014079870217,95.73593480939881,92.82792816550304,15673300,-3.19%
554,2024-03-12,96.688720703125,94.61441279937802,96.76812200515717,92.93709626154198,14993700,3.08%
555,2024-03-13,93.45320129394531,94.60448993593059,94.62433647625565,92.40115292571062,16732600,-3.35%
556,2024-03-14,90.74369049072266,92.5996562556384,92.7485242384957,89.62217544448764,16718900,-2.90%
557,2024-03-15,92.5500259399414,91.78580921833858,93.98913859594839,91.32925551001735,29579500,1.99%
558,2024-03-18,93.07605743408203,96.0932391732201,96.3512896539172,92.9867366362211,23140300,0.57%
559,2024-03-19,93.2944107055664,91.8850714249841,93.45321333713265,90.31692951283556,21054700,0.23%
560,2024-03-20,95.52750396728516,94.27695997697302,95.95427649568633,92.88746749575117,39807400,2.39%
561,2024-03-21,109.0254135131836,112.51899500343401,112.64801643726508,107.96344573159392,89554100,14.13%
562,2024-03-22,109.3827133178711,108.48946760778445,110.50422830423692,106.2464376350528,37281400,0.33%
563,2024-03-25,116.25077056884766,109.41249039256986,120.49864946167726,109.33309666080093,55766100,6.28%
564,2024-03-26,117.90824890136719,118.10674460294204,121.54077173064141,117.28297305436767,44295100,1.43%
565,2024-03-27,118.35486602783203,118.40449373845492,119.2084111600921,116.20115665620803,29320700,0.38%
566,2024-03-28,117.11802673339844,118.65787998467059,118.84663066401234,116.58156187642818,21047800,-1.05%
567,2024-04-01,123.48604583740234,118.41943624763809,126.54587122619795,118.22074894505056,44309400,5.44%
568,2024-04-02,121.94618225097656,121.90644327798184,122.87009252966031,120.1281640284966,25026400,-1.25%
569,2024-04-03,127.17174530029297,121.39979341041649,127.439981500909,120.53549529149454,40130100,4.29%
570,2024-04-04,123.27741241455078,129.32752936438908,129.68517256707688,122.84029883971486,36009900,-3.06%
571,2024-04-05,122.770751953125,123.58538197127737,124.86693545948677,120.40633226720804,23326500,-0.41%
572,2024-04-08,122.1448745727539,128.21486462330276,128.85067305856572,121.80710465752301,27955800,-0.51%
573,2024-04-09,121.82697296142578,124.07217580991268,125.313990370889,120.47587811272876,19212900,-0.26%
574,2024-04-10,121.39979553222656,119.21420480916586,123.66487179032613,119.14466349287125,22242300,-0.35%
575,2024-04-11,126.67501831054688,122.09520573157754,126.72468634393414,121.28057570556966,21745300,4.35%
576,2024-04-12,121.71768951416016,124.42981577988238,125.16496785865563,121.03221304831033,24808200,-3.91%
577,2024-04-15,120.57524108886719,122.82043657667015,123.96290759996688,119.82021563998936,17732600,-0.94%
578,2024-04-16,120.97260284423828,118.74727329331427,121.74750149001203,117.5849366938054,17452400,0.33%
579,2024-04-17,115.56822967529297,121.22096428317855,123.6052497056669,115.43907611284736,25546500,-4.47%
580,2024-04-18,111.1970443725586,115.24039231705727,116.84978673146092,110.7499941582749,32146900,-3.78%
581,2024-04-19,106.07083129882812,108.94191359354919,110.15391826225729,105.02771159468163,33787500,-4.61%
582,2024-04-22,108.40544128417969,106.89539060820381,109.50817316616399,105.93174134381805,19820900,2.20%
583,2024-04-23,111.72357940673828,108.99158717954867,112.15076394907625,108.1968303520273,17887500,3.06%
584,2024-04-24,111.04803466796875,111.98188173221286,113.20382313214878,108.51473726988176,20505900,-0.60%
585,2024-04-25,110.84933471679688,108.65380752358668,112.31963888500981,107.36231737255271,18342800,-0.18%
586,2024-04-26,114.08798217773438,111.26658317116551,114.30654275024439,110.86920100109587,20630700,2.92%
587,2024-04-29,113.61112976074219,113.06472832887296,113.99857529263691,111.37586357853363,14419100,-0.42%
588,2024-04-30,112.22029876708984,113.43231100676007,115.51855797990382,112.19049642995608,14845600,-1.22%
589,2024-05-01,108.98164367675781,109.79627373183928,112.98526021882823,108.03786763493909,16686200,-2.89%
590,2024-05-02,111.59442138671875,111.00828099437655,111.67389933473707,108.71341019624631,15439200,2.40%
591,2024-05-03,113.94889831542969,114.276739170628,114.72379694938054,112.70708378461883,15564400,2.11%
592,2024-05-06,119.34334564208984,118.99563907565147,120.57523116237823,117.24716202514531,22538700,4.73%
593,2024-05-07,118.42935943603516,119.36320632689174,120.61495741344339,118.39955710197529,12508300,-0.77%
594,2024-05-08,118.53865051269531,117.52533316517763,119.68112142548345,117.44585521415497,10867900,0.09%
595,2024-05-09,117.03852844238281,118.53864245334671,118.84661001832775,116.67095620790454,11524800,-1.27%
596,2024-05-10,120.44609069824219,119.25395160378264,121.05209688543252,118.39958247362694,13922400,2.91%
597,2024-05-13,122.19456481933594,122.12502350025845,123.29729686430429,120.85340647744981,16643200,1.45%
598,2024-05-14,123.9926986694336,122.18461696001077,124.22119588509804,120.87326107822537,13887700,1.47%
599,2024-05-15,126.9730453491211,125.40339759659084,127.1121279654284,124.61856993060864,14265100,2.40%
600,2024-05-16,127.05252838134766,127.09226735608824,129.2778654902134,126.21803265009883,15874700,0.06%
601,2024-05-17,124.46955108642578,127.51944717596182,128.1850579246885,124.0423665979498,13774700,-2.03%
602,2024-05-20,128.15525817871094,126.29750093233018,130.16203468304684,125.81071176381543,19123200,2.96%
603,2024-05-21,126.66508483886719,123.38669137596975,127.9764482875738,122.4727176809026,15717800,-1.16%
604,2024-05-22,125.45306396484375,126.95317796876176,127.03265591400746,124.41987341495171,11190100,-0.96%
605,2024-05-23,125.4431381225586,130.90712984720832,131.085943870249,123.84368791858465,20747400,-0.01%
606,2024-05-24,128.64205932617188,126.98298931403548,129.5460888048967,125.7709770910537,14048900,2.55%
607,2024-05-28,131.80123901367188,130.89719430252129,132.42711845352542,128.42350919999606,14143000,2.46%
608,2024-05-29,130.7183837890625,129.14872819653246,132.2284347016904,129.04937695744835,11242500,-0.82%
609,2024-05-30,125.4630126953125,129.4467560263671,130.80777996756717,124.87687226692422,12639700,-4.02%
610,2024-05-31,124.18145751953125,125.52261574485524,126.48626506791636,120.21758751774952,24153800,-1.02%
611,2024-06-03,127.33069610595703,127.29096470987679,127.99630689210272,124.33047545921546,16134300,2.54%
612,2024-06-04,125.81071472167969,126.51606447452045,127.02272693170602,124.59870251165334,12995500,-1.19%
613,2024-06-05,132.8344268798828,127.95657563700509,132.9933676232481,126.81410472285718,22301800,5.58%
614,2024-06-06,129.21827697753906,132.96357917742773,133.2516886751858,128.33409036356284,15505000,-2.72%
615,2024-06-07,130.0825653076172,129.35734982624146,131.67207889911012,128.77120181473765,12139500,0.67%
616,2024-06-10,133.93714904785156,128.8606108769452,134.78157379399232,128.8606108769452,14652100,2.96%
617,2024-06-11,134.18551635742188,134.43387926014114,134.9604074011965,130.91705206866993,14125000,0.19%
618,2024-06-12,139.82830810546875,137.60297113739708,140.78202828003316,135.93397978049427,16973600,4.21%
619,2024-06-13,142.2026824951172,141.85496832003116,143.27561220121248,139.34153661219642,16312900,1.70%
620,2024-06-14,140.43431091308594,140.8714320180107,141.55691600901838,138.73550210237698,14028500,-1.24%
621,2024-06-17,146.86195373535156,144.62668760661148,147.77592740003882,141.2092116332521,23909000,4.58%
622,2024-06-18,152.44515991210938,150.7463659987693,156.5083737157563,150.5178611940142,42192600,3.80%
623,2024-06-20,143.2458038330078,155.98184681415353,156.3792365916521,141.97418686275248,41285000,-6.03%
624,2024-06-21,138.62623596191406,136.74861295801992,141.6662107310052,134.81138528080675,49893500,-3.22%
625,2024-06-24,138.09970092773438,141.50724778524196,141.89469330139727,136.9870399908511,32410100,-0.38%
626,2024-06-25,140.19589233398438,139.15278022607362,140.20583655218454,136.84796511627906,31160600,1.52%
627,2024-06-26,141.42774963378906,142.1032893464252,143.12655829046253,138.62620925654028,55490300,0.88%
628,2024-06-27,131.36412048339844,134.90080628327794,136.4903351447133,130.22165703596536,68172700,-7.12%
629,2024-06-28,130.668701171875,131.95026235662348,134.53322768690722,129.89381005690288,38140600,-0.53%
630,2024-07-01,130.6587677001953,129.6454427537287,131.21509820919835,126.43659052916406,24749000,-0.01%
631,2024-07-02,131.7217559814453,129.05931272764428,131.8409804923152,128.5725159421942,20776000,0.81%
632,2024-07-03,135.92404174804688,131.7912798625672,135.92404174804688,131.56277510277656,14507100,3.19%
633,2024-07-05,130.73825073242188,135.92406985676917,136.23203746058516,130.05276662902756,30104600,-3.82%
634,2024-07-08,129.94773864746094,130.54432179861936,132.51308716218134,129.3511403241769,20500700,-0.60%
635,2024-07-09,130.3951873779297,131.00172347872,134.4420790215249,130.13666951462415,21850900,0.34%
636,2024-07-10,135.61538696289062,132.34407884205433,135.72476283653046,131.9463414960329,22460200,4.00%
637,2024-07-11,129.4903564453125,135.58554605852265,135.65514060508008,129.33127669369824,25401500,-4.52%
638,2024-07-12,132.79150390625,131.00172399747586,133.66649561666335,129.97757511092416,20726900,2.55%
639,2024-07-15,130.12672424316406,133.14946718181614,134.5812911872695,129.29149863069205,20416000,-2.01%
640,2024-07-16,126.76592254638672,129.67928200964195,130.226161336865,126.5173424132969,21312600,-2.58%
641,2024-07-17,118.82130432128906,121.88381339976502,122.33125460755362,118.55284111382865,31414100,-6.27%
642,2024-07-18,116.7829360961914,119.81561656227593,120.94914129050287,113.44201871213419,30404900,-1.72%
643,2024-07-19,113.61106872558594,116.02726797740601,116.54431132807963,113.20339365677128,18038900,-2.72%
644,2024-07-22,114.6252670288086,114.70481449015958,114.92356621584305,112.99458200143076,23837800,0.89%
645,2024-07-23,113.60112762451172,114.47612701440016,115.6792540202708,113.18351479656933,14707700,-0.89%
646,2024-07-24,109.65365600585938,110.83689974724932,113.39230295354972,109.3752474987236,25261000,-3.47%
647,2024-07-25,106.83973693847656,106.19343466872911,110.07127863146802,104.44342842781133,29068400,-2.57%
648,2024-07-26,108.78861236572266,109.37525783461598,110.00167703486771,107.16786505363811,18547900,1.82%
649,2024-07-29,107.23746490478516,109.9121894897216,110.39940441288188,106.53149825684092,13517700,-1.43%
650,2024-07-30,101.9775161743164,108.38094313184868,108.6295232766465,101.58973175531693,23915100,-4.90%
651,2024-07-31,109.19628143310547,109.22610983554449,110.70764531650454,107.1380382181119,26503600,7.08%
652,2024-08-01,100.9334716796875,106.57126684829643,107.24740506226797,99.38232660877452,31643700,-7.57%
653,2024-08-02,92.17350769042969,96.60818381420059,97.13517246757362,90.55276799982121,36039400,-8.68%
654,2024-08-05,89.90645599365234,87.13230094373266,91.72606429296471,84.4277556100435,36977600,-2.46%
655,2024-08-06,88.4945297241211,88.69339080143516,90.34396657018446,86.65503820774258,26460000,-1.57%
656,2024-08-07,86.30702209472656,92.84964519356706,93.04851384442235,86.08827037181742,29483800,-2.47%
657,2024-08-08,91.54708862304688,87.97748165019313,92.32265740344053,87.53003287115287,24760700,6.07%
658,2024-08-09,92.55135345458984,91.26867910627583,93.99311513728102,90.93060619337143,21627200,1.10%
659,2024-08-12,94.10249328613281,92.5712387769543,95.98175845965564,92.103906919379,18886600,1.68%
660,2024-08-13,96.8865966796875,96.07125413330698,97.22466202488891,94.37096690558894,23565500,2.96%
661,2024-08-14,99.83972930908203,100.42637478781911,101.37097626872459,97.51301529498735,22459000,3.05%
662,2024-08-15,106.34257507324219,102.92211769141585,107.43633369860004,102.16643198282227,29128000,6.51%
663,2024-08-16,107.37667846679688,106.2232705263253,108.84827627891754,104.75167271420463,18383300,0.97%
664,2024-08-19,108.01303100585938,106.64087147451275,108.10252379380765,104.16501560353784,15744600,0.59%
665,2024-08-20,107.37667846679688,107.71475141239198,108.56986772728868,105.55707755120422,16075500,-0.59%
666,2024-08-21,107.7147445678711,107.54571189884642,107.78434670135557,105.60678231852673,13658900,0.31%
667,2024-08-22,103.6678695678711,108.33122809926965,110.36958839688101,103.36957034858895,17967000,-3.76%
668,2024-08-23,102.26586151123047,102.45478483303816,103.81700664373868,99.74028654069629,25465100,-1.35%
669,2024-08-26,98.34825134277344,100.09825008619184,101.60962160267421,97.05563156573436,26752300,-3.83%
670,2024-08-27,97.30421447753906,96.53858336769994,97.93063372426404,96.12097053654995,17234600,-1.06%
671,2024-08-28,94.32125091552734,96.8070523678951,97.12523465035561,92.17351481937088,25564300,-3.07%
672,2024-08-29,95.02721405029297,96.01158926437864,97.42353020172705,94.45050631433824,18984300,0.75%
673,2024-08-30,95.69341278076172,96.369551094754,97.85109425630708,94.45051202607473,18819400,0.70%
674,2024-09-03,88.07691192626953,93.09822591192379,93.34680603753233,87.80844114241681,28897200,-7.96%
675,2024-09-04,88.78288269042969,87.85816427683488,90.21470670788327,87.31128494070644,16356500,0.80%
676,2024-09-05,88.88232421875,87.59964964218362,90.18488187087796,87.26158425518372,13890700,0.11%
677,2024-09-06,85.889404296875,88.8624281313031,89.14083666478693,84.77577016293971,23587100,-3.37%
678,2024-09-09,85.78003692626953,87.35106533342477,87.46044120899029,84.52719840153348,20526400,-0.13%
679,2024-09-10,86.35672760009766,86.47604878236498,86.69480049015701,84.38797740209509,17019000,0.67%
680,2024-09-11,90.1351547241211,87.69906495067474,90.31413271732914,85.59111034851706,20879600,4.38%
681,2024-09-12,86.7146987915039,86.605322918397,87.53004138171461,83.64225177258469,30900000,-3.79%
682,2024-09-13,90.70191955566406,87.5896914555699,90.95049968705491,87.37094731223937,21267200,4.60%
683,2024-09-16,86.68486785888672,86.74452466572716,87.73884523874212,85.43202181278996,26494300,-4.43%
684,2024-09-17,88.22607421875,87.55987362081319,89.0612999197127,87.04283022298837,17744800,1.78%
685,2024-09-18,86.85389709472656,87.49026162935996,88.69338856471575,86.21753256009315,20130600,-1.56%
686,2024-09-19,88.74310302734375,88.842533558341,89.87662777005166,87.08258964289345,25208900,2.18%
687,2024-09-20,90.38374328613281,87.89794180733963,90.45334542409645,87.82833966937599,28711000,1.85%
688,2024-09-23,93.03856658935547,92.15362197304302,94.26158411209173,92.05419144270537,23394100,2.94%
689,2024-09-24,93.46612548828125,94.19198277940914,94.46044597219914,92.23317021232079,23043200,0.46%
690,2024-09-25,95.22608184814453,93.62523263906552,95.6337569411236,93.39653556001751,54762900,1.88%
691,2024-09-26,109.25592803955078,112.4576410942484,114.14799040662433,106.91927650515477,107965900,14.73%
692,2024-09-27,106.88945770263672,109.87241931294287,110.33975117899435,106.42212583658524,42960200,-2.17%
693,2024-09-30,103.12098693847656,105.47752945541724,106.14372242657268,101.6792251249534,39544700,-3.53%
694,2024-10-01,99.74028778076172,102.81274209680026,103.60819395196751,98.37807353918822,34309800,-3.28%
695,2024-10-02,99.28290557861328,100.01870066283702,101.54001747936307,98.76586222955265,26334900,-0.46%
696,2024-10-03,101.2417221069336,98.90507023911022,101.94768881506364,98.83546810129639,22176700,1.97%
697,2024-10-04,101.66927337646484,103.06132362450445,103.64796909118529,100.82410244996122,21911200,0.42%
698,2024-10-07,102.44074249267578,101.69416243111277,104.113074539756,100.35031224461527,21749300,0.76%
699,2024-10-08,102.07243347167969,101.71407441158814,102.4706110489598,100.79827130006782,18858300,-0.36%
700,2024-10-09,101.23625183105469,101.78374690604412,101.82356542009835,99.86254727190622,18442700,-0.82%
701,2024-10-10,105.20806884765625,100.9077678275395,106.09400994802111,100.39013471149832,27605600,3.92%
702,2024-10-11,106.43244934082031,104.5610247629867,107.15912392589368,104.51124972216888,19133900,1.16%
703,2024-10-14,107.84597778320312,107.31839574047432,108.21429335765782,106.31300669831786,15021900,1.33%
704,2024-10-15,103.84430694580078,107.36816567601392,108.99073024273089,102.24164783869412,23419100,-3.71%
705,2024-10-16,108.74187469482422,105.53655634892364,109.13009572731724,105.12842985600251,20450900,4.72%
706,2024-10-17,111.5390625,110.83229336946395,113.61952859377666,110.50380391938685,26584800,2.57%
707,2024-10-18,110.6431655883789,111.24042811301771,112.38518571542839,109.35904698337266,16700400,-0.80%
708,2024-10-21,108.58260345458984,110.59338903207265,110.63320754578383,107.19894238019712,14829400,-1.86%
709,2024-10-22,107.3283462524414,107.74642925215893,108.02515125197061,105.88496121287169,13758100,-1.16%
710,2024-10-23,104.57098388671875,106.07409294579776,106.61163150263722,103.0678672330346,15174700,-2.57%
711,2024-10-24,106.36276245117188,106.29308195497565,107.03966195476572,105.06869500829843,13206300,1.71%
712,2024-10-25,107.41793823242188,107.8459701582857,109.37894872939175,107.22880219477616,12265000,0.99%
713,2024-10-28,105.90487670898438,106.29309775902901,107.68671548476631,105.8351962024278,12381000,-1.41%
714,2024-10-29,107.68670654296875,106.10395289031415,108.25410707627398,105.11846935238505,15164600,1.68%
715,2024-10-30,103.60540771484375,105.77546744257937,106.3130060094062,103.16741163936886,14321800,-3.79%
716,2024-10-31,99.19560241699219,101.73396998556878,102.02264851117565,98.61824536577842,19830300,-4.26%
717,2024-11-01,99.2752456665039,99.54401115499604,100.15123023060995,98.9168866187775,13623400,0.08%
718,2024-11-04,101.26612091064453,101.03716635461872,103.31672500934152,100.53944632331518,15765800,2.01%
719,2024-11-05,105.00897216796875,101.5348884068133,105.1383842392306,101.32584690085777,12071900,3.70%
720,2024-11-06,111.32007598876953,107.88580284689543,111.80783954538258,106.51209814690927,20304500,6.01%
721,2024-11-07,112.89286041259766,112.0467302891921,113.34080540002007,110.86216178671317,13569800,1.41%
722,2024-11-08,111.3897476196289,111.62865111480318,113.7788053551871,110.06581047687057,13045700,-1.33%
723,2024-11-11,108.1545639038086,110.44407148220662,111.00152307944674,106.28313173278201,14479700,-2.90%
724,2024-11-12,103.62531280517578,104.52121041335415,104.61079637686937,101.60457061898778,21859700,-4.19%
725,2024-11-13,99.46436309814453,102.33123516217466,102.8687660795758,99.36482061694448,18416200,-4.02%
726,2024-11-14,98.72774505615234,100.82812418184433,101.82356423782706,98.11056948738528,18459700,-0.74%
727,2024-11-15,95.90070343017578,97.1051927329168,97.7522227751388,95.20389834104168,18518300,-2.86%
728,2024-11-18,97.06536865234375,96.10974704431563,97.6228126917088,95.09439386449449,14236400,1.21%
729,2024-11-19,97.28437042236328,96.55769576211466,97.7323154576442,96.06993220898121,14160300,0.23%
730,2024-11-20,97.92144775390625,97.53322671302759,98.08071422458715,96.08983397614051,10490600,0.65%
731,2024-11-21,102.29143524169922,99.64356071183474,102.81901732308876,97.61286182894615,18915200,4.46%
732,2024-11-22,102.17196655273438,101.89324455270275,103.23708710691514,101.18648302559261,12063700,-0.12%
733,2024-11-25,104.00358581542969,103.3764536869028,105.91482899989997,103.33663517123401,22837900,1.79%
734,2024-11-26,101.33580780029297,103.52577303826014,104.2424911436619,99.8525965453789,19275700,-2.57%
735,2024-11-27,97.7522201538086,100.47973164580577,100.57927414235475,96.19933594274865,17046400,-3.54%
736,2024-11-29,97.50334930419922,96.79658778407808,97.7522093152815,95.66178674111123,13729400,-0.25%
737,2024-12-02,98.10062408447266,97.15495144050203,99.63359514258804,97.08527093786043,16525600,0.61%
738,2024-12-03,99.3847427368164,100.65891253144201,103.20723693148169,99.17570121286994,23479700,1.31%
739,2024-12-04,102.72941589355469,100.31049613237421,102.93846499905148,99.34492560909601,16306200,3.37%
740,2024-12-05,100.41004180908203,103.40631092821562,103.77462648529074,100.1512252664183,13448900,-2.26%
741,2024-12-06,100.70867156982422,100.41999303384144,101.72402470943332,99.5738704805706,12381000,0.30%
742,2024-12-09,102.35115051269531,100.19104732400434,104.02349018014112,99.91232531186425,14141900,1.63%
743,2024-12-10,97.65267944335938,104.48139963707713,104.52121815534615,96.8264622771403,23548500,-4.59%
744,2024-12-11,101.59461975097656,99.04629538540479,102.19188991943741,97.85177023769444,15248400,4.04%
745,2024-12-12,97.79203796386719,100.9376324753765,101.51498958363159,97.31423094604655,19334900,-3.74%
746,2024-12-13,102.0326156616211,100.310500855657,102.72942073073625,99.2155182065022,23926000,4.34%
747,2024-12-16,107.766357421875,105.1284393914743,110.62326591526913,104.06331868873663,42741200,5.62%
748,2024-12-17,108.10479736328125,109.24955503979473,109.98617861471246,107.18899425991268,35811500,0.31%
749,2024-12-18,103.42622375488281,109.74726661708172,111.52910523586812,102.26156070736592,63024300,-4.33%
750,2024-12-19,86.69287872314453,89.66925022963443,90.58505334181335,84.2241914125226,91396800,-16.18%
751,2024-12-20,89.70906066894531,85.02053891192995,89.83846514229472,83.15906327132268,49578400,3.48%
752,2024-12-23,89.31088256835938,89.58960456743239,90.68458710433558,87.99690200515455,26041500,-0.44%
753,2024-12-24,88.87288665771484,89.17152171125858,89.29096965699216,87.82767915952152,13021300,-0.49%
754,2024-12-26,89.4104232788086,88.09644274169963,90.2167272736286,87.69826521038684,14468200,0.60%
755,2024-12-27,88.2258529663086,88.5941685358526,89.08193205635828,87.18064542236785,19422600,-1.32%
756,2024-12-30,85.03132629394531,86.70583875686285,86.76564793357343,84.3037151501409,22022900,-3.62%
757,2024-12-31,83.88508605957031,85.1609035867243,86.1177667320898,83.81530742172154,18691500,-1.35%
758,2025-01-02,87.04473114013672,84.70240913085375,87.36368552942879,84.46318763553033,18860000,3.77%
759,2025-01-03,89.57643127441406,87.66269741233285,89.90534750922625,87.22413989775922,17484600,2.91%
760,2025-01-06,98.93576049804688,95.25781177828836,101.18837253152586,95.16810942145153,42903300,10.45%
761,2025-01-07,101.57710266113281,103.07220273488886,106.39131911922841,100.82955262425479,53570000,2.67%
762,2025-01-08,99.08526611328125,102.48412288724563,103.14197054931924,97.97889148486435,33516900,-2.45%
763,2025-01-10,99.01549530029297,97.79948690327505,100.4507938731306,96.55357011559587,20512600,-0.07%
764,2025-01-13,94.74948120117188,95.52693209086259,95.68641309616986,92.5766019329341,22699100,-4.31%
765,2025-01-14,97.04196166992188,96.73297675814872,97.09180138029205,95.0684262481335,18613400,2.42%
766,2025-01-15,102.85292053222656,99.11517033481904,103.59050110859609,99.02546037575569,27568100,5.99%
767,2025-01-16,102.26484680175781,103.9792294913288,104.45766487623305,101.5372356677133,16243800,-0.57%
768,2025-01-17,105.4045639038086,104.29818914951008,105.53413651662386,102.16518014317145,18908900,3.07%
769,2025-01-21,109.02269744873047,105.08560352822244,109.87988878812001,104.88625988837612,23533600,3.43%
770,2025-01-22,108.8731918334961,108.81338265889134,110.30848274798126,107.40799252947241,20004300,-0.14%
771,2025-01-23,104.49752807617188,104.447695967868,105.83315481295911,103.01239741000053,22677600,-4.02%
772,2025-01-24,102.85292053222656,105.15537222039849,105.37465478202863,102.3844546241026,19743800,-1.57%
773,2025-01-27,90.81238555908203,94.55013600980331,95.78608336292277,88.07136856188643,50696200,-11.71%
774,2025-01-28,87.96172332763672,92.30748159841373,93.14473401166885,87.75241022432294,34793600,-3.14%
775,2025-01-29,88.71923828125,89.58639143542192,90.15452914502396,87.47332158436204,25342800,0.86%
776,2025-01-30,92.19783782958984,90.36385205696412,92.85568551181791,90.00502743110741,22497100,3.92%
777,2025-01-31,90.94195556640625,91.35061992079704,93.9620566273961,90.84228374480223,20492100,-1.36%
778,2025-02-03,89.62626647949219,88.36041839366737,91.10143527353343,87.73247147796297,18607900,-1.45%
779,2025-02-04,90.36385345458984,88.75911207648628,91.15126614656673,88.50992872714686,12827500,0.82%
780,2025-02-05,93.29424285888672,90.09472962121936,93.34408256968189,89.92528677167128,15660000,3.24%
781,2025-02-06,94.2311782836914,94.57006399578485,96.29441615550458,93.2743151146086,16141100,1.00%
782,2025-02-07,91.99850463867188,95.27775114558436,95.61664448824123,91.29081716522109,15602800,-2.37%
783,2025-02-10,95.61663055419922,92.88558330489352,95.94555438471924,92.86564437939244,16217900,3.93%
784,2025-02-11,93.7726821899414,93.94212504664976,95.52692753787349,93.25437655186907,12124000,-1.93%
785,2025-02-12,91.38050842285156,89.3073013525031,92.3373714696728,87.0646514477582,22874700,-2.55%
786,2025-02-13,95.34751892089844,91.75927266405382,95.75617565297271,91.71940241625863,16579900,4.34%
787,2025-02-14,99.19489288330078,98.0885259363429,100.37103846029451,97.67986164055753,21284500,4.04%
788,2025-02-18,106.44116973876953,102.30472425655958,107.52760558689567,101.71665515076059,29641900,7.31%
789,2025-02-19,104.01909637451172,105.41452463048297,106.8398536712046,103.28151580093763,17875900,-2.28%
790,2025-02-20,102.84294891357422,103.64033864743047,104.50749180819166,102.00568893257794,14488000,-1.13%
791,2025-02-21,98.51712036132812,103.30144346842526,103.32138239386833,97.43068466331088,18650800,-4.21%
792,2025-02-24,95.09834289550781,99.89262839594284,100.37105619736651,94.96876267908127,14883700,-3.47%
793,2025-02-25,92.91548919677734,95.18804014262925,95.61663581080114,92.456992743182,18608200,-2.30%
794,2025-02-26,97.39080810546875,95.68639510519405,99.39424413223576,95.18802846402117,21335200,4.82%
795,2025-02-27,91.52005767822266,97.52038921631132,99.56369566546155,91.19113384123264,22386300,-6.03%
796,2025-02-28,93.32414245605469,90.70273643729021,94.15143297610547,89.57643046968985,23359100,1.97%
797,2025-03-03,90.24424743652344,95.49702936978461,95.88575480675875,89.09800244862443,20281800,-3.30%
798,2025-03-04,90.90208435058594,89.90535093619586,93.28427660262042,86.51646341084758,23611500,0.73%
799,2025-03-05,94.0318374633789,91.84899620619709,94.73952496081262,90.13461331982623,14010300,3.44%
800,2025-03-06,88.97838592529297,90.63296699439667,92.98525839115116,88.73917204216588,18708100,-5.37%
801,2025-03-07,92.65634155273438,89.99506503892796,93.03509753002092,89.19767522893513,19133900,4.13%
802,2025-03-10,86.79554748535156,89.29734287838241,91.07153474242884,85.47985968351797,21897900,-6.33%
803,2025-03-11,88.75910949707031,87.61286460252543,90.80240833959004,85.7888407132953,21962100,2.26%
804,2025-03-12,95.32757568359375,92.16793283232356,96.6731641668204,91.93868081898718,23584700,7.40%
805,2025-03-13,94.57006072998047,93.94212143571251,97.79948236914433,93.69293808972918,18824700,-0.79%
806,2025-03-14,100.46075439453125,98.4274174654923,102.44425161471031,98.4274174654923,24623600,6.23%
807,2025-03-17,102.77317810058594,100.7298716560324,104.10879716249039,100.63019984020659,17095100,2.30%
808,2025-03-18,101.3877182006836,101.56713050896309,102.97252058675909,99.96238919726096,18434100,-1.35%
809,2025-03-19,101.72660064697266,100.49065345406426,103.26157087896667,100.16172963196445,16633100,0.33%
810,2025-03-20,102.66354370117188,101.24818404997671,104.34802563804952,101.01893201419061,29204400,0.92%
811,2025-03-21,94.41058349609375,97.87921127234704,98.17823431713214,93.39391122740192,63239600,-8.04%
812,2025-03-24,96.62333679199219,95.78607679412225,98.0984979435421,95.0185954335077,35406600,2.34%
813,2025-03-25,93.87235260009766,95.86581941462131,96.06516305428471,92.94539022716526,22191700,-2.85%
814,2025-03-26,91.82905578613281,95.68641721783723,96.32432605759828,90.67284886574335,27107200,-2.18%
815,2025-03-27,90.86222076416016,90.79244212558254,91.90878627573862,89.31728094607983,15658700,-1.05%
816,2025-03-28,88.1511001586914,90.17446764824318,90.59309383136313,87.31384018797951,17118000,-2.98%
817,2025-03-31,86.71892547607422,85.83067836723755,86.9185286590859,83.93441767113322,21089500,-1.62%
818,2025-04-01,88.53534698486328,88.35570106399089,88.71499290573567,86.08019114252313,15337100,2.09%
819,2025-04-02,88.4255599975586,86.95845296170762,89.75294327898315,86.52929925471975,14520400,-0.12%
820,2025-04-03,74.19363403320312,82.75674335814968,83.18589706877633,74.06389272138524,44839500,-16.09%
821,2025-04-04,64.59257507324219,70.51089989820971,71.19953619076833,63.734267703967944,50737700,-12.94%
822,2025-04-07,68.23538970947266,63.81410778186269,72.31733329313347,61.41883540296099,50181800,5.64%
823,2025-04-08,65.41096496582031,71.4590315276293,72.82633699616683,63.39494150948836,40822100,-4.14%
824,2025-04-09,77.71669006347656,66.06966050550777,78.40532639401624,63.57458638402169,63132600,18.81%
825,2025-04-10,69.91207885742188,72.35725191072487,72.90617203993463,67.36709660653695,44882300,-10.04%
826,2025-04-11,69.41307067871094,68.90407265175018,70.03184512876761,66.69842468741828,30807800,-0.71%
827,2025-04-14,70.88017272949219,74.52298814551438,74.63277218706051,69.83224453433434,32634700,2.11%
828,2025-04-15,70.90013122558594,70.97997554212542,72.65666811758895,70.41109811193456,19132700,0.03%
829,2025-04-16,69.19349670410156,67.79625166720257,70.31128664212245,67.0377459132792,28475000,-2.41%
830,2025-04-17,68.66454315185547,70.30131355686281,70.34123571483532,66.86808411495812,20694100,-0.76%
831,2025-04-21,66.60859680175781,67.62659283854377,67.86611818245731,65.52074650343825,19826100,-2.99%
832,2025-04-22,70.07176971435547,67.40702823491193,70.26139807916097,67.30722663767833,20351200,5.20%
833,2025-04-23,72.78641510009766,73.54492093765633,75.25155336138306,72.35726138318108,26385500,3.87%
834,2025-04-24,77.26757049560547,74.42318321557772,77.43723396517107,73.45509177313222,23875600,6.16%
835,2025-04-25,79.62291717529297,77.39731216361206,80.1418975933235,76.74859044826026,19746200,3.05%
836,2025-04-28,78.40532684326172,78.61491247674628,79.45326262505819,76.76855632182387,16882400,-1.53%
837,2025-04-29,76.7286376953125,77.78655596963564,78.03606377542548,76.31944885329165,17098000,-2.14%
838,2025-04-30,76.79849243164062,73.47505455463046,76.99810322632666,73.35528807781883,19779300,0.09%
839,2025-05-01,77.61688232421875,79.24367803770987,79.7327111889632,77.48714101064607,15349200,1.07%
840,2025-05-02,80.56108093261719,79.423325956109,81.50920754158271,78.9442676223495,18899700,3.79%
841,2025-05-05,80.26166534423828,79.2536593388553,80.9902314530224,78.89436750635541,12513600,-0.37%
842,2025-05-06,80.35150146484375,78.88439424705005,81.06010276856138,78.38537860096375,13173800,0.11%
843,2025-05-07,82.45734405517578,80.83054825554423,82.70685186597825,80.04210265968352,14889700,2.62%
844,2025-05-08,84.98235321044922,84.08412366034241,86.04026378370095,83.19587655367383,17580500,3.06%
845,2025-05-09,85.69094848632812,85.40151856160429,86.10013726654263,84.51327151630865,13017600,0.83%
846,2025-05-12,92.1082992553711,92.62727212281301,94.01453486500009,91.76896469197263,27765300,7.49%
847,2025-05-13,96.7391586303711,92.36778498170759,97.2182169275269,92.36778498170759,28009100,5.03%
848,2025-05-14,95.13233184814453,96.11040575564124,97.45774632683042,94.13430066735646,28044400,-1.66%
849,2025-05-15,95.26207733154297,93.82491754605586,95.4217659823604,91.98853613352516,24196100,0.14%
850,2025-05-16,97.80706024169922,95.71119618796618,97.99668861142055,95.51158537395057,22609300,2.67%
851,2025-05-19,98.45577239990234,95.52155844400781,98.82503904443789,95.51157600069318,14380100,0.66%
852,2025-05-20,97.9068603515625,97.72721442886932,98.4358156754997,96.7790878234393,12331300,-0.56%
853,2025-05-21,95.65130615234375,96.96871464062295,98.62544246620728,95.07245384569309,15764300,-2.30%
854,2025-05-22,94.64329528808594,95.22215517951497,97.02858911498923,94.18420187520637,13245200,-1.05%
855,2025-05-23,93.18617248535156,92.07835728461941,93.65524073616402,90.75097400959822,16545000,-1.54%
856,2025-05-27,96.19023895263672,94.99260462514916,96.5096086142583,94.00455592425324,17612600,3.22%
857,2025-05-28,95.99063873291016,96.5096115936768,97.01860962504067,95.41177882385897,10500300,-0.21%
858,2025-05-29,96.60941314697266,98.3958821083202,99.43383536197545,95.92076925407326,14628700,0.64%
859,2025-05-30,94.2740249633789,95.85091606550384,96.41979353723578,92.03843723763609,23758200,-2.42%
860,2025-06-02,97.9866943359375,94.3937838755884,99.04460487217622,94.21413797185228,16850300,3.94%
861,2025-06-03,102.04869079589844,98.16635001437797,102.72735232043632,96.7691048033442,22757600,4.15%
862,2025-06-04,103.04672241210938,102.17843251840661,103.70542666547848,101.49977099116595,14595900,0.98%
863,2025-06-05,106.08073425292969,106.09071669668062,108.81533753392063,105.3222284297037,28833700,2.94%
864,2025-06-06,108.34626770019531,107.8672169746937,110.83137094084064,107.82729481183956,20710100,2.14%
865,2025-06-09,110.73155212402344,109.29439245777321,112.30844315533281,108.36622319143272,20159700,2.20%
866,2025-06-10,113.915283203125,111.31042110150936,114.69374633889538,111.01101630318365,22949400,2.88%
867,2025-06-11,115.80155944824219,115.37240572570109,117.02914118019079,114.5041234509223,21614100,1.66%
868,2025-06-12,115.95126342773438,113.88533917847096,116.25067582911258,113.29649681959346,17076500,0.13%
869,2025-06-13,115.37239837646484,113.57594689129289,116.86944508796147,113.43622314070308,17453000,-0.50%
870,2025-06-16,119.60405731201172,117.57805516112904,120.7218550154939,117.08902199714417,21374100,3.67%
871,2025-06-17,120.10306549072266,119.36452456833672,123.26683003775634,119.11501677968452,20837700,0.42%
872,2025-06-18,121.58015441894531,120.2228314454547,122.73787420813515,119.9433839416843,20180000,1.23%
873,2025-06-20,123.35665130615234,122.52828360614531,123.91555394010966,120.14298971479863,29290400,1.46%
874,2025-06-23,121.83964538574219,123.42651126932331,124.26486140007016,119.57411039694433,23399200,-1.23%
875,2025-06-24,127.65816497802734,124.86367477955537,127.84779332856152,124.71396858778488,26420600,4.78%
876,2025-06-25,126.99947357177734,126.36073419596902,127.24898137840167,125.37268541376143,39407000,-0.52%
877,2025-06-26,125.7519302368164,129.27497912753216,129.59435641888476,123.54628221543518,62678100,-0.98%
878,2025-06-27,124.51437377929688,124.8936228914885,127.28889927772855,123.14706830361798,36888600,-0.98%
879,2025-06-30,123.00733947753906,124.65409240112726,124.83373831305275,121.61009434193777,22799700,-1.21%
880,2025-07-01,120.65198516845703,122.10910973438568,123.74588021196982,118.84555122274642,24825800,-1.91%
881,2025-07-02,121.50031280517578,120.26275628333042,122.75783421451985,117.82755778589,29303800,0.70%
882,2025-07-03,122.04923248291016,122.08915464336626,123.38659059350852,121.59013905922534,13247900,0.45%
883,2025-07-07,119.79655456542969,121.05525967692276,121.38492180971349,118.78759972973583,19148400,-1.85%
884,2025-07-08,124.29191589355469,122.32394266065565,125.32085435626867,121.82445737805347,26238200,3.75%
885,2025-07-09,122.11416625976562,124.69151228441973,126.02014503606789,121.15515538068198,20464000,-1.75%
886,2025-07-10,122.98326873779297,124.15206248745386,124.22199012320603,121.89438684217694,15378400,0.71%
887,2025-07-11,124.40180969238281,122.00427868772137,124.68152024564414,121.1151954484803,15820600,1.15%
888,2025-07-14,118.48789978027344,120.2560743336489,120.31601775042712,116.89953261261086,32117700,-4.75%
889,2025-07-15,119.98635864257812,120.81550606468164,121.26503978331854,118.99737988865246,24958900,1.26%
890,2025-07-16,116.31014251708984,118.90746444680384,118.96740024146523,114.69180746736764,30614800,-3.06%
891,2025-07-17,113.1434097290039,113.81271818668415,114.08243688910105,110.83578251258983,34702400,-2.72%
892,2025-07-18,114.2722396850586,114.12239257945654,114.6818212656015,113.16338177375998,19349900,1.00%
893,2025-07-21,113.11344146728516,113.47306386217069,115.8006671291676,112.55401276309966,22189800,-1.01%
894,2025-07-22,109.1075668334961,112.74381909719474,112.8836743672185,108.01868494940764,27917600,-3.54%
895,2025-07-23,109.7169418334961,109.32734391274784,110.17646739074941,108.76791519916665,17810000,0.56%
896,2025-07-24,111.61498260498047,110.94566654590871,112.61395315229545,110.13650284147651,20293100,1.73%
897,2025-07-25,111.14546966552734,110.87574333892145,111.38522047242313,108.71797083377793,16372300,-0.42%
898,2025-07-28,111.13548278808594,111.60500020447994,111.88471076193821,109.74691421960303,12932300,-0.01%
899,2025-07-29,111.84474182128906,111.93465313395623,113.42311711886428,110.55606889768958,16653300,0.64%
900,2025-07-30,114.62188720703125,112.48409068245198,114.77173432486532,112.29429144663375,16378800,2.48%
901,2025-07-31,109.02764892578125,112.0745122555345,112.1544241098819,106.829916689643,29224300,-4.88%
902,2025-08-01,104.77203369140625,105.38140636658954,106.39036880572694,103.27357779273405,24003300,-3.90%
903,2025-08-04,107.6590576171875,105.91085907678975,107.76894499230718,105.35143798275553,14780600,2.76%
904,2025-08-05,108.94772338867188,109.18748180299747,110.52609865271732,106.72002337839712,17836000,1.20%
905,2025-08-06,108.66801452636719,107.78892319164852,108.84782952909832,106.64010554206294,13021900,-0.26%
906,2025-08-07,111.75484466552734,114.022504592307,115.16133047575278,110.67595457967106,18986500,2.84%
907,2025-08-08,118.76760864257812,112.05452529532052,119.20715812555396,111.55504001795362,28962200,6.28%
908,2025-08-11,123.59264373779297,124.84135698664467,127.14897663162957,121.52477490255617,35065800,4.06%
909,2025-08-12,127.61849212646484,124.57162879615997,128.4176716424093,122.91334158965522,25961200,3.26%
910,2025-08-13,124.1420669555664,127.44866466032654,128.46761888988613,123.22301587828788,18438200,-2.72%
911,2025-08-14,125.16101837158203,123.0731660047964,125.61055206057983,121.27502362726487,12235900,0.82%
912,2025-08-15,120.74557495117188,123.04320267804947,123.25298558214216,119.31704673817252,18986700,-3.53%
913,2025-08-18,123.42282104492188,121.22508114547473,123.5526844795526,120.53579661207677,12208800,2.22%
914,2025-08-19,121.92436218261719,122.81344538796367,124.11210256738832,121.18511846684768,11491200,-1.21%
915,2025-08-20,117.08934020996094,118.57780423304561,118.78759476080297,113.34320055278965,25795000,-3.97%
916,2025-08-21,115.6707992553711,116.87955268910953,117.60880453372445,115.4909842540647,13174900,-1.21%
917,2025-08-22,117.55885314941406,117.52888525273768,120.57574081896952,116.39005944979274,17038300,1.63%
918,2025-08-25,116.30015563964844,117.55886073202647,117.9584504970796,115.98048535191411,8674800,-1.07%
919,2025-08-26,116.38007354736328,115.97049194778407,118.23815945149079,115.69078140248156,12584300,0.07%
920,2025-08-27,117.62879180908203,116.72971671680631,118.60778638101361,116.32014272126692,15349300,1.07%
921,2025-08-28,121.8744125366211,118.75762153783151,122.44382547066006,118.60778204587977,17295500,3.61%
922,2025-08-29,118.88748931884766,122.47378999622359,122.64361316345263,117.93846270722425,16774000,-2.45%
923,2025-09-02,118.35803985595703,115.74073414430484,118.43795171146074,114.13239087110259,13771900,-0.45%
924,2025-09-03,118.59778594970703,119.23712649755933,119.31704597142598,117.17924958550606,14101300,0.20%
925,2025-09-04,124.08213806152344,118.72765500343095,124.28193675565576,118.39799287426825,18589100,4.62%
926,2025-09-05,131.23475646972656,127.63846400871803,131.27472382791095,125.53064315691913,28416000,5.76%
927,2025-09-08,131.32467651367188,130.41560964580776,132.1238407671408,128.26781379613715,19492600,0.07%
928,2025-09-09,135.1007843017578,131.62435577073836,137.8579375655598,131.4245647069407,20705000,2.88%
929,2025-09-10,139.8558807373047,139.87586441690135,142.09358031661085,138.19758592165144,25791300,3.52%
930,2025-09-11,150.41500854492188,147.56793627580583,156.0991383786341,147.45804890155375,52446400,7.55%
931,2025-09-12,157.06814575195312,153.39194120019985,158.11706794781253,153.05229484895605,32288300,4.42%
932,2025-09-15,157.60760498046875,156.79844118638326,160.1749516451217,156.38885955826413,20101400,0.34%
933,2025-09-16,158.65652465820312,157.8173777342912,159.395753177613,157.00821395327105,16911600,0.67%
934,2025-09-17,159.8253173828125,157.247971315316,160.4246906179694,155.10017530419447,18843600,0.74%
935,2025-09-18,168.7161407470703,162.82222041878873,170.27453241390646,162.4326225020797,28212800,5.56%
936,2025-09-19,162.56246948242188,162.58245316101113,163.5314721124132,159.21592736504815,37309900,-3.65%
937,2025-09-22,164.45053100585938,164.2107878236834,167.08781271136408,161.42365138623745,25851200,1.16%
938,2025-09-23,166.2386932373047,165.50943375923583,168.8160390909545,165.0599000593962,43316500,1.09%
939,2025-09-24,161.5435333251953,164.91005917960578,165.82911025062023,158.13704011291244,57096400,-2.82%
940,2025-09-25,156.66856384277344,157.22798494993413,158.78637667504805,154.4907999692328,32209200,-3.02%
941,2025-09-26,157.1081085205078,158.35682175453564,158.75640389219194,155.02024840847136,24045000,0.28%
942,2025-09-29,163.73126220703125,159.83528327444876,165.6293153417636,159.80531537828122,26506500,4.22%
943,2025-09-30,167.14776611328125,163.9410638186067,168.77607780654705,163.79122432762813,20092500,2.09%
944,2025-10-01,181.9624786376953,165.42952831575562,182.2022370559559,165.3296251640435,41674800,8.86%
945,2025-10-02,183.5608367919922,184.76959785278888,185.98832788839937,181.0234583264217,25122200,0.88%
946,2025-10-03,187.754150390625,185.13521330677412,191.77253126367356,184.84532187608136,29399300,2.28%
947,2025-10-06,190.8828887939453,194.93124102646516,200.91882749602368,189.3534926417827,36392300,1.67%
948,2025-10-07,185.61502075195312,194.77132560130494,195.22114084061838,183.16601311335563,27828200,-2.76%
949,2025-10-08,196.46063232421875,188.91369314381822,196.87047043078664,188.7237674235732,26833900,5.84%
950,2025-10-09,192.25233459472656,192.89207553804124,196.54059548383745,189.4234755828833,19721500,-2.14%
951,2025-10-10,181.52667236328125,192.88208557657433,193.3618874721706,179.53747047441783,26990300,-5.58%
952,2025-10-13,192.69215393066406,190.71294257357613,193.32188913280405,187.91408555822773,20928400,6.15%
953,2025-10-14,186.9844512939453,186.8845008316357,192.3822795953426,186.17478086189237,15912400,-2.96%
954,2025-10-15,191.86248779296875,192.4022630037176,192.80211061596378,187.34430891666108,17793100,2.61%
955,2025-10-16,202.44821166992188,199.8792574370277,206.25667064811313,195.12116989251402,42041300,5.52%
956,2025-10-17,202.29827880859375,199.19952456456414,203.30786545455393,195.47103510197374,23283100,-0.07%
957,2025-10-20,206.68650817871094,209.5753405535362,214.66328149266184,205.41701674850762,23268400,2.17%
958,2025-10-21,202.2082977294922,204.21749574529215,205.78685376366087,200.75888636784225,13717300,-2.17%
959,2025-10-22,198.38986206054688,202.16833453397535,205.49699176106762,192.32230571272814,21949800,-1.89%
960,2025-10-23,206.62652587890625,196.62055870408992,208.91559434018603,195.1211644863374,19397900,4.15%
961,2025-10-24,218.9315643310547,212.3042366340331,219.73124434280865,209.89520612770175,25821800,5.96%
962,2025-10-27,220.01112365722656,224.71921308799338,224.88914260699457,215.65288373524083,23873100,0.49%
963,2025-10-28,221.8203887939453,218.84158123822988,222.80997923631963,217.47213937204407,14957500,0.82%
964,2025-10-29,226.53848266601562,228.9674940140305,232.30614152845402,226.008697921322,23217300,2.13%
965,2025-10-30,223.91954040527344,226.00870806585266,227.30817093033278,220.6508717966085,14795100,-1.16%
966,2025-10-31,223.6796417236328,227.65803025382013,231.1566168877976,218.731643677533,16320000,-0.11%
967,2025-11-03,234.605224609375,233.78556365841868,237.52404367708658,231.7064017363582,21199300,4.88%
968,2025-11-04,217.94195556640625,222.0502965076263,228.57765839256956,217.31220508736538,23696200,-7.10%
969,2025-11-05,237.4040985107422,225.57887358408126,239.78314235771174,224.63925071166045,28617400,8.93%
970,2025-11-06,238.2337646484375,237.74395701852092,246.310503790759,234.7851608021287,32016800,0.35%
971,2025-11-07,237.82391357421875,233.9354851706905,242.45204861781568,226.30856168470285,30613800,-0.17%
972,2025-11-10,253.1977081298828,247.8598683435185,256.96618989035056,247.70991976927402,27870600,6.46%
973,2025-11-11,241.01263427734375,248.239710349249,249.88905318897986,238.69356383091994,22622500,-4.81%
974,2025-11-12,244.8011016845703,244.8011016845703,249.08937789611238,240.74274357942264,17263100,1.57%
975,2025-11-13,236.85430908203125,243.50163275431441,249.39924404757497,230.06705780888643,32324600,-3.25%
976,2025-11-14,246.73033142089844,231.3565370124347,255.06696005288,231.13662462863041,36171100,4.17%
977,2025-11-17,241.852294921875,246.82028920231596,260.47476155453484,239.36331017249526,30304400,-1.98%
978,2025-11-18,228.40773010253906,235.38490725900564,238.83351107436096,225.42893771810816,33843900,-5.56%
979,2025-11-19,225.82876586914062,226.81837157265042,234.25536954991546,216.2726288831853,35256600,-1.13%
980,2025-11-20,201.28868103027344,230.14703356948263,230.50688881000934,199.5194067459256,47420700,-10.87%
981,2025-11-21,207.2862548828125,204.44740539337903,211.91439007520125,192.5122245685346,36679700,2.98%
982,2025-11-24,223.83956909179688,213.32382808036323,226.0186967328067,212.27424902289934,33052800,7.99%
983,2025-11-25,224.4393310546875,219.13147773249395,226.09866438875292,215.91277678429563,17441600,0.27%
984,2025-11-26,230.16700744628906,229.5272665108377,233.73557307635716,225.9087332746246,17817600,2.55%
985,2025-11-28,236.38450622558594,235.5248528794066,238.0038624490475,233.37572714027206,12914700,2.70%
986,2025-12-01,240.36289978027344,232.1961857159643,242.26212638666388,231.40651145928933,18238200,1.68%
987,2025-12-02,239.39329528808594,238.65358862193494,244.2713142879226,234.23537532467347,18166200,-0.40%
988,2025-12-03,234.06544494628906,236.29454015482838,237.70397442791526,227.99788881821237,19188200,-2.23%
989,2025-12-04,226.5584716796875,230.18701075132503,234.06544887191552,223.2398202409587,23513900,-3.21%
990,2025-12-05,237.12420654296875,228.8575418809541,240.47285984000328,226.5984600098333,21161000,4.66%
991,2025-12-08,246.82028198242188,243.3916744750837,249.12934667146627,241.5124288135532,20495400,4.09%
992,2025-12-09,252.3180694580078,244.39127896088533,255.40681803682304,242.73194561822234,17067100,2.23%
993,2025-12-10,263.6034851074219,255.02696379268292,264.6430736170199,250.47879838160074,21960700,4.47%
994,2025-12-11,258.3556213378906,261.42438894596455,262.7438632309367,251.44842329409698,18867000,-1.99%
995,2025-12-12,241.04261779785156,255.5667488056733,255.71669738148933,239.22336071510762,25936900,-6.70%
996,2025-12-15,237.4040985107422,247.0102186437451,250.00900725651238,235.90470420435855,27483600,-1.51%
997,2025-12-16,232.41610717773438,235.70478722013033,239.30332439175388,230.48689383128,22577300,-2.10%
998,2025-12-17,225.42893981933594,236.46447518186082,237.35411519182603,221.60048453411136,41957100,-3.01%
999,2025-12-18,248.4496307373047,256.4264038913951,263.5435237304493,244.9010612885171,65006100,10.21%
1000,2025-12-19,265.8126220703125,251.6483311790547,268.2716200619119,251.6483311790547,62312100,6.99%
1001,2025-12-22,276.4783020019531,277.03807341876205,279.8769228912229,268.181665962978,30961900,4.01%
1002,2025-12-23,276.1584167480469,275.80858250054854,281.7461555531578,272.2100302677145,20767600,-0.12%
1003,2025-12-24,286.5642395019531,277.8877515587193,289.1831767401188,277.13805438724796,18592600,3.77%
1004,2025-12-26,284.6750183105469,290.7225632877798,290.75254995440923,283.30557635904245,17878500,-0.66%
1005,2025-12-29,294.3699951171875,280.3299865722656,294.5,278.5,26642900,3.41%
1006,2025-12-30,292.6300048828125,294.70001220703125,298.8299865722656,292.010009765625,23056400,-0.59%
1007,2025-12-31,285.4100036621094,293.1700134277344,293.1700134277344,284.17999267578125,17573800,-2.47%
