,date,nvda,open,high,low,volume,nvda_cr
0,2021-12-27,30.885173797607422,29.60265823746476,31.026899467312578,29.58269644654039,403686000,nan%
1,2021-12-28,30.263376235961914,31.25146195093205,31.26942679962951,29.953974216379613,420591000,-2.01%
2,2021-12-29,29.9429988861084,30.214474295872787,30.48894226101068,29.30922629538712,343139000,-1.06%
3,2021-12-30,29.52880096435547,29.769334255327937,30.39811732399104,29.482890369605972,308864000,-1.38%
4,2021-12-31,29.354135513305664,29.616627511446417,29.971940112811122,29.274290262971935,266530000,-0.59%
5,2022-01-03,30.06276512145996,29.75735697767053,30.651624582903967,29.727414293582168,391547000,2.41%
6,2022-01-04,29.233373641967773,30.218464956704405,30.409095675209777,28.29419292188651,527154000,-2.76%
7,2022-01-05,27.550630569458008,28.893029463658266,29.359127526177748,27.479768693565187,498064000,-5.76%
8,2022-01-06,28.12352180480957,27.586561835852063,28.38301936449731,27.012674649326257,454186000,2.08%
9,2022-01-07,27.194316864013672,28.08658929381284,28.367046109099267,27.004683701585318,409939000,-3.30%
10,2022-01-10,27.347026824951172,26.529609965171062,27.415893669977173,25.594421205944393,594681000,0.56%
11,2022-01-11,27.763216018676758,27.270171672123823,28.010737613886754,26.7871082192804,404089000,1.52%
12,2022-01-12,27.944866180419922,28.012733594807443,28.53971261700627,27.554621408963357,383413000,0.65%
13,2022-01-13,26.523622512817383,28.324133734411912,28.424938300544927,26.44676981062193,540171000,-5.09%
14,2022-01-14,26.889907836914062,26.249148927885333,27.144415867632727,26.159322788062372,395832000,1.38%
15,2022-01-18,25.852922439575195,26.209232613206122,26.586502096835268,25.720180142919816,424270000,-3.86%
16,2022-01-19,25.018537521362305,26.02858206203493,26.49168380986728,25.003567129964498,488315000,-3.23%
17,2022-01-20,24.10331153869629,25.255081797321385,25.529549771779315,24.031450230407202,435181000,-3.66%
18,2022-01-21,23.328813552856445,23.46155585638915,24.775011728644085,23.218028078937195,718958000,-3.21%
19,2022-01-24,23.326814651489258,22.286829332930466,23.33479860637558,20.847617715138355,913982000,-0.01%
20,2022-01-25,22.280838012695312,22.50240891802153,22.898642619197854,21.957465030730408,664616000,-4.48%
21,2022-01-26,22.727970123291016,23.19506566521454,24.010485447475997,22.256882604649295,755959000,2.01%
22,2022-01-27,21.90157699584961,23.522437945377376,23.948612493124184,21.633096035086837,573353000,-3.64%
23,2022-01-28,22.79584312438965,21.96944289295478,22.81380797435671,21.25482754600818,543774000,4.08%
24,2022-01-31,24.43865966796875,23.13717992402368,24.461615916333805,23.007432099177755,564680000,7.21%
25,2022-02-01,24.590362548828125,25.0554611349535,25.09638222634812,23.843807721416248,518925000,0.62%
26,2022-02-02,25.19319725036621,25.74413004951072,25.767084393020323,24.505528293848347,543419000,2.45%
27,2022-02-03,23.901697158813477,24.4107113163615,25.02851397918987,23.734022713171655,410178000,-5.13%
28,2022-02-04,24.2719783782959,23.9256491963557,24.58736736304779,23.586306449146388,354829000,1.55%
29,2022-02-07,24.680192947387695,24.324880318773864,25.133313778359717,24.155208910844877,376868000,1.68%
30,2022-02-08,25.0594539642334,24.311901593153753,25.18121782066889,23.933634671761467,410359000,1.54%
31,2022-02-09,26.65336799621582,25.57246170515625,26.673329784734484,25.303982693125686,524282000,6.36%
32,2022-02-10,25.77407455444336,25.944745396249605,26.872945852936223,25.55050858235371,513200000,-3.30%
33,2022-02-11,23.90269660949707,25.865894587572004,26.1014383680604,23.727038196145745,605472000,-7.26%
34,2022-02-14,24.220083236694336,23.887726864389506,24.826907552973196,23.709072083831487,440424000,1.33%
35,2022-02-15,26.44377899169922,24.90076638723711,26.493681567004096,24.73608636580203,699869000,9.18%
36,2022-02-16,26.459749221801758,26.20823747894263,26.53061301704798,25.502603504153953,732676000,0.06%
37,2022-02-17,24.459619522094727,25.58044757027019,25.735148587356477,24.118281669763785,810595000,-7.56%
38,2022-02-18,23.596290588378906,24.620305983753607,24.93769195223297,23.05533867775434,761255000,-3.53%
39,2022-02-22,23.344776153564453,22.990462982791453,24.01747279961412,22.955530805597544,633422000,-1.07%
40,2022-02-23,22.343717575073242,23.755982820677037,24.10830099326957,22.257885303841995,566511000,-4.29%
41,2022-02-24,23.702085494995117,20.97436959630377,23.753985005383658,20.84961126769638,735801000,6.08%
42,2022-02-25,24.110294342041016,23.675138387578873,24.1701778047602,23.33579559273523,528866000,1.72%
43,2022-02-28,24.33785629272461,23.945616436590047,24.61731564927492,23.661167584235766,477319000,0.94%
44,2022-03-01,23.431608200073242,24.2440354711342,24.32986963799387,23.08727591797761,412056000,-3.72%
45,2022-03-02,24.177295684814453,23.714114992353235,24.36596352986119,23.373716624457607,389642000,3.18%
46,2022-03-03,23.672183990478516,24.219216091275733,24.28310431664372,23.42761517996613,365095000,-2.09%
47,2022-03-04,22.895557403564453,23.342767392238667,23.63824497847324,22.44235747690305,431415000,-3.28%
48,2022-03-07,21.314348220825195,22.77676506442822,22.992385688642184,21.292387654278762,450821000,-6.91%
49,2022-03-08,21.47606086730957,21.271422452705348,22.333545309074008,20.613584176611923,557467000,0.76%
50,2022-03-09,22.973417282104492,22.347522120331348,23.17905339926174,22.20776960420363,492742000,6.97%
51,2022-03-10,22.618051528930664,22.49127464148192,22.7478214818907,21.843418757214106,428066000,-1.55%
52,2022-03-11,22.0610294342041,22.981402566936854,23.10418676650878,22.00712380434614,367209000,-2.46%
53,2022-03-14,21.292390823364258,21.830440015715702,22.22274672696289,21.121692803109244,385354000,-3.48%
54,2022-03-15,22.932493209838867,21.480058765436652,22.99737913390775,21.284405208779518,491996000,7.70%
55,2022-03-16,24.45280647277832,23.45856243097872,24.553628211845854,23.131141677093435,671422000,6.63%
56,2022-03-17,24.722328186035156,24.077467438937035,24.798192476295053,23.863844107563466,471941000,1.10%
57,2022-03-18,26.406356811523438,24.75527383800032,26.522153405836594,24.580583162078188,730719000,6.81%
58,2022-03-21,26.686859130859375,26.46026011637226,27.10412324336721,25.92121138568289,591727000,1.06%
59,2022-03-22,26.47722816467285,26.679869314228366,27.18996980901101,26.026025549438742,547007000,-0.79%
60,2022-03-23,25.588796615600586,26.079927675254787,26.565070701682995,25.529900643651544,502120000,-3.36%
61,2022-03-24,28.100360870361328,26.119860134581526,28.27006117432525,25.861316069512192,877379000,9.82%
62,2022-03-25,27.643171310424805,27.83682948218481,28.307997346511723,27.22291411401015,579016000,-1.63%
63,2022-03-28,28.169239044189453,27.70705614407583,28.200184516498037,27.158024860655512,425494000,1.90%
64,2022-03-29,28.60546875,28.644399536496515,28.894956380033225,27.930660200124343,488984000,1.55%
65,2022-03-30,27.64117431640625,28.25409196032564,28.44575284009706,27.454503782301863,463487000,-3.37%
66,2022-03-31,27.237884521484375,27.733010189112925,28.198188071817484,27.22191389271316,523440000,-1.46%
67,2022-04-01,26.664899826049805,27.326730894613775,27.447517830165626,26.220684779158603,517235000,-2.10%
68,2022-04-04,27.311756134033203,26.680870583661918,27.509406950687776,26.566073594108467,397120000,2.43%
69,2022-04-05,25.885278701782227,27.205945967215584,27.270831893546518,25.77447435397992,436615000,-5.22%
70,2022-04-06,24.36396026611328,24.890031380399478,25.2553851988912,23.960673350227694,703833000,-5.88%
71,2022-04-07,24.165313720703125,24.397902669017775,24.678407313051004,23.436601401606985,557992000,-0.82%
72,2022-04-08,23.07823371887207,23.874826939519217,23.88081687759532,23.021335019105305,524781000,-4.50%
73,2022-04-11,21.878355026245117,22.174832229313022,22.28064432124628,21.621808207745975,575207000,-5.20%
74,2022-04-12,21.466081619262695,22.497261070505825,22.684929295161435,21.24447295091747,662258000,-1.88%
75,2022-04-13,22.163846969604492,21.689686094459127,22.460324131590653,21.417166779097364,516943000,3.25%
76,2022-04-14,21.220516204833984,22.465317170334803,22.736838829968864,21.125684399232618,569097000,-4.26%
77,2022-04-18,21.744592666625977,21.162620442615285,22.049053284387142,21.041833503143277,525701000,2.47%
78,2022-04-19,22.158859252929688,21.681701448367473,22.33354992197156,21.276417192204843,512781000,1.91%
79,2022-04-20,21.444120407104492,22.477295203987705,22.630025292014682,21.162618078582742,468974000,-3.23%
80,2022-04-21,20.147411346435547,21.670719581173074,22.352515792807566,19.964733471590826,656209000,-6.05%
81,2022-04-22,19.480587005615234,20.267197567812772,20.44987543262351,19.465614065609277,624713000,-3.31%
82,2022-04-25,19.86690902709961,19.1681425122934,19.90983247795217,19.062330417825684,641566000,1.98%
83,2022-04-26,18.754873275756836,19.683233812845796,19.753110084844213,18.637081301820754,653143000,-5.60%
84,2022-04-27,18.38252830505371,18.565204266444386,19.133201147980134,18.257748727324,499460000,-1.99%
85,2022-04-28,19.74711799621582,18.933554552267157,20.001669421051762,18.457396362070916,570327000,7.42%
86,2022-04-29,18.51429557800293,19.367787435913748,20.092507058531055,18.484347793800964,500435000,-6.24%
87,2022-05-02,19.49856185913086,18.508310298522446,19.53948803265964,18.358575147797907,572049000,5.32%
88,2022-05-03,19.567432403564453,19.36578895282095,19.790040634737174,19.09925959232835,475751000,0.35%
89,2022-05-04,20.298141479492188,19.887866961396114,20.3640250760324,18.717932850721336,648855000,3.73%
90,2022-05-05,18.810773849487305,19.831970796985615,19.889867190140663,18.46738053235109,626331000,-7.33%
91,2022-05-06,18.64206886291504,18.702962121693464,19.47759284066745,17.958277283967274,633297000,-0.90%
92,2022-05-09,16.92011070251465,18.002198783908664,18.22280783313179,16.797326507132865,644455000,-9.24%
93,2022-05-10,17.56397247314453,17.657806577427667,18.16590978890649,16.99497790989981,761474000,3.81%
94,2022-05-11,16.600675582885742,17.316412260690328,17.72169650040984,16.538786536925784,670167000,-5.48%
95,2022-05-12,16.146474838256836,16.190397869341577,16.75839468902169,15.539548188281776,708728000,-2.74%
96,2022-05-13,17.67478370666504,16.758402871320094,17.896392442635147,16.563746960856832,670437000,9.47%
97,2022-05-16,17.233564376831055,17.478133291928003,17.756640758780897,17.07584388248001,521446000,-2.50%
98,2022-05-17,18.14494514465332,18.042126144063122,18.338603271908426,17.602903449160152,585830000,5.29%
99,2022-05-18,16.90813446044922,17.67378227574179,18.08605417628394,16.834265532095618,545161000,-6.82%
100,2022-05-19,17.093809127807617,16.90713855438355,17.65581622517278,16.70449544428689,621310000,1.10%
101,2022-05-20,16.664562225341797,17.301437670488205,17.379299242685832,15.727217918276924,739105000,-2.51%
102,2022-05-23,16.868206024169922,16.24530571772281,16.885176247645457,16.150473907934177,639889000,1.22%
103,2022-05-24,16.12551498413086,16.48088814806781,16.56773463435827,15.752174861917103,588550000,-4.40%
104,2022-05-25,16.945070266723633,15.991754187297795,17.080830153303886,15.971788994098624,781132000,5.08%
105,2022-05-26,17.819520950317383,16.007721031792844,18.060095188303276,15.99374578065661,996575000,5.16%
106,2022-05-27,18.777830123901367,18.15393222834226,18.847706383566344,18.068083436188743,738379000,5.38%
107,2022-05-31,18.63907241821289,18.946527913320917,19.166141157238062,18.31763976934224,664100000,-0.74%
108,2022-06-01,18.28769874572754,18.690987665992118,19.019406157097183,18.09004789557318,544514000,-1.89%
109,2022-06-02,19.557451248168945,18.259744381633755,19.584404063861257,18.165910274840577,648656000,6.94%
110,2022-06-03,18.686992645263672,19.048355791835018,19.297914997640287,18.489341799961554,598779000,-4.45%
111,2022-06-06,18.75287437438965,19.10525257728722,19.302903402711614,18.53126570006665,422406000,0.35%
112,2022-06-07,18.89263153076172,18.439431521150134,18.966500464844408,18.15593185501501,388914000,0.75%
113,2022-06-08,18.61905288696289,18.76981755595969,19.15022663664718,18.5062274317263,363252000,-1.45%
114,2022-06-09,18.01998519897461,18.452313635347775,18.903611679964875,18.01299609524454,395574000,-3.22%
115,2022-06-10,16.947654724121094,17.572682529347194,17.669532092614485,16.842816252604898,465248000,-5.95%
116,2022-06-13,15.622713088989258,15.9751648511992,16.286680840029465,15.581776363415553,604153000,-7.82%
117,2022-06-14,15.811418533325195,15.706581027600341,16.041061051837058,15.388075961207294,469680000,1.21%
118,2022-06-15,16.501344680786133,16.070014185322673,16.841814932140252,15.901276860613777,563936000,4.36%
119,2022-06-16,15.5767822265625,15.835380002777606,15.917253444550337,15.37709287922616,545749000,-5.60%
120,2022-06-17,15.85534954071045,15.62370932462703,15.970170797325055,15.304206366327632,630334000,1.79%
121,2022-06-21,16.540285110473633,16.44942676298862,16.98159844424935,16.381531524997932,483089000,4.32%
122,2022-06-22,16.334604263305664,16.200811500397187,16.63613550115512,16.154883380504458,437135000,-1.24%
123,2022-06-23,16.199813842773438,16.493356178297404,16.559253709347978,15.828390615966093,463680000,-0.83%
124,2022-06-24,17.099414825439453,16.47438711137464,17.113393032351116,16.2846815144393,472153000,5.55%
125,2022-06-27,16.842817306518555,17.28513052368087,17.303102235686215,16.600194433475785,427968000,-1.50%
126,2022-06-28,15.957191467285156,16.873765723191674,17.175296973833603,15.920248247332506,461149000,-5.26%
127,2022-06-29,15.51787281036377,15.789450876778472,15.795441128330172,15.146450552730412,482352000,-2.75%
128,2022-06-30,15.135469436645508,15.337155541620188,15.542836100215856,14.838930531324044,686070000,-2.46%
129,2022-07-01,14.500455856323242,14.875872599017027,15.039617581640591,14.369659640512438,577610000,-4.20%
130,2022-07-05,14.940771102905273,14.15299631092678,14.947760206321728,14.033182701418724,651397000,3.04%
131,2022-07-06,15.106513023376465,14.986699419920392,15.29521975828279,14.766041819442789,529066000,1.11%
132,2022-07-07,15.833382606506348,15.432007177555999,15.92024744525078,15.365110796634003,492903000,4.81%
133,2022-07-08,15.813416481018066,15.406049788102415,16.012107950332496,15.365113062847506,467972000,-0.13%
134,2022-07-11,15.1284818649292,15.501900947599497,15.502899799154374,15.014658492987547,437321000,-4.33%
135,2022-07-12,15.058589935302734,15.244301101988894,15.407048204753346,14.853908206543673,458483000,-0.46%
136,2022-07-13,15.140461921691895,14.567353481526045,15.351134848256727,14.442547507149973,521918000,0.54%
137,2022-07-14,15.348138809204102,15.084548659761676,15.44898186604473,14.705138394189763,456235000,1.37%
138,2022-07-15,15.737531661987305,15.634691868193833,15.757500119489807,15.42102337409571,385935000,2.54%
139,2022-07-18,16.07600975036621,16.276697995053787,16.87077382032313,15.977164381591052,670517000,2.15%
140,2022-07-19,16.965620040893555,16.460405101540026,17.08343687318292,16.146893417699648,702366000,5.53%
141,2022-07-20,17.77935791015625,16.920694158582595,17.90516367987839,16.774920881624166,760538000,4.80%
142,2022-07-21,18.021982192993164,17.857239294768945,18.11583614993519,17.517766887314608,557049000,1.36%
143,2022-07-22,17.292116165161133,17.865224557589684,17.93910909409701,17.110397569443286,536671000,-4.05%
144,2022-07-25,16.997573852539062,16.992580547570068,17.097419003652497,16.623155964154584,480748000,-1.70%
145,2022-07-26,16.507339477539062,16.86278591155121,16.892740033046326,16.452424540325435,397865000,-2.88%
146,2022-07-27,17.76238441467285,17.005559778739524,17.908157678578863,16.886745027673552,569776000,7.60%
147,2022-07-28,17.956083297729492,17.947098395523145,18.11184128131467,17.412929010303365,474646000,1.09%
148,2022-07-29,18.134807586669922,17.785350474084527,18.21568123422587,17.66453800022714,435460000,1.00%
149,2022-08-01,18.41237449645996,18.153775758484443,18.816746510993376,17.9620743588274,476469000,1.53%
150,2022-08-02,18.497241973876953,18.093869755691863,18.90860309946713,18.06391563779565,489527000,0.46%
151,2022-08-03,18.863672256469727,18.15577319490234,18.938556596561604,18.108845268842018,418146000,1.98%
152,2022-08-04,19.185176849365234,18.819745689269663,19.244085291616933,18.730883123972124,409652000,1.70%
153,2022-08-05,18.959524154663086,18.780801158866524,19.199151379943174,18.63702558545363,386068000,-1.18%
154,2022-08-08,17.765378952026367,17.474832214042483,18.2106876713627,17.215235587063688,981859000,-6.30%
155,2022-08-09,17.05947494506836,17.225217600745857,17.41991456445857,16.698037426611428,668263000,-3.97%
156,2022-08-10,18.06890869140625,17.67052787955639,18.089876002325298,17.290118776438867,597422000,5.92%
157,2022-08-11,17.914148330688477,18.10285603043002,18.677962127300052,17.848250796763534,509327000,-0.86%
158,2022-08-12,18.679956436157227,18.131808897875185,18.68894324186174,17.925129506160957,478094000,4.27%
159,2022-08-15,19.002456665039062,18.67197109315223,19.134251734089823,18.584108348581022,457666000,1.73%
160,2022-08-16,18.849693298339844,18.8906300185085,19.112285523433606,18.472279819564992,451240000,-0.80%
161,2022-08-17,18.306537628173828,18.49424742554819,18.65899030543156,18.11683393671878,446799000,-2.88%
162,2022-08-18,18.74386215209961,18.272594646326187,18.835718409468257,18.15477776988283,415447000,2.39%
163,2022-08-19,17.821292877197266,18.377427421122775,18.49125077215721,17.742415041253963,441588000,-4.92%
164,2022-08-22,17.007558822631836,17.462850357349936,17.530745594391743,16.93966358559003,409593000,-4.57%
165,2022-08-23,17.15433120727539,16.962629795617797,17.43789077526951,16.94365828212294,369986000,0.86%
166,2022-08-24,17.195266723632812,16.98559171254238,17.378981119005086,16.868774654974345,522661000,0.24%
167,2022-08-25,17.885194778442383,16.817853882408595,17.919142398294323,16.80687127701837,770691000,4.01%
168,2022-08-26,16.23476219177246,17.829283522466564,17.89617896439729,16.211797175282506,769127000,-9.23%
169,2022-08-29,15.776472091674805,15.995132957792901,16.312638221113218,15.742525425220169,496132000,-2.82%
170,2022-08-30,15.443991661071777,15.935227627019371,16.014104526783086,15.158435326331992,530181000,-2.11%
171,2022-08-31,15.070569038391113,15.360118825458853,15.515876799554972,14.93577837401633,573710000,-2.42%
172,2022-09-01,13.915367126464844,14.186944285529073,14.3576793375617,13.249402633212377,1178865000,-7.67%
173,2022-09-02,13.62581729888916,14.07811421619894,14.149003156104582,13.569903514231424,743157000,-2.08%
174,2022-09-06,13.444098472595215,13.709685355906469,13.757611180820414,13.330275114521564,535751000,-1.33%
175,2022-09-07,13.696781158447266,13.545970723388965,13.820626019078334,13.329243169761526,512657000,1.88%
176,2022-09-08,13.972433090209961,13.442099708429629,13.990411090298151,13.352213517895981,624873000,2.01%
177,2022-09-09,14.368936538696289,14.139224819065335,14.455827199487729,14.108264556321975,486612000,2.84%
178,2022-09-12,14.48678970336914,14.350960765620393,14.528736791278869,14.180174968803186,484159000,0.82%
179,2022-09-13,13.114513397216797,13.784671426649664,13.904520650543393,13.082553985169255,714956000,-9.47%
180,2022-09-14,13.111515998840332,13.23735723747835,13.273312285293565,12.896785812619402,588507000,-0.02%
181,2022-09-15,12.912766456604004,12.99865891833725,13.216384660038566,12.77394104372565,523625000,-1.52%
182,2022-09-16,13.181428909301758,12.726001122679447,13.195411270329165,12.601158069233653,670751000,2.08%
183,2022-09-19,13.36519718170166,12.995661877637879,13.44609580364354,12.993664533666465,569685000,1.39%
184,2022-09-20,13.159456253051758,13.198407796353832,13.4660709531129,13.040606184015623,524818000,-1.54%
185,2022-09-21,13.244349479675293,13.196410364553508,14.013383142940281,13.09353904887106,807679000,0.65%
186,2022-09-22,12.545228004455566,13.053588717680212,13.132489995982901,12.412395581267017,759162000,-5.28%
187,2022-09-23,12.500285148620605,12.404405964748552,12.595166136683892,12.241610515089357,663309000,-0.36%
188,2022-09-26,12.212646484375,12.475316755127498,12.643106039060946,12.198664123420288,547343000,-2.30%
189,2022-09-27,12.397414207458496,12.491296042868766,12.720008599389836,12.24260909385547,553854000,1.51%
190,2022-09-28,12.720008850097656,12.394417959508273,12.806899506976707,12.338488516455438,542414000,2.60%
191,2022-09-29,12.204656600952148,12.432370007378605,12.48430476090285,11.93100047295723,532763000,-4.05%
192,2022-09-30,12.123760223388672,12.07182546024774,12.617140473227513,12.059840441640063,565638000,-0.66%
193,2022-10-03,12.496291160583496,12.331498357596713,12.662083111911944,12.089801611564782,547478000,3.07%
194,2022-10-04,13.150467872619629,12.862829366915662,13.203401777565151,12.862829366915662,584182000,5.23%
195,2022-10-05,13.192414283752441,12.894789072692479,13.304274120258059,12.605153237647787,507131000,0.32%
196,2022-10-06,13.11351490020752,13.203402054182803,13.638854510072967,13.086548373024156,644157000,-0.60%
197,2022-10-07,12.060837745666504,12.48929899981872,12.654091789877265,12.006905646417971,672478000,-8.03%
198,2022-10-10,11.65534782409668,12.021886664391426,12.108777324986262,11.393676694010551,698699000,-3.36%
199,2022-10-11,11.571451187133789,11.546482009689733,11.831123965214879,11.268831233353577,667482000,-0.72%
200,2022-10-12,11.48556137084961,11.564462656173577,11.720265977710053,11.330756245153442,492590000,-0.74%
201,2022-10-13,11.944982528686523,10.957224041163421,12.062834393103017,10.79942244062999,850103000,4.00%
202,2022-10-14,11.212902069091797,12.041859730605278,12.095791821712067,11.189931187273059,713432000,-6.13%
203,2022-10-17,11.87307071685791,11.5035354730447,11.932995788614214,11.50253727746017,580774000,5.89%
204,2022-10-18,11.951976776123047,12.328503349966546,12.476317316287407,11.603414929490759,659362000,0.66%
205,2022-10-19,12.035869598388672,11.864085613152273,12.334494942688758,11.819142034502585,523131000,0.70%
206,2022-10-20,12.178688049316406,12.097789434617974,12.752965822422196,12.08979910697089,652398000,1.19%
207,2022-10-21,12.450346946716309,12.082808987293975,12.482307307631256,11.872074435302578,609494000,2.23%
208,2022-10-24,12.58318042755127,12.492295085152598,12.694041114749616,12.048852336359209,517457000,1.07%
209,2022-10-25,13.244349479675293,12.678061955431058,13.283301022718456,12.648098936943423,505482000,5.25%
210,2022-10-26,12.879806518554688,12.852840947976517,13.371188345254836,12.692042862759553,532953000,-2.75%
211,2022-10-27,13.159456253051758,13.612886696752097,13.820625721091393,13.105524152883197,583113000,2.17%
212,2022-10-28,13.816630363464355,13.087547371735592,13.832611021415424,13.04460113938634,521040000,4.99%
213,2022-10-31,13.48005199432373,13.76069928886386,13.820624367893192,13.280303318353992,486341000,-2.44%
214,2022-11-01,13.525997161865234,13.79366034086405,13.907517535389529,13.502027125914925,432817000,0.34%
215,2022-11-02,13.20240306854248,13.832611349969781,14.192159017824103,13.194413691854113,672628000,-2.39%
216,2022-11-03,13.404149055480957,13.026624339335722,13.763697674159971,12.939733677148814,500065000,1.53%
217,2022-11-04,14.138223648071289,13.968437050479007,14.211131932127538,13.679799453581435,612576000,5.48%
218,2022-11-07,14.28304386138916,14.210135563074418,14.39390455505636,13.93648037167957,410061000,1.02%
219,2022-11-08,14.583666801452637,14.782416354106235,14.872303507657966,14.198150808496923,595292000,2.10%
220,2022-11-09,13.75870418548584,14.144219240509747,14.193158459885122,13.741725330956239,454414000,-5.66%
221,2022-11-10,15.730225563049316,14.78141849736078,15.753196449879484,14.528735884798065,700819000,14.33%
222,2022-11-11,16.306503295898438,15.787156581766027,16.368425737488906,15.462564766373632,655487000,3.66%
223,2022-11-14,16.274538040161133,16.197635066244544,16.519231225758354,15.9020062807447,527852000,-0.20%
224,2022-11-15,16.64507484436035,16.70100428796189,16.976656817848582,16.361431033277864,545876000,2.28%
225,2022-11-16,15.890024185180664,16.14170859646812,16.34145634523152,15.853070937382359,649547000,-4.54%
226,2022-11-17,15.657318115234375,15.695270514228033,16.24557934715907,15.515496193200601,710894000,-1.46%
227,2022-11-18,15.389652252197266,15.945952068716577,15.981908069637043,15.101014621390979,492072000,-1.71%
228,2022-11-21,15.297769546508789,15.127982909179686,15.457568510471011,15.06106664059395,404739000,-0.60%
229,2022-11-22,16.017864227294922,15.308755601738653,16.037839574271395,15.103013909275052,472866000,4.71%
230,2022-11-23,16.498258590698242,16.07778765170836,16.506249872107517,16.02785119143118,427241000,3.00%
231,2022-11-25,16.249568939208984,16.29750899710752,16.46629549039378,16.1516924322223,167934000,-1.51%
232,2022-11-28,15.807126998901367,16.005876536577063,16.336462207153392,15.7052557881983,303741000,-2.72%
233,2022-11-29,15.619361877441406,15.8071255294929,15.911994175144146,15.500511825177009,298384000,-1.19%
234,2022-11-30,16.906078338623047,15.681303480898846,16.913071308550972,15.581404046602852,565298000,8.24%
235,2022-12-01,17.117862701416016,16.98199904158871,17.247731843848307,16.618362775160893,470977000,1.25%
236,2022-12-02,16.85912322998047,16.64234117792431,16.916067342010866,16.428554479527566,371389000,-1.51%
237,2022-12-05,16.593387603759766,16.66231883516899,16.978002762737614,16.455525140941326,352255000,-1.58%
238,2022-12-06,15.971012115478516,16.513469290675516,16.556425555356533,15.803179908628083,352694000,-3.75%
239,2022-12-07,16.103879928588867,15.75622742232806,16.169813909620327,15.651331932839504,372388000,0.83%
240,2022-12-08,17.151832580566406,16.256728622158576,17.16182280977595,15.943041522391448,515456000,6.51%
241,2022-12-09,16.98399543762207,17.14283680576932,17.565414066145607,16.958022372086035,465338000,-0.98%
242,2022-12-12,17.51746368408203,17.019962525032387,17.52046094302297,16.78020276960981,457328000,3.14%
243,2022-12-13,18.053926467895508,18.512467050361487,18.77120879861469,17.69328744757466,656589000,3.06%
244,2022-12-14,17.656322479248047,17.96900914629274,18.233745392403016,17.40257681640619,496888000,-2.20%
245,2022-12-15,16.935047149658203,17.128853387661163,17.302679168965806,16.683300254847847,478542000,-4.09%
246,2022-12-16,16.55443000793457,16.84713821460191,17.02396128021654,16.393591691050435,478232000,-2.25%
247,2022-12-19,16.237747192382812,16.555430014041114,16.59239176744511,16.128856929377445,354039000,-1.91%
248,2022-12-20,16.06891441345215,16.04793550448502,16.29368979912943,15.83614855958652,403260000,-1.04%
249,2022-12-21,16.484495162963867,16.097883108965103,16.610370494528894,16.085894074796574,325025000,2.59%
250,2022-12-22,15.323659896850586,16.07790496925897,16.12186159180077,14.867117143254697,565045000,-7.04%
251,2022-12-23,15.19079303741455,15.180802809610176,15.323659446874593,14.868116110553647,349326000,-0.87%
252,2022-12-27,14.106878280639648,15.058925281140848,15.084899302148365,14.041942751760569,464902000,-7.14%
253,2022-12-28,14.021963119506836,13.913071922510106,14.247736933600988,13.87011470494691,351066000,-0.60%
254,2022-12-29,14.588396072387695,14.387597820165574,14.668315992800219,14.212772636992952,354923000,4.04%
255,2022-12-30,14.599384307861328,14.319663660456738,14.614368696054798,14.218764842042592,310490000,0.08%
256,2023-01-03,14.300683975219727,14.836148204062967,14.981003655234762,14.081903121676092,401277000,-2.05%
257,2023-01-04,14.734249114990234,14.552431925929696,14.838145196007998,14.226757745256368,431324000,3.03%
258,2023-01-05,14.250734329223633,14.476508145483907,14.549435094565505,14.13385075828424,389168000,-3.28%
259,2023-01-06,14.84414005279541,14.45952485401676,14.994989063943777,14.01996530735585,405044000,4.16%
260,2023-01-09,15.612370491027832,15.268714667138873,16.03994193956856,15.125857081198152,504231000,5.18%
261,2023-01-10,15.893091201782227,15.491492779879401,15.946037698097602,15.456527932742713,384101000,1.80%
262,2023-01-11,15.98499584197998,15.824157569436228,16.01196926439592,15.547434187787319,353285000,0.58%
263,2023-01-12,16.494489669799805,16.08390134636081,16.620363128586988,15.476508555353488,551409000,3.19%
264,2023-01-13,16.882102966308594,16.261723610585914,16.905080685202577,16.148837635119033,447287000,2.35%
265,2023-01-17,17.68429946899414,16.882102890181493,17.71027444723034,16.882102890181493,511102000,4.75%
266,2023-01-18,17.359622955322266,17.64933195026429,17.8551253151724,17.264716740500983,439624000,-1.84%
267,2023-01-19,16.74823570251465,17.01896463226559,17.179804849106613,16.714271208962963,452932000,-3.52%
268,2023-01-20,17.821165084838867,16.99399190647013,17.838148286229295,16.808178953481185,564967000,6.41%
269,2023-01-23,19.173803329467773,18.04593097619486,19.225751363106124,17.800178649214242,655163000,7.59%
270,2023-01-24,19.24573516845703,18.808173425147835,19.47550662588318,18.80118045535214,496204000,0.38%
271,2023-01-25,19.303674697875977,18.894084898187952,19.350628576512324,18.561417754150824,449537000,0.30%
272,2023-01-26,19.782196044921875,19.681297222805807,20.14583232825715,19.258719930188406,489535000,2.48%
273,2023-01-27,20.344635009765625,19.442538121142203,20.607372500637613,19.38559591313847,542142000,2.84%
274,2023-01-30,19.142837524414062,19.93004958460622,20.11985820147362,19.13084848856238,488611000,-5.91%
275,2023-01-31,19.5174617767334,19.150828232771158,19.667311381220713,18.931048939885837,498017000,1.96%
276,2023-02-01,20.922060012817383,19.671311072186494,21.17080968253937,19.591391139923406,660477000,7.20%
277,2023-02-02,21.687288284301758,20.978997726890935,21.927048029670438,20.679298521540353,564276000,3.66%
278,2023-02-03,21.078895568847656,20.978995210566314,21.723250879049424,20.76820581662644,429366000,-2.81%
279,2023-02-06,21.06791114807129,20.78519321039508,21.54842912938245,20.76521275361375,452197000,-0.05%
280,2023-02-07,22.150829315185547,21.360619878712374,22.236743764926906,21.128851507395858,664150000,5.14%
281,2023-02-08,22.18279266357422,22.364609852385264,22.85511993042836,21.985989180590057,559651000,0.14%
282,2023-02-09,22.314659118652344,22.583391079267905,22.996976567245348,22.097877100421048,523876000,0.59%
283,2023-02-10,21.24373435974121,21.668310502396057,22.055921084190924,20.790189793284593,550737000,-4.80%
284,2023-02-13,21.76620864868164,21.51645868835971,22.025948836069368,20.94103456636859,474919000,2.46%
285,2023-02-14,22.948028564453125,21.556420076698707,23.025949676572004,21.34463219361314,675474000,5.43%
286,2023-02-15,22.74123191833496,22.526446803874055,22.832140505930372,22.083890994896432,420575000,-0.90%
287,2023-02-16,21.979995727539062,22.110863322037478,22.527446080733473,21.905069975862954,412026000,-3.35%
288,2023-02-17,21.36661148071289,21.609368499758,21.71825874769265,20.95402439345479,465888000,-2.79%
289,2023-02-21,20.63434410095215,20.97899838851901,21.472503832330847,20.597380448319672,410015000,-3.43%
290,2023-02-22,20.73324203491211,20.68629006455199,21.082892354016522,20.400574910962913,513184000,0.48%
291,2023-02-23,23.640335083007812,23.41656006308935,23.864112008367524,23.001974156806483,1117995000,14.02%
292,2023-02-24,23.262712478637695,23.201774563076796,23.4505261030738,22.924052694816517,589716000,-1.60%
293,2023-02-27,23.477497100830078,23.64632871610379,23.85611778942511,23.43054512484724,452994000,0.92%
294,2023-02-28,23.19278335571289,23.348627491238524,23.801175507716838,23.182793127166743,455963000,-1.21%
295,2023-03-01,22.6752986907959,23.168804101489602,23.2327411745783,22.485488184590242,460026000,-2.23%
296,2023-03-02,23.290681838989258,22.465509649279113,23.356615814296525,22.40956399575206,389415000,2.71%
297,2023-03-03,23.866107940673828,23.29667828013058,23.87609816871999,23.106867758135774,412393000,2.47%
298,2023-03-06,23.530445098876953,23.867107967065923,24.223749385629638,23.463510762437853,437429000,-1.41%
299,2023-03-07,23.268661499023438,23.580402685270712,24.104966338425466,23.22169964405819,515154000,-1.11%
300,2023-03-08,24.160917282104492,23.467493409570896,24.179902508727604,23.404546005900805,513573000,3.83%
301,2023-03-09,23.416540145874023,24.154924912871536,24.43369447307599,23.36358275312628,501257000,-3.08%
302,2023-03-10,22.9459285736084,23.38956009205049,23.607379462799077,22.707126734055908,474866000,-2.01%
303,2023-03-13,22.946928024291992,22.733106940046454,23.27865305444534,22.278484860419933,421890000,0.00%
304,2023-03-14,24.04301643371582,23.476487867060463,24.19888701960605,23.44051655907677,474910000,4.78%
305,2023-03-15,24.2078800201416,23.74126688899198,24.26583051123997,23.340600837359847,524486000,0.69%
306,2023-03-16,25.519790649414062,24.007047963864338,25.56675059825911,23.874157083100002,583253000,5.42%
307,2023-03-17,25.703638076782227,25.960424630848856,26.377078166810012,25.646684297201393,848547000,0.72%
308,2023-03-20,25.87849235534668,25.59372917074599,26.00238993506894,25.109131303094223,432747000,0.68%
309,2023-03-21,26.177244186401367,26.158260863210074,26.370084715171625,25.359924553123577,547408000,1.15%
310,2023-03-22,26.446022033691406,26.40305656588551,27.566091472465203,26.215212950904103,797295000,1.03%
311,2023-03-23,27.16842269897461,27.092485590001715,27.476167523901886,26.667839239162014,564889000,2.73%
312,2023-03-24,26.756765365600586,27.0085569440688,27.144443706351247,26.333117616110897,454920000,-1.52%
313,2023-03-27,26.508968353271484,26.814714001840976,26.977578750651066,26.343105836527318,361026000,-0.93%
314,2023-03-28,26.388071060180664,26.42504099387314,26.49098617741666,25.828536573761543,356104000,-0.46%
315,2023-03-29,26.96159553527832,26.80272905587712,27.055517353686565,26.57491771466647,393694000,2.17%
316,2023-03-30,27.360260009765625,27.206388565387414,27.47616480917353,27.079493220776026,364516000,1.48%
317,2023-03-31,27.753938674926758,27.11746650509489,27.81089055808839,27.08249571617721,433933000,1.44%
318,2023-04-03,27.941776275634766,27.486155591511658,27.97674705699484,27.31329892606636,398716000,0.68%
319,2023-04-04,27.43020248413086,27.942776983152683,27.976749146372356,27.284323812201485,368592000,-1.83%
320,2023-04-05,26.85867691040039,26.80672004860662,26.97557842011288,26.37308045320567,515015000,-2.08%
321,2023-04-06,27.014549255371094,26.561924402993725,27.057512816555565,26.40505518671545,397654000,0.58%
322,2023-04-10,27.55609893798828,26.80072620018478,27.598063878336834,26.64685475224009,395279000,2.00%
323,2023-04-11,27.146442413330078,27.70098190602062,27.766927091482064,27.10347694194817,314378000,-1.49%
324,2023-04-12,26.47300148010254,27.347274949110663,27.445193150748228,26.426039620920893,446259000,-2.48%
325,2023-04-13,26.441022872924805,26.71179772670093,26.86467054430278,26.307135282820585,353615000,-0.12%
326,2023-04-14,26.735780715942383,26.48199191641149,26.86067692126086,26.198227341528817,395660000,1.11%
327,2023-04-17,26.979578018188477,26.542940633883788,26.98357440686349,26.41105027878462,321471000,0.91%
328,2023-04-18,27.644025802612305,27.510138201217032,28.086658738816173,27.334283752804854,604812000,2.46%
329,2023-04-19,27.907804489135742,27.33827814990457,27.976747432102734,27.2093855674829,358660000,0.95%
330,2023-04-20,27.081493377685547,27.648021986147068,28.00672503718342,26.97757964609056,427713000,-2.96%
331,2023-04-21,27.096481323242188,26.929620174009735,27.160429263560324,26.699811611017537,345103000,0.06%
332,2023-04-24,27.01954460144043,26.990569353375054,27.34327496276754,26.64885238383688,339282000,-0.28%
333,2023-04-25,26.219209671020508,27.055514550596037,27.22437484436602,26.20322411553106,378527000,-2.96%
334,2023-04-26,26.933612823486328,26.97957605431513,27.307302770987576,26.682821824060706,406337000,2.72%
335,2023-04-27,27.203392028808594,27.340279304100545,27.47216966404172,26.60289125219407,377161000,1.00%
336,2023-04-28,27.72595977783203,27.202394701984563,27.734951176667415,27.048521337557332,292216000,1.92%
337,2023-05-01,28.88599395751953,27.8168827543935,29.033871779873245,27.75693310998625,570329000,4.18%
338,2023-05-02,28.186573028564453,28.656183952378868,28.812054544580096,28.05967958921287,402730000,-2.42%
339,2023-05-03,27.77890968322754,27.81687822985484,28.34344096805308,27.449183833971773,383387000,-1.45%
340,2023-05-04,27.53911590576172,27.628040805780497,27.8358682890502,27.21738275503477,321850000,-0.86%
341,2023-05-05,28.656185150146484,27.802894198913098,28.731121728563178,27.707973770612693,361494000,4.06%
342,2023-05-08,29.126789093017578,28.498311768735906,29.195732032286276,28.326455636647413,344979000,1.64%
343,2023-05-09,28.547273635864258,28.87500228440972,28.94894023981755,28.426375730996305,314869000,-1.99%
344,2023-05-10,28.86101531982422,28.98091460956097,29.08882663839483,28.437367605326653,369350000,1.10%
345,2023-05-11,28.55426788330078,28.872004608217654,28.92596062028458,28.22254475076314,322149000,-1.06%
346,2023-05-12,28.316463470458984,28.505305680587945,28.75609857922899,28.02270701560493,274222000,-0.83%
347,2023-05-15,28.928955078125,28.484324933585533,28.94494253797439,28.12862158025983,293926000,2.16%
348,2023-05-16,29.188743591308594,28.817052724629356,29.845199573848124,28.80806132560358,449405000,0.90%
349,2023-05-17,30.152938842773438,29.55943225417957,30.173921312310178,29.40556081091014,432535000,3.30%
350,2023-05-18,31.651695251464844,30.38474850266172,31.80157031583205,30.29482308288843,748725000,4.97%
351,2023-05-19,31.238037109375,31.509810589762786,31.553774675559076,30.89032652886848,473908000,-1.31%
352,2023-05-22,31.15011215209961,30.875338986536004,31.49382635847514,30.654523739106693,372000000,-0.28%
353,2023-05-23,30.66251564025879,30.974256822059314,31.262017766354816,30.60556376728732,356253000,-1.57%
354,2023-05-24,30.51263999938965,30.184911363622657,30.58158294267241,29.781247533939762,721419000,-0.49%
355,2023-05-25,37.948463439941406,38.49101183651756,39.447217938255974,36.60457902009647,1543911000,24.37%
356,2023-05-26,38.913658142089844,37.858535295090505,39.137471155324974,37.51881748077454,714397000,2.54%
357,2023-05-30,40.077693939208984,40.56129320908205,41.903176556488546,39.91582970590061,923401000,2.99%
358,2023-05-31,37.80257797241211,39.455203631645354,40.26153261415584,37.79058690184261,1002580000,-5.68%
359,2023-06-01,39.73697280883789,38.45703459331072,40.0167390585578,38.30816007086099,635873000,5.12%
360,2023-06-02,39.29434585571289,40.0637069703337,40.46637223130838,39.02556820427834,482731000,-1.11%
361,2023-06-05,39.13846969604492,38.87668625179113,39.53213967153062,38.6748543493484,396094000,-0.40%
362,2023-06-06,38.62189865112305,38.797754990174724,39.12747895572034,38.11631834652575,388729000,-1.32%
363,2023-06-07,37.44774627685547,38.886701533947004,39.47027647730588,37.32883333327853,511998000,-3.04%
364,2023-06-08,38.48200225830078,37.69657436729438,38.835744998272645,37.47773561947334,417772000,2.76%
365,2023-06-09,38.7418098449707,39.00861399501781,39.68212369971367,38.538958335587395,427717000,0.68%
366,2023-06-12,39.45329666137695,39.17150398137998,39.501262102808724,38.58992633945342,388701000,1.84%
367,2023-06-13,40.99217987060547,40.15678903495475,41.07112482299617,39.71111409271858,613208000,3.90%
368,2023-06-14,42.96574783325195,40.794327015832565,42.96874400584985,40.52252155664653,740465000,4.81%
369,2023-06-15,42.62199401855469,42.571032403423146,43.25753327513272,42.116361328067455,568622000,-0.80%
370,2023-06-16,42.66095733642578,43.41840556812391,43.68920841570231,42.62997783526068,655709000,0.09%
371,2023-06-20,43.776145935058594,42.96673732432782,43.95801662220809,42.64297159288135,451153000,2.61%
372,2023-06-21,43.013710021972656,43.46937984975044,43.583299212657124,42.04941511162373,551603000,-1.74%
373,2023-06-22,42.993717193603516,42.22227535860052,43.394422782476106,42.20329197945321,417737000,-0.05%
374,2023-06-23,42.178314208984375,42.4331298944521,42.77787649157712,41.98445500064074,358140000,-1.90%
375,2023-06-26,40.60246658325195,42.43013574055072,42.73291690766179,40.070851773400804,594322000,-3.74%
376,2023-06-27,41.845558166503906,40.76934141492228,41.90951081905212,40.418598644089215,462175000,3.06%
377,2023-06-28,41.08710861206055,40.63044011815251,41.81457999808646,40.488545059577945,582639000,-1.81%
378,2023-06-29,40.79231643676758,41.52778134342767,41.56975062175712,40.57047773361946,380514000,-0.72%
379,2023-06-30,42.27124786376953,41.64970217474364,42.51906868482128,41.47083144000187,501148000,3.63%
380,2023-07-03,42.382164001464844,42.48608848507777,42.8668120169638,42.171318861986485,198209000,0.26%
381,2023-07-05,42.28623962402344,42.10436890718979,43.14561125771648,42.05440601633571,323618000,-0.23%
382,2023-07-06,42.07239532470703,41.81358472410437,42.14834029261051,41.31594563009927,303582000,-0.51%
383,2023-07-07,42.47209548950195,42.29122733401887,43.18258088740522,42.149332286394056,355881000,0.95%
384,2023-07-10,42.14933395385742,42.625988347315335,42.77987571297271,41.618717966437515,353908000,-0.76%
385,2023-07-11,42.37416458129883,42.450109532436265,42.72690854272056,42.03641291485393,298244000,0.53%
386,2023-07-12,43.870079040527344,43.001711413643235,43.90305599140233,42.74589703423399,481277000,3.53%
387,2023-07-13,45.94357681274414,44.485637843052004,46.12144500110187,44.459655768689124,478204000,4.73%
388,2023-07-14,45.43593978881836,46.549128177642544,48.05303491082442,45.0272367895013,772075000,-1.10%
389,2023-07-17,46.42721939086914,46.25534736982459,46.46219379188679,45.22909361606182,510488000,2.18%
390,2023-07-18,47.45947265625,46.66704987722195,47.86118084029625,45.70075380485252,569164000,2.22%
391,2023-07-19,47.04277420043945,47.42949388429487,47.7832366141332,46.70801866375325,427502000,-0.88%
392,2023-07-20,45.486900329589844,46.473182138979574,47.052762218392,45.029233183931915,537865000,-3.31%
393,2023-07-21,44.27678298950195,45.754707765315004,45.83265398251241,44.067935310129315,963769000,-2.66%
394,2023-07-24,44.579566955566406,44.69847992512501,45.076207287411634,44.00798419764258,382516000,0.68%
395,2023-07-25,45.645790100097656,44.90832769720461,46.14942147302996,44.8903392287754,348081000,2.39%
396,2023-07-26,45.4189567565918,45.98754334626847,46.01952157703273,44.59755574079193,364237000,-0.50%
397,2023-07-27,45.86663055419922,46.48518000024853,47.360542567448725,45.716738084889066,455976000,0.99%
398,2023-07-28,46.71601486206055,46.63407374046653,46.992813922510294,46.34728362681164,331194000,1.85%
399,2023-07-31,46.69502639770508,46.72000974655935,47.095735831876695,46.47218895380473,251055000,-0.04%
400,2023-08-01,46.47319030761719,46.42622359131387,46.86590615971662,45.99353971547932,237858000,-0.48%
401,2023-08-02,44.23681640625,45.79768107011527,45.80667339857495,43.35545767140817,530142000,-4.81%
402,2023-08-03,44.48263931274414,43.76815892788042,45.08520160367777,43.76815892788042,324176000,0.56%
403,2023-08-04,44.64751434326172,44.95229288862931,45.608812879018394,44.360724265707994,362666000,0.37%
404,2023-08-07,45.38397979736328,45.078202515862756,45.50689146915822,44.53060059886417,322154000,1.65%
405,2023-08-08,44.63153076171875,44.82039253545294,45.209109671688076,44.02397106962369,353843000,-1.66%
406,2023-08-09,42.5230598449707,44.24180664104453,44.27978102394421,42.10336324472602,586449000,-4.72%
407,2023-08-10,42.3571891784668,42.12935426842484,43.542327913208446,41.80458974449363,492705000,-0.39%
408,2023-08-11,40.82529830932617,41.72064683355446,41.98745483103536,40.609455735906536,533085000,-3.62%
409,2023-08-14,43.721195220947266,40.45657164204001,43.76816194200566,40.28169960823156,690286000,7.09%
410,2023-08-15,43.908050537109375,44.52760248933731,45.23508789652122,43.67821822396301,676512000,0.43%
411,2023-08-16,43.454383850097656,44.487632483624076,44.642518572075744,43.374440183849174,527451000,-1.03%
412,2023-08-17,43.31249237060547,43.938036744094546,44.02996891832421,42.969739400582895,452395000,-0.33%
413,2023-08-18,43.267520904541016,42.60400217656772,43.546317397362685,41.62971253779868,583768000,-0.10%
414,2023-08-21,46.932857513427734,44.46165562877054,47.030785847728,44.18985399309083,692573000,8.47%
415,2023-08-22,45.63479995727539,48.100005574504046,48.15196972371808,45.30004440741636,755293000,-2.77%
416,2023-08-23,47.081748962402344,45.832657681466124,47.165687530536545,45.175135085824124,779046000,3.17%
417,2023-08-24,47.12871170043945,50.17949363700367,50.229456525679716,47.12471680402284,1156044000,0.10%
418,2023-08-25,45.98454284667969,46.97781961200935,47.77024230669421,44.99126226942635,925341000,-2.43%
419,2023-08-28,46.80095291137695,46.44820888033288,46.945847962697144,44.85536966380344,685192000,1.78%
420,2023-08-29,48.748531341552734,46.632071231077255,49.04531628812588,46.35726964870884,701397000,4.16%
421,2023-08-30,49.228179931640625,49.008338674508195,49.89069606305402,48.389789269751844,735206000,0.98%
422,2023-08-31,49.319122314453125,49.34410566617648,49.70783948086103,48.922411542832535,528570000,0.18%
423,2023-09-01,48.473731994628906,49.72582320725818,49.76379378137674,48.10699823052651,463830000,-1.71%
424,2023-09-05,48.51270294189453,48.187938474576626,48.81548404497399,47.825203434833014,382653000,0.08%
425,2023-09-06,47.03065490722656,48.40976612181569,48.51769437680377,46.54996607250854,468670000,-3.05%
426,2023-09-07,46.2111930847168,45.495655031746296,46.314127328933516,45.122894378455285,433330000,-1.74%
427,2023-09-08,45.542625427246094,45.9123896906911,46.57595936498053,45.2418207464707,473069000,-1.45%
428,2023-09-11,45.14888000488281,46.118252157877485,46.1332418790325,44.283437093528,473966000,-0.86%
429,2023-09-12,44.841068267822266,44.709153407474325,45.643551923371255,44.502286142152805,349256000,-0.68%
430,2023-09-13,45.45568084716797,44.571249185878756,45.900393693899545,44.47431159036819,398355000,1.37%
431,2023-09-14,45.55162048339844,45.92038211332298,45.95735701328926,45.101909783891045,370097000,0.21%
432,2023-09-15,43.87169647216797,45.31176544872774,45.56959852066616,43.779752923471165,506831000,-3.69%
433,2023-09-18,43.937660217285156,42.72044680408226,44.213483290506936,41.97292784828809,500271000,0.15%
434,2023-09-19,43.491943359375,43.80474129556245,43.93765497175379,42.97427575565499,373064000,-1.01%
435,2023-09-20,42.211769104003906,43.571891798323115,43.874697872716084,42.1957805773011,367108000,-2.94%
436,2023-09-21,40.99055862426758,41.5561956700247,42.07286070255986,40.95358372498065,450736000,-2.89%
437,2023-09-22,41.58317565917969,41.54519814398996,42.087851165439716,41.204418374834624,479236000,1.45%
438,2023-09-25,42.19477844238281,41.564184746897794,42.50857517454085,41.15045020013546,419091000,1.47%
439,2023-09-26,41.88398361206055,41.97392575085955,42.79239807025896,41.62814811031587,402282000,-0.74%
440,2023-09-27,42.440616607666016,42.302708909565496,42.84435926371942,41.60216067664093,444935000,1.33%
441,2023-09-28,43.061222076416016,42.43262596387141,43.417990370192356,42.08785097086144,424663000,1.46%
442,2023-09-29,43.470951080322266,43.79873869157932,44.115535622315164,43.279073545812075,397830000,0.95%
443,2023-10-02,44.75312805175781,44.00161019361143,45.14587240598545,43.83272043820974,433298000,2.95%
444,2023-10-03,43.48894119262695,44.77910920077743,45.10090400420974,43.2181160083425,470850000,-2.82%
445,2023-10-04,44.01260757446289,43.713800550252934,44.11454300550294,43.26408989829739,361821000,1.20%
446,2023-10-05,44.65919494628906,44.02160569733858,44.87106009571042,43.859711368944936,393483000,1.47%
447,2023-10-06,45.73249816894531,44.16450946291641,45.759481188953075,43.99761731119279,434436000,2.40%
448,2023-10-09,45.24380874633789,44.813086880403254,45.57559541910592,44.33939347095082,409675000,-1.07%
449,2023-10-10,45.768470764160156,45.28078645305619,46.229172057316305,45.058929471918596,368582000,1.16%
450,2023-10-11,46.77582550048828,46.16621813703432,46.82879273607268,46.02031234982247,378137000,2.20%
451,2023-10-12,46.914737701416016,46.74684673062692,47.57831113328324,46.30013628160048,481325000,0.30%
452,2023-10-13,45.43169021606445,46.92972437247631,47.0856258439627,45.25080714920821,474115000,-3.16%
453,2023-10-16,46.065284729003906,45.03394854361238,46.19519817588755,44.8830449142491,375099000,1.39%
454,2023-10-17,43.90966796875,43.97162826487706,44.7251436928957,42.452607921894625,812333000,-4.68%
455,2023-10-18,42.168792724609375,42.563538500675094,43.19113575483381,41.79803354808787,627294000,-3.96%
456,2023-10-19,42.0738639831543,42.78340541148184,43.26909220321944,41.855003378817976,501233000,-0.23%
457,2023-10-20,41.360321044921875,41.86299514075664,42.44262307555848,41.05151831937694,477266000,-1.70%
458,2023-10-23,42.947296142578125,41.20242325687503,43.22012278548461,40.91860593108143,478530000,3.84%
459,2023-10-24,43.634849548339844,43.049228794577566,43.66882802570082,42.66347986731124,401463000,1.60%
460,2023-10-25,41.7520637512207,43.37001943801499,43.62185968396837,41.52820914347359,398379000,-4.31%
461,2023-10-26,40.30000305175781,41.82601906009142,42.22875913409801,39.85429143072344,541001000,-3.48%
462,2023-10-27,40.47389221191406,41.10348715819275,41.17943837928563,39.98920425077625,416784000,0.43%
463,2023-10-30,41.134464263916016,41.06051446991565,41.73907378443747,40.45490233078289,388028000,1.63%
464,2023-10-31,40.75370788574219,40.42392261933526,40.8526468966784,39.204707934267006,517969000,-0.93%
465,2023-11-01,42.29772186279297,40.857648711306,42.353685526231295,40.84265898891911,437593000,3.79%
466,2023-11-02,43.47795104980469,43.300064408208144,43.855705696322225,42.86634611035468,409172000,2.79%
467,2023-11-03,44.975982666015625,43.99161716605405,45.27978369407566,43.69480778178644,424610000,3.45%
468,2023-11-06,45.72150802612305,45.25580880956027,45.905391339762694,44.870056042056,400733000,1.66%
469,2023-11-07,45.92538070678711,45.689532763842614,46.18820786112749,45.128893543055014,343165000,0.45%
470,2023-11-08,46.543975830078125,46.07027857367067,46.83678620591324,45.93836370236791,346719000,1.35%
471,2023-11-09,46.91973114013672,47.43639611181253,48.198904678121394,46.719859321767146,540496000,0.81%
472,2023-11-10,48.30384063720703,47.46937982263058,48.440753359097926,47.25252065392858,421245000,2.95%
473,2023-11-13,48.588653564453125,48.28884773723465,49.08433598855006,48.06798954522677,384136000,0.59%
474,2023-11-14,49.623985290527344,49.64797189172138,49.801871937843956,49.00838510603704,416954000,2.13%
475,2023-11-15,48.856483459472656,49.902809365822506,49.927790961524366,48.168927272564574,475497000,-1.55%
476,2023-11-16,49.44810104370117,48.64761873945954,49.49307401570829,48.29884470682521,339756000,1.21%
477,2023-11-17,49.2662239074707,49.49207615888525,49.68495254819164,48.975411113822275,325205000,-0.37%
478,2023-11-20,50.37649917602539,49.280206345168914,50.51540949473078,49.14929028900057,414120000,2.25%
479,2023-11-21,49.911800384521484,50.09368225266799,50.48442900851123,49.1902657498463,565747000,-0.92%
480,2023-11-22,48.68458557128906,49.81985461878129,50.302541056638844,47.659246201339464,899420000,-2.46%
481,2023-11-24,47.745201110839844,48.43875395222816,48.88946341849403,47.71421905232239,294645000,-1.93%
482,2023-11-27,48.210899353027344,47.769182964937485,48.49871188238506,47.62127956875629,395662000,0.98%
483,2023-11-28,47.79016876220703,48.20490212503735,48.291847835176796,47.442393546125054,401491000,-0.87%
484,2023-11-29,48.108970642089844,48.34781882043628,48.730571377443304,47.8291523366515,382005000,0.67%
485,2023-11-30,46.73984909057617,47.99303847449865,48.078985380939635,46.39207386383031,526247000,-2.85%
486,2023-12-01,46.73484802246094,46.495004895434896,47.16956893202257,46.15722156787437,369317000,-0.01%
487,2023-12-04,45.480655670166016,46.047291437827624,46.047291437827624,44.980978046044385,437543000,-2.68%
488,2023-12-05,46.54007339477539,45.44068360016381,46.57405104711008,45.24579248346221,371718000,2.33%
489,2023-12-06,45.477664947509766,47.188713605709914,47.36061873070036,45.38671600748787,380590000,-2.28%
490,2023-12-07,46.57005310058594,45.67455214099108,46.603035669637734,45.57860492878931,350823000,2.40%
491,2023-12-08,47.47954559326172,46.5690536083124,47.71441533754204,46.52407668516983,359224000,1.95%
492,2023-12-11,46.601036071777344,47.46455720613541,47.504532035793474,45.8044827851011,509728000,-1.85%
493,2023-12-12,47.630462646484375,46.02035970624614,47.63945650611494,46.02035970624614,372387000,2.21%
494,2023-12-13,48.061222076416016,47.60247804966215,48.56694081439652,47.58148983561275,447792000,0.90%
495,2023-12-14,48.32307815551758,48.36305679932983,48.64289968086901,47.395597257027774,391232000,0.54%
496,2023-12-15,48.8627815246582,48.167169853296684,49.37649531142181,48.09320973878579,479948000,1.12%
497,2023-12-18,50.04911422729492,49.372493076088325,50.404914981750885,49.12263228888661,412587000,2.43%
498,2023-12-19,49.576377868652344,49.396477797500886,49.67232508160953,48.867773044674685,464444000,-0.94%
499,2023-12-20,48.08420944213867,49.62734838444094,49.97115859701397,48.07121619318162,397894000,-3.01%
500,2023-12-21,48.96271896362305,48.78381779537504,49.067660031222275,48.3920339970984,300425000,1.83%
501,2023-12-22,48.80281448364258,49.16760912555352,49.35550417725914,48.440013817586234,252507000,-0.33%
502,2023-12-26,49.25156021118164,48.940732556066926,49.57238062064836,48.93273759007069,244200000,0.92%
503,2023-12-27,49.38948059082031,49.483430013348695,49.65233461998989,49.05766474220859,233648000,0.28%
504,2023-12-28,49.49442672729492,49.615361553511725,49.85622468658464,49.38448736257904,246587000,0.21%
505,2023-12-29,49.49442672729492,49.78526507165566,49.96916454651592,48.72385609264306,389293000,0.00%
506,2024-01-02,48.14117431640625,49.216575301212856,49.26754558758411,47.568495374432075,411254000,-2.73%
507,2024-01-03,47.54251480102539,47.458561936508566,48.15717024660548,47.2936528901048,320896000,-1.24%
508,2024-01-04,47.971275329589844,47.74040114665584,48.47299471292731,47.48154648897857,306535000,0.90%
509,2024-01-05,49.06966018676758,48.43501546755193,49.5194103643003,48.27910029347317,415039000,2.29%
510,2024-01-08,52.223907470703125,49.48443615533453,52.24589839467499,49.45145358195024,642510000,6.43%
511,2024-01-09,53.11041259765625,52.37182563719699,54.29475419696261,51.66121915258384,773100000,1.70%
512,2024-01-10,54.31973648071289,53.58614782430592,54.569597281107285,53.45921582315341,533796000,2.28%
513,2024-01-11,54.791473388671875,54.9683767860804,55.315183696465496,53.530178853161665,596759000,0.87%
514,2024-01-12,54.679534912109375,54.58958487431233,54.93939227133335,54.29974925258684,352994000,-0.20%
515,2024-01-16,56.35060501098633,54.98736610755934,56.80335188433168,54.86943178251625,449580000,3.06%
516,2024-01-17,56.021793365478516,56.31562839717504,56.43955990801359,54.70952466514394,474394000,-0.58%
517,2024-01-18,57.07520294189453,57.22811763397988,57.567928484455464,56.0757597125632,491650000,1.88%
518,2024-01-19,59.45787811279297,57.956711672124605,59.46687197330924,57.19313710812396,543501000,4.17%
519,2024-01-22,59.620784759521484,60.01556528618006,60.29740976678535,59.037110289114665,452955000,0.27%
520,2024-01-23,59.83966064453125,59.5368279679321,59.87663879045011,58.55237585802376,294654000,0.37%
521,2024-01-24,61.32783508300781,60.27042548611156,62.814006680232,59.90462813486255,560271000,2.49%
522,2024-01-25,61.58268737792969,62.31527708122234,62.6840748870048,60.816112399436015,482777000,0.42%
523,2024-01-26,60.997013092041016,60.92605348243829,61.748597055065574,60.53927175910999,390309000,-0.95%
524,2024-01-29,62.43022155761719,61.197906346142304,62.45420645662032,60.87309034622641,348733000,2.35%
525,2024-01-30,62.73904037475586,62.86497347083293,63.45764174361534,62.22532667454649,410735000,0.49%
526,2024-01-31,61.49274444580078,61.40579108468123,62.23433190687522,60.666205224632265,453795000,-1.99%
527,2024-02-01,62.991905212402344,62.06541944015991,63.15581535659614,61.615673062934434,369146000,2.44%
528,2024-02-02,66.1231689453125,63.938381369175765,66.56291878931643,63.654539090246594,476578000,4.97%
529,2024-02-05,69.29340362548828,68.1870176350593,69.45831268504848,67.16758882386114,680078000,4.79%
530,2024-02-06,68.18502044677734,69.59123486457555,69.7151663839092,66.26309444052819,683111000,-1.60%
531,2024-02-07,70.05996704101562,68.28095938687078,70.18090186277372,67.56235796585537,495575000,2.75%
532,2024-02-08,69.60221862792969,70.0349761659854,70.75457644757603,69.41632519274872,414422000,-0.65%
533,2024-02-09,72.09284973144531,70.49373428612587,72.14481511205457,70.17291382776136,436637000,3.58%
534,2024-02-12,72.207763671875,72.55956500777188,74.56944659789941,71.21031839479434,613710000,0.16%
535,2024-02-13,72.08785247802734,70.36081744123659,73.40911526024477,69.58125280309775,602580000,-0.17%
536,2024-02-14,73.85885620117188,73.16124677886643,74.19466766232887,71.89795059750436,504917000,2.46%
537,2024-02-15,72.61753845214844,73.82787028335872,73.93380643951798,72.35968650824275,420122000,-1.68%
538,2024-02-16,72.57256317138672,74.05873462198204,74.36056840015162,72.46062602851259,495327000,-0.06%
539,2024-02-20,69.41333770751953,71.90694379478387,71.91594146829705,67.69629184561839,704833000,-4.35%
540,2024-02-21,67.43443298339844,67.96813224619191,68.84964494727922,66.21111545956025,673755000,-2.85%
541,2024-02-22,78.49427795410156,74.98323324060954,78.53125229218321,74.17868109913526,865100000,16.40%
542,2024-02-23,78.77311706542969,80.7450180977802,82.34812129044985,77.52680973171769,829388000,0.36%
543,2024-02-26,79.0479736328125,79.6556292519544,80.60110940022084,78.4612947940882,503973000,0.35%
544,2024-02-27,78.65717315673828,79.3367948159067,79.43574633865495,77.11903628247967,391705000,-0.49%
545,2024-02-28,77.61975860595703,77.57678328073024,78.88904810428491,77.08205615581203,393110000,-1.32%
546,2024-02-29,79.06795501708984,79.04996729538055,79.94546455588929,78.30637821286784,507289000,1.87%
547,2024-03-01,82.23318481445312,79.9554544760787,82.25417684232451,79.39076663879457,479135000,4.00%
548,2024-03-04,85.18953704833984,84.08315120139147,87.64616854479111,83.67238457234258,615616000,3.60%
549,2024-03-05,85.92017364501953,85.22652719248794,86.05310907669562,83.37447499815761,520639000,0.86%
550,2024-03-06,88.65476989746094,87.97712182383515,89.67824984643924,86.9856232402923,582520000,3.18%
551,2024-03-07,92.62174987792969,90.1120285672104,92.71969948396085,89.55631229713433,608119000,4.47%
552,2024-03-08,87.48336029052734,95.08947977383554,97.35032718295817,86.46187834190792,1142269000,-5.55%
553,2024-03-11,85.73025512695312,86.38491984001777,88.75170831683343,84.12307354021831,678364000,-2.00%
554,2024-03-12,91.86612701416016,88.00409921373667,91.91310011628946,86.10606561656215,668075000,7.16%
555,2024-03-13,90.8416519165039,91.00856657140831,91.45733510152752,88.38989990202793,635713000,-1.12%
556,2024-03-14,87.8991470336914,89.53131740403234,90.59977243652932,86.55583073162953,602318000,-3.24%
557,2024-03-15,87.79222106933594,86.88568575146145,89.50034950151677,86.21303230581765,642086000,-0.12%
558,2024-03-18,88.40989685058594,90.3419098330075,92.35787961611925,87.04059269589636,668976000,0.70%
559,2024-03-19,89.3524169921875,86.65578707702176,90.49782872213696,84.96665402343716,672171000,1.07%
560,2024-03-20,90.32591247558594,89.75120114679406,90.3638951089495,88.17800637840647,479063000,1.09%
561,2024-03-21,91.38836669921875,92.25293104894116,92.60075314567852,90.35889320815413,480372000,1.18%
562,2024-03-22,94.24092102050781,91.09452364541656,94.72967008042832,90.78768098585184,586719000,3.12%
563,2024-03-25,94.95355224609375,93.89309629655145,96.71665262612369,93.46231633076846,552136000,0.76%
564,2024-03-26,92.51380920410156,95.80213286973698,96.32586780749175,92.45484117355997,513648000,-2.57%
565,2024-03-27,90.20398712158203,93.06452747722804,93.19246057085654,89.07756280706721,586067000,-2.50%
566,2024-03-28,90.30992889404297,89.95410761772509,91.25344777796057,89.14751991247192,435212000,0.12%
567,2024-04-01,90.3169174194336,90.25295469319977,92.17796738530402,89.15851187965868,452441000,0.01%
568,2024-04-02,89.40638732910156,88.40289389067334,90.04805823236576,87.57532082751612,433064000,-1.01%
569,2024-04-03,88.91863250732422,88.43888153844358,90.32791718260744,88.35492473761427,370067000,-0.55%
570,2024-04-04,85.8611831665039,90.35988689456467,90.58777505707383,85.83619439258581,434965000,-3.44%
571,2024-04-05,87.96312713623047,86.82170353525082,88.43588552210704,85.88218803532831,399678000,2.45%
572,2024-04-08,87.08856964111328,88.65476426391245,88.78470285055779,86.68777315554529,283220000,-0.99%
573,2024-04-09,85.31046295166016,87.39740306681414,87.59030542356439,82.97965924126275,501700000,-2.04%
574,2024-04-10,86.99462127685547,83.8832095968993,87.35543726810234,83.66631737551937,431929000,1.97%
575,2024-04-11,90.56979370117188,87.37542414329695,90.69273208355851,86.8816803570947,431637000,4.11%
576,2024-04-12,88.14102935791016,89.65325833959419,90.1290211698629,87.48536563341473,426805000,-2.68%
577,2024-04-15,85.95714569091797,89.05256658600005,90.56679344486741,85.88518380835967,443077000,-2.48%
578,2024-04-16,87.37042236328125,86.38892089132743,88.0730591608871,86.02011339953525,370453000,1.64%
579,2024-04-17,83.99214935302734,88.29494666403578,88.72973001771733,83.90718598900048,495400000,-3.87%
580,2024-04-18,84.62781524658203,84.92666635523963,86.14604537295341,82.35997524716916,447260000,0.76%
581,2024-04-19,76.16114044189453,83.10760101811651,84.28099833646611,75.56744919546927,875198000,-10.00%
582,2024-04-22,79.47744750976562,78.0641671154843,80.03216479233348,76.36104131725212,596341000,4.35%
583,2024-04-23,82.38097381591797,80.72781776562408,82.72679808163171,80.22307798101387,438559000,3.65%
584,2024-04-24,79.63636779785156,83.90718362535628,84.0391200894545,79.14261643671647,512208000,-3.33%
585,2024-04-25,82.5898666381836,78.82777847791279,83.28050853708768,78.18311074273281,424641000,3.71%
586,2024-04-26,87.69026947021484,83.77526671112514,88.28596627439501,83.34448669778978,551011000,6.18%
587,2024-04-29,87.71224975585938,87.55032980991761,87.94712289586843,85.2225151665247,388971000,0.03%
588,2024-04-30,86.35795593261719,87.195526189522,88.77372365378562,86.25601055156,363709000,-1.54%
589,2024-05-01,82.99864196777344,85.0336065353816,85.95613224492045,81.21354987762143,559863000,-3.89%
590,2024-05-02,85.77323913574219,84.40593290133356,86.19302312746696,83.15756927733226,377898000,3.34%
591,2024-05-03,88.74372100830078,87.7442309865165,89.23546686580507,86.99561241116382,398341000,3.46%
592,2024-05-06,92.09300994873047,89.34441239026923,92.17297098055205,89.00958414820802,376203000,3.77%
593,2024-05-07,90.50782012939453,91.05154141921548,91.73419176081896,88.96560776051032,437342000,-1.72%
594,2024-05-08,90.36589813232422,89.43737100980039,91.14749704338682,89.37439959760155,325721000,-0.16%
595,2024-05-09,88.70175170898438,90.48284079234612,91.02556319779642,88.18601596391863,378013000,-1.84%
596,2024-05-10,89.83216857910156,90.25895279926722,91.3543946079418,89.18149955504683,335325000,1.27%
597,2024-05-13,90.3529052734375,90.43185974293648,90.95159885169748,88.48385608988069,289680000,0.58%
598,2024-05-14,91.30941772460938,89.55330988776338,91.60426546540805,88.88864807554503,296507000,1.06%
599,2024-05-15,94.58175659179688,92.42485956836863,94.81364057954114,91.55230350991141,417735000,3.58%
600,2024-05-16,94.3108901977539,94.8616117597436,95.77014487035822,94.05501639356171,323952000,-0.29%
601,2024-05-17,92.43184661865234,94.32089003310901,94.69169545244071,91.75919321941595,359691000,-1.99%
602,2024-05-20,94.7316665649414,93.7021930243281,95.15145055956944,93.39235354622227,318764000,2.49%
603,2024-05-21,95.33736419677734,93.55127282718048,95.35135699716334,93.1324877566636,328946000,0.64%
604,2024-05-22,94.90158081054688,95.41032394954395,95.97103489974472,93.20145177000462,548648000,-0.46%
605,2024-05-23,103.74607849121094,101.97597776870575,106.26578917767765,101.46823355489357,835065000,9.32%
606,2024-05-24,106.41471099853516,104.39573676851408,106.42070464479184,102.94747814509458,429494000,2.57%
607,2024-05-28,113.84291076660156,110.18777817721215,114.88038339336015,109.82696222842502,652728000,6.98%
608,2024-05-29,114.76644134521484,112.99235261607853,115.43310102209165,110.84444643564275,557442000,0.81%
609,2024-05-30,110.44364929199219,114.59153447828542,115.75993705260656,109.60707814261482,484553000,-3.77%
610,2024-05-31,109.57709503173828,112.46261619518734,112.6595219559155,106.88546755499186,613263000,-0.78%
611,2024-06-03,114.94134521484375,113.56305075836895,114.94134521484375,111.9458721624404,438392000,4.90%
612,2024-06-04,116.37762451171875,115.65699910856021,116.5405434101387,113.98684591549986,403324000,1.25%
613,2024-06-05,122.37757110595703,118.31064561773049,122.38656157559062,117.40810617337777,528402000,5.16%
614,2024-06-06,120.9363021850586,123.98474236351488,125.52295906565588,118.25966633915728,664696000,-1.18%
615,2024-06-07,120.82635498046875,119.70892124903274,121.62994584355768,117.9618191498612,412386000,-0.09%
616,2024-06-10,121.72789001464844,120.3086160214553,123.03721949599527,116.95032895624942,313434100,0.75%
617,2024-06-11,120.85828399658203,121.71790911261488,122.81744468477636,118.68920642560704,222551200,-0.71%
618,2024-06-12,125.14643096923828,123.00734716397616,126.8257124975509,122.51755894250634,299595000,3.55%
619,2024-06-13,129.55455017089844,129.33464307228707,129.74447132445016,127.10560139337456,260704500,3.52%
620,2024-06-14,131.82359313964844,129.90441625095465,132.78317395786428,128.26511837192902,309320400,1.75%
621,2024-06-17,130.92396545410156,132.9331153831068,133.67278906643185,129.52457044327446,288504400,-0.68%
622,2024-06-18,135.52198791503906,131.08388532556722,136.27166699428068,130.63408092847425,294335100,3.51%
623,2024-06-20,130.7240447998047,139.74018988019657,140.69977060471427,129.46458937927747,517768400,-3.54%
624,2024-06-21,126.51586151123047,127.0656293084551,130.57413010044505,124.24683582095948,649445800,-3.22%
625,2024-06-24,118.05946350097656,123.18726572238242,124.40674492687346,117.98949375774167,476060900,-6.68%
626,2024-06-25,126.03604125976562,121.14813434618002,126.44586947750777,119.26894156101194,414192600,6.76%
627,2024-06-26,126.34593200683594,126.07604323280044,128.06518984478126,122.54755446405669,362975900,0.25%
628,2024-06-27,123.93694305419922,124.04689659574252,126.35591334202208,122.86740120783881,252571700,-1.91%
629,2024-06-28,123.48714447021484,124.52670042256338,127.65535851030685,122.69748155565787,315516700,-0.36%
630,2024-07-01,124.246826171875,123.41717942454187,124.78658844306486,118.77916507660012,284885500,0.62%
631,2024-07-02,122.61752319335938,121.07818104942778,123.35721213177682,120.97822535200487,218374000,-1.31%
632,2024-07-03,128.22511291503906,121.60795022813568,128.22511291503906,121.30807553564613,215749000,4.57%
633,2024-07-05,125.77617645263672,127.32550884480895,128.79488887998582,125.62623909181207,214176700,-1.91%
634,2024-07-08,128.1451416015625,127.43544631776729,130.7140492483546,126.98564191819271,237677300,1.88%
635,2024-07-09,131.3238067626953,130.29424856790877,133.76276548705792,128.59496354527897,285366600,2.48%
636,2024-07-10,134.852294921875,133.9726664675838,135.04221608834806,132.36335454676214,248978600,2.69%
637,2024-07-11,127.34549713134766,135.69192330087128,136.09174607157163,126.99564839391957,374782700,-5.57%
638,2024-07-12,129.18472290039062,128.20513111513003,131.86356920556344,127.16558268757724,252680500,1.44%
639,2024-07-15,128.38502502441406,130.5041126995791,131.3337592569192,127.12556221908937,208326200,-0.62%
640,2024-07-16,126.30593872070312,128.38505064333017,128.9847847878456,124.52670149646414,214769500,-1.62%
641,2024-07-17,117.93951416015625,121.29807714631912,121.79786321418705,116.670060903269,390086200,-6.62%
642,2024-07-18,121.03819274902344,121.79786974825338,122.34763750285344,116.51013195140489,320979500,2.63%
643,2024-07-19,117.87955474853516,120.29851774276338,121.54798304467437,117.31979673364096,217223800,-2.61%
644,2024-07-22,123.48714447021484,120.2985068676328,124.01691649015211,119.80871864887781,258068900,4.76%
645,2024-07-23,122.53755187988281,122.72747303753543,124.63665959294896,122.04776363902835,173911000,-0.77%
646,2024-07-24,114.20111846923828,119.1190116312528,119.89867669033677,113.39146746574805,327776900,-6.80%
647,2024-07-25,112.23196411132812,112.99164110995024,116.5801016063377,106.25452669437287,460067000,-1.72%
648,2024-07-26,113.01162719726562,116.14029297278634,116.15028320368103,111.53226465502331,293399100,0.69%
649,2024-07-29,111.54224395751953,113.6413514115726,116.23023941991447,111.25237476736449,248152100,-1.30%
650,2024-07-30,103.68562316894531,111.47228355856528,111.94208369239041,102.49612986212257,486833300,-7.04%
651,2024-07-31,116.96993255615234,112.85170007611703,118.28936752202985,110.8325600121022,473174200,12.81%
652,2024-08-01,109.16327667236328,117.47971689042026,120.10859659996095,106.76430191931924,523462300,-6.67%
653,2024-08-02,107.2240982055664,103.71560554704351,108.67348235860572,101.32662878479363,482027500,-1.78%
654,2024-08-05,100.40702056884766,92.020610744235,103.36576087778293,90.65120176374947,552842400,-6.36%
655,2024-08-06,104.20540618896484,103.79557790935745,107.66392522983698,100.50699194542041,409012100,3.78%
656,2024-08-07,98.86769104003906,107.76387761608842,108.75345959568735,98.64778393346153,411440400,-5.12%
657,2024-08-08,104.92509460449219,101.95636396303468,105.45486664804078,97.4782771707294,391910000,6.13%
658,2024-08-09,104.70519256591797,105.59481125304626,106.55439969221393,103.38575750879603,290844200,-0.21%
659,2024-08-12,108.97335052490234,106.27450881772207,111.02247644689008,106.21453693013632,325559900,4.08%
660,2024-08-13,116.0903091430664,112.3918952304853,116.18027460234957,111.53226256952769,312646700,6.53%
661,2024-08-14,118.02948760986328,118.47929205094907,118.5492618001431,114.02120093884069,339246400,1.67%
662,2024-08-15,122.80743408203125,118.70918982152592,123.18726875091167,117.4197408420992,318086700,4.05%
663,2024-08-16,124.52670288085938,121.88783295977665,124.94652136236562,121.12815597457694,302589900,1.40%
664,2024-08-19,129.94439697265625,124.22684228567836,129.94439697265625,123.36720951099952,318333600,4.35%
665,2024-08-20,127.19556427001953,128.345066215563,129.82444407435935,125.83614544847738,300087400,-2.12%
666,2024-08-21,128.4450225830078,127.26552712895132,129.29466502006431,126.60581346882094,257883600,0.98%
667,2024-08-22,123.68706512451172,129.96438511048203,130.6940685649148,123.04733950988674,376189100,-3.70%
668,2024-08-23,129.31463623046875,125.80614369005178,129.54454879248973,125.16641816339359,323230300,4.55%
669,2024-08-26,126.40589904785156,129.5145768150302,131.20384101513017,124.3167968178151,331964700,-2.25%
670,2024-08-27,128.2451171875,124.99650751528328,129.14472607274774,123.8270022374259,303134600,1.46%
671,2024-08-28,125.55626678466797,128.06518755846798,128.27510443502842,122.58753608006307,448101100,-2.10%
672,2024-08-29,117.53968811035156,121.30807947152184,124.37676573622443,116.66006734390899,453023300,-6.38%
673,2024-08-30,119.31893157958984,119.47885915972935,121.69791057687668,117.169849908653,333751600,1.51%
674,2024-09-03,107.95379638671875,115.96037175405029,116.16028314135124,107.24410104783063,477155100,-9.53%
675,2024-09-04,106.16455841064453,105.36490525672457,113.22153543398687,104.07545625261184,372470300,-1.66%
676,2024-09-05,107.16413116455078,104.94507973247826,109.6030896936583,104.715182404582,306850700,0.94%
677,2024-09-06,102.7860107421875,107.99378096807179,108.10373451971928,100.90681013303441,413638100,-4.09%
678,2024-09-09,106.42445373535156,104.83512996607128,106.50442134190934,103.64564422957986,273912000,3.54%
679,2024-09-10,108.05374908447266,107.76387224263199,109.35319594429214,104.90509525193343,268283700,1.53%
680,2024-09-11,116.8599853515625,109.34319840779227,117.13986433729632,107.37404002456883,441422400,8.15%
681,2024-09-12,119.0992202758789,116.80000446674823,120.74865704096976,115.34050510922769,366052700,1.92%
682,2024-09-13,119.0592269897461,119.03923719212747,119.91893319621943,117.5597404845181,238358300,-0.03%
683,2024-09-16,116.74002075195312,116.75001946408975,118.13954300655384,114.32085103611607,248772300,-1.95%
684,2024-09-17,115.55043029785156,118.12954900355818,118.75933823796504,114.79069593440207,231925900,-1.02%
685,2024-09-18,113.33119201660156,115.85032597194726,117.65970390167261,113.18124184177299,310318900,-1.92%
686,2024-09-19,117.82965087890625,117.30982462581498,119.6190390017094,117.20986038538442,293506400,3.97%
687,2024-09-20,115.96028900146484,117.01992368452845,118.57939482627764,115.35049721640073,382462400,-1.59%
688,2024-09-23,116.22020721435547,116.51010886475667,116.94995306986277,114.82068489843978,206228500,0.22%
689,2024-09-24,120.82862091064453,116.4801041033547,121.75830281490052,115.34049501127092,354966800,3.97%
690,2024-09-25,123.46772003173828,121.9782246233193,124.8972307941946,121.56836894761845,284692900,2.18%
691,2024-09-26,123.9975357055664,126.75659295249227,127.62629022604027,121.75830470715397,302582900,0.43%
692,2024-09-27,121.35844421386719,123.9275641535197,123.9875411739155,119.21917738287792,271009200,-2.13%
693,2024-09-30,121.39842987060547,118.26949648274505,121.45840689022769,118.10955522149155,226553700,0.03%
694,2024-10-01,116.9599380493164,121.72830139861978,122.39807778038482,115.75035328043049,302094500,-3.66%
695,2024-10-02,118.80931854248047,116.40014740227824,119.33913591399957,115.1005893150636,221845900,1.58%
696,2024-10-03,122.80794525146484,120.87860561160097,124.31743049345978,120.2988023230489,277118000,3.37%
697,2024-10-04,124.87724304199219,124.89724046778949,124.99720471642613,121.78830428645546,243678100,1.68%
698,2024-10-07,127.67628479003906,124.94721586781675,130.5952834922112,124.90722864393703,346250200,2.24%
699,2024-10-08,132.84449768066406,130.2153933149511,133.43429200303964,129.3756845929013,285722500,4.05%
700,2024-10-09,132.60458374023438,134.06409064908044,134.473953954377,131.33502948270424,246191600,-0.18%
701,2024-10-10,134.76385498046875,131.86485368985453,134.9537923881041,130.95516150253064,242311300,1.63%
702,2024-10-11,134.7538604736328,133.9641223517835,135.73352074472976,133.61425131031754,170209500,-0.01%
703,2024-10-14,138.0227508544922,136.42329237635488,139.5522259694365,136.25335239175735,232347700,2.43%
704,2024-10-15,131.55496215820312,137.82280508502743,138.52257769243778,128.6959404665834,377831000,-4.69%
705,2024-10-16,135.6735382080078,133.9341283963689,136.57322399642072,131.53495612489098,264879700,3.13%
706,2024-10-17,136.88311767578125,139.29229632563835,140.8417687676179,136.82314065604464,306435900,0.89%
707,2024-10-18,137.9527587890625,138.62252759913224,138.85244459278235,137.23300404466042,176090200,0.78%
708,2024-10-21,143.6608123779297,138.0827206747143,143.6608123779297,137.95276029474488,264554500,4.14%
709,2024-10-22,143.5408477783203,142.86108785315807,144.37056551302095,141.73146975294682,226311600,-0.08%
710,2024-10-23,139.51222229003906,141.9813779606296,142.38123492807873,137.41295033058282,285930000,-2.81%
711,2024-10-24,140.3619384765625,140.7718017861216,141.30161913611144,138.41260905173522,172354900,0.61%
712,2024-10-25,141.49154663085938,140.8817548130095,144.08067171203157,140.75180968215267,205122100,0.80%
713,2024-10-28,140.47190856933594,142.95105547012693,143.09100694226274,140.00206821568727,173586700,-0.72%
714,2024-10-29,141.20164489746094,140.2419668294209,142.21129364579818,138.8524432880062,157593600,0.52%
715,2024-10-30,139.29229736328125,139.49222584841445,140.28196395700422,136.76316465511044,179418100,-1.35%
716,2024-10-31,132.71456909179688,137.55292462080052,137.5629157078968,132.06479759847417,270039600,-4.72%
717,2024-11-01,135.35365295410156,134.65389558133728,137.26300291330367,134.52395044654537,207127800,1.99%
718,2024-11-04,136.00343322753906,137.16303982117785,138.91244079735898,135.52360180221356,187528200,0.48%
719,2024-11-05,139.8621063232422,137.40294177771256,140.3219403030432,137.28298774012364,160537400,2.84%
720,2024-11-06,145.56016540527344,142.9110784725191,146.43986910531262,141.91142072377156,242043900,4.07%
721,2024-11-07,148.82904052734375,146.3398874087156,148.8790112085744,146.1199614984642,207323300,2.25%
722,2024-11-08,147.57945251464844,148.71906153874144,149.71871911263233,146.2099112659944,175665800,-0.84%
723,2024-11-11,145.21026611328125,148.62909347800425,148.79904870323992,143.52085748188875,182325600,-1.61%
724,2024-11-12,148.2392120361328,146.7297346202135,149.59874692031187,145.95999403229789,198634700,2.09%
725,2024-11-13,146.21994018554688,149.01898487542564,149.27889039349282,145.85005645366056,191903300,-1.36%
726,2024-11-14,146.7097625732422,147.58946625444327,148.94900137376933,145.50018526515709,194463300,0.33%
727,2024-11-15,141.93138122558594,144.8203910682193,145.1902747512061,140.03203789439084,250132900,-3.26%
728,2024-11-18,140.1020050048828,139.45223367342163,141.50153478170088,137.10303223771245,221205300,-1.29%
729,2024-11-19,146.9596710205078,141.27163159656618,147.0796403153284,140.94174272954967,227834900,4.89%
730,2024-11-20,145.84005737304688,147.35954130772643,147.50948385732136,142.68113546401185,309871700,-0.76%
731,2024-11-21,146.6197967529297,149.29888738883682,152.83766902515802,140.65183891204953,400946600,0.53%
732,2024-11-22,141.9014129638672,145.880046493066,147.10963649428794,141.05171303807552,236406200,-3.22%
733,2024-11-25,135.9734344482422,141.9413916908634,142.00136870780395,135.7735059739188,344941900,-4.18%
734,2024-11-26,136.87313842773438,137.6528702588759,139.25232877348597,135.6235662299349,190287700,0.66%
735,2024-11-27,135.2936553955078,134.96376655836661,137.17301655731904,131.7548742168772,226370900,-1.15%
736,2024-11-29,138.2026824951172,136.7331843976686,139.30231211006736,136.0034385187834,141863200,2.15%
737,2024-12-02,138.58255004882812,138.7824785355422,140.40191910756175,137.77282976281836,171682800,0.27%
738,2024-12-03,140.2119903564453,138.21267485883047,140.49189330582607,137.90278339727084,164414000,1.18%
739,2024-12-04,145.09031677246094,141.95139223046513,145.7400881706811,140.24197086598,231224300,3.48%
740,2024-12-05,145.0203399658203,145.07032934736787,146.49993108099994,143.9106428157812,172621200,-0.05%
741,2024-12-06,142.40106201171875,144.5604751692698,145.66016529709515,141.27136605108353,188505600,-1.81%
742,2024-12-09,138.77203369140625,138.93199359328304,139.91172129670065,137.0925004855475,189308600,-2.55%
743,2024-12-10,135.03306579589844,138.97197539548316,141.7812196768295,133.7534018405272,210020900,-2.69%
744,2024-12-11,139.2718963623047,137.32243273699547,140.13166176303284,135.173026862483,184905200,3.14%
745,2024-12-12,137.3024444580078,137.04252103958567,138.40214979482639,135.76287224107875,159211400,-1.41%
746,2024-12-13,134.21328735351562,138.9020072444441,139.56183041879834,132.50374826625531,231514900,-2.25%
747,2024-12-16,131.96389770507812,134.1432941479919,134.3632351978696,130.38432800805435,237951100,-1.68%
748,2024-12-17,130.35433959960938,129.0546920799943,131.5540083659402,126.82530622422306,259410300,-1.22%
749,2024-12-18,128.874755859375,133.82339933223892,136.6626191312432,128.2449232385065,277444500,-1.14%
750,2024-12-19,130.6442413330078,131.72394769790225,133.99333094415113,129.51456085077075,209719200,1.37%
751,2024-12-20,134.6631622314453,129.7745000485284,135.24300545668208,128.1849385069714,306528600,3.08%
752,2024-12-23,139.6317901611328,136.2427181368804,139.75175245255647,135.08303180440205,176053500,3.69%
753,2024-12-24,140.18165588378906,139.9617148258363,141.86118913948326,138.61207790245493,105157000,0.39%
754,2024-12-26,139.89173889160156,139.66180603983884,140.8115008078877,137.69234337416663,116205600,-0.21%
755,2024-12-27,136.97251892089844,138.51210623580144,138.98197889967045,134.6731602308685,170582600,-2.09%
756,2024-12-30,137.452392578125,134.79311660884966,140.2316308377207,133.98334063995796,167734700,0.35%
757,2024-12-31,134.25328063964844,137.99226367763055,138.0322612848829,133.79341493856927,155659200,-2.33%
758,2025-01-02,138.27218627929688,135.96282022937498,138.8420377745335,134.59319964236553,198247200,2.99%
759,2025-01-03,144.4304962158203,139.9717090810043,144.86037131104774,139.69178686675932,229322500,4.45%
760,2025-01-06,149.38912963867188,148.54936300568127,152.11839407781596,147.77958455274808,265377400,3.43%
761,2025-01-07,140.10166931152344,152.98814312185272,153.08812187242287,139.97169998670535,351782200,-6.22%
762,2025-01-08,140.07168579101562,142.54101155921632,143.91063203422854,137.5223800692543,227349900,-0.02%
763,2025-01-10,135.8728485107422,137.41242079266553,139.88174676307978,134.18330808313058,207602500,-3.00%
764,2025-01-13,133.19357299804688,129.95446851982027,133.4535116815908,129.4745887600242,204808900,-1.97%
765,2025-01-14,131.7239532470703,136.01278831507346,136.3426998783518,130.01442953826418,195590500,-1.10%
766,2025-01-15,136.2027587890625,133.61345527658474,136.4126928345012,131.25409986764885,185217300,3.40%
767,2025-01-16,133.53347778320312,138.60208327625168,138.7120538029648,133.4534978315376,209235600,-1.96%
768,2025-01-17,137.67234802246094,136.65262268416788,138.46212527408701,135.4229633158422,201188800,3.10%
769,2025-01-21,140.79148864746094,139.12194717769367,141.7912151745994,137.05250594430132,197749000,2.27%
770,2025-01-22,147.02980041503906,144.62045561465226,147.74958954273308,143.6307207753195,237651400,4.43%
771,2025-01-23,147.17974853515625,145.01034368405638,147.1897403093082,143.6807055002306,155915500,0.10%
772,2025-01-24,142.5810089111328,148.32943710709068,148.92927919460303,141.8412209584346,234657600,-3.12%
773,2025-01-27,118.38761901855469,124.7658794397831,128.3648859520762,116.668088091544,818830900,-16.97%
774,2025-01-28,128.95472717285156,121.77668294561497,128.96471894622445,116.21820602712087,579666400,8.93%
775,2025-01-29,123.66616821289062,126.46540553655986,126.85529827150769,120.01717249490751,467120600,-4.10%
776,2025-01-30,124.61592102050781,123.06634175444341,124.96582380169083,118.06770880237578,392925500,0.77%
777,2025-01-31,120.03717041015625,123.74615511454752,127.81504199868698,119.15741376372098,388161100,-3.67%
778,2025-02-03,116.62810516357422,114.71862375628316,118.53757894355685,112.97910166242248,371235700,-2.84%
779,2025-02-04,118.6175537109375,116.92801344303115,121.16685177317855,116.66808241089754,256550000,1.71%
780,2025-02-05,124.79586791992188,121.72670769553925,124.96581960402936,120.72698113870702,262230800,5.21%
781,2025-02-06,128.6448211669922,127.38517104864236,128.7348081612174,125.1757760130246,251483600,3.08%
782,2025-02-07,129.8044891357422,129.184663567943,130.3343429768511,124.96581638636985,228186300,0.90%
783,2025-02-10,133.53347778320312,130.05441853152416,134.96307937585763,129.92446445785666,216989100,2.87%
784,2025-02-11,132.76370239257812,132.54376130884148,134.4432358451655,130.9841901729766,178902400,-0.58%
785,2025-02-12,131.10414123535156,129.98445236307722,132.203846559633,129.04470695043977,160278600,-1.25%
786,2025-02-13,135.25299072265625,131.52401516963508,136.46266649297655,131.13412244698262,197430000,3.16%
787,2025-02-14,138.81202697753906,136.44266486168982,139.21191146517995,135.46293718873886,195479600,2.63%
788,2025-02-18,139.36187744140625,141.23137649622348,143.40078131766987,137.89227816645598,219176600,0.40%
789,2025-02-19,139.19192504882812,139.47184726600554,141.32134750878612,137.18248014952957,167536000,-0.12%
790,2025-02-20,140.07168579101562,139.991705837455,140.62153843760984,136.7525863640224,143903600,0.63%
791,2025-02-21,134.3932342529297,140.0017008694862,141.42132600995674,133.99334973043614,228217600,-4.05%
792,2025-02-24,130.244384765625,136.52266681200447,138.55211066034528,130.04444248958205,251381100,-3.09%
793,2025-02-25,126.59536743164062,129.94444977330787,130.16439082972744,124.4059715229826,271428700,-2.80%
794,2025-02-26,131.24411010742188,129.95446947322534,133.69343728770713,128.4548795357506,322553800,3.67%
795,2025-02-27,120.11714172363281,134.9630788743497,134.97307064778977,119.9771806223922,443175800,-8.48%
796,2025-02-28,124.8858413696289,117.98772650698133,125.05579305607802,116.36817434407594,389091100,3.97%
797,2025-03-03,114.02880859375,123.47622912906817,123.66617198823369,112.2492965435478,411381400,-8.69%
798,2025-03-04,115.95828247070312,110.6197462594264,119.27737437091366,110.07989299750376,398163300,1.69%
799,2025-03-05,117.2679214477539,117.54784364725772,118.24764914601728,114.4786835987416,284337900,1.13%
800,2025-03-06,110.53976440429688,113.49895407905146,115.31845609620828,110.18986163701831,321181900,-5.74%
801,2025-03-07,112.65918731689453,111.21957864470976,113.44897220636766,107.5305852358904,341755500,1.92%
802,2025-03-10,106.95074462890625,109.8699441866197,111.81940781621753,105.43115607331026,366487400,-5.07%
803,2025-03-11,108.73025512695312,106.960734969355,112.20929903890595,104.74134094243277,354865700,1.66%
804,2025-03-12,115.71900177001953,114.09930053195751,116.73882100614277,112.85951998498375,323857500,6.43%
805,2025-03-13,115.55902862548828,117.00876245655117,117.73863334670654,113.76935252443205,299033100,-0.14%
806,2025-03-14,121.64791870117188,118.58847644066721,121.85787967708788,118.12856083227834,277593500,5.27%
807,2025-03-17,119.50830841064453,122.71772499646224,122.86769930249316,118.00858060635532,255501500,-1.76%
808,2025-03-18,115.40904998779297,117.97858323274161,118.99839474842913,114.51921213127834,299686900,-3.43%
809,2025-03-19,117.49867248535156,117.24871784817985,120.42814113812437,115.65901001721268,273426200,1.81%
810,2025-03-20,118.50848388671875,116.5288475567653,120.17817892707569,116.44886024718888,248829700,0.86%
811,2025-03-21,117.67863464355469,116.91877807414131,117.96858292451893,115.39904967929496,266498500,-0.70%
812,2025-03-24,121.38796997070312,119.85824123014483,122.19782052957932,119.31833831489072,228452500,3.15%
813,2025-03-25,120.66809844970703,120.52812446850508,121.26798803028822,118.89841541478116,167447200,-0.59%
814,2025-03-26,113.7393569946289,118.70845626054094,118.81842927999459,112.68954449720724,293463300,-5.74%
815,2025-03-27,111.40978240966797,111.32979509417153,114.42923110356094,110.63992547504299,236902100,-2.05%
816,2025-03-28,109.65010070800781,111.46977019973694,112.84952470784617,109.05021109179135,229872500,-1.58%
817,2025-03-31,108.3603286743164,105.11091847763528,110.93986229194257,103.63119133667838,299212700,-1.18%
818,2025-04-01,110.1300048828125,108.50029591126088,110.17999122900144,106.45067264528599,222614000,1.63%
819,2025-04-02,110.39995574951172,107.2705266243207,111.95967777974947,106.77061737970816,220601200,0.25%
820,2025-04-03,101.78152465820312,103.49121334940355,105.61082365222038,101.58155638472346,338769400,-7.81%
821,2025-04-04,94.29288482666016,98.89205625014841,100.11182847125419,92.09328707213024,532273800,-7.36%
822,2025-04-07,97.62227630615234,87.444123819458,101.73153089146867,86.60427995314998,611041300,3.53%
823,2025-04-08,96.28252410888672,103.79115551332612,105.83078615825814,94.44285411172834,476243400,-1.37%
824,2025-04-09,114.30924987792969,98.87204993981901,115.07910675948129,97.51229618216108,612918300,18.72%
825,2025-04-10,107.55047607421875,109.35015243101728,110.83987986480561,99.13200610877084,437812400,-5.91%
826,2025-04-11,110.90986633300781,108.4803070767672,111.52975654810143,107.46049556472005,313417300,3.12%
827,2025-04-14,110.68990325927734,114.08928762467488,114.26925525660798,109.05020155855789,264705000,-0.20%
828,2025-04-15,112.17963409423828,110.94986159507806,113.59938217981927,110.4799456735416,228966900,1.35%
829,2025-04-16,104.47103881835938,104.53103311878802,106.77062454919468,100.4317709352981,397016900,-6.87%
830,2025-04-17,101.47157287597656,104.43103458781992,104.45103522860795,100.0318394876262,292517500,-2.87%
831,2025-04-21,96.89241790771484,98.75207336541831,99.42195758129023,95.02275450080649,288501100,-4.51%
832,2025-04-22,98.8720474243164,98.76206678289148,99.7918785816798,97.26233908492571,241004800,2.04%
833,2025-04-23,102.69136047363281,104.5010295750129,104.78098517141211,102.00148324580945,247526000,3.86%
834,2025-04-24,106.41068267822266,103.46122117055545,106.52066332286202,103.09128558149489,220815000,3.62%
835,2025-04-25,110.98986053466797,106.83061166162848,111.89969145813895,105.71081975581805,251064700,4.30%
836,2025-04-28,108.71027374267578,109.67009863041305,110.34997554606154,106.00075877336346,207708500,-2.05%
837,2025-04-29,109.00021362304688,107.65046012276234,110.1799998026459,107.42050613077843,170444300,0.27%
838,2025-04-30,108.90023040771484,104.45104108413872,108.90023040771484,104.06111247501677,235044600,-0.09%
839,2025-05-01,111.5897445678711,113.05947899879722,114.9191420385801,111.27980327057723,236121500,2.47%
840,2025-05-02,114.4792251586914,114.15928352450368,115.37906338859757,113.34943293159324,190194800,2.59%
841,2025-05-05,113.79934692382812,112.88951601094917,114.64919116473993,112.63956137373921,133163200,-0.59%
842,2025-05-06,113.51940155029297,111.45977773347964,114.71918078517231,110.79989381468877,158525600,-0.25%
843,2025-05-07,117.03875732421875,113.02949042053457,117.65864757290291,112.25962586336117,206758800,3.10%
844,2025-05-08,117.34870910644531,118.22854670795566,118.658469001105,115.82898059800607,198428100,0.26%
845,2025-05-09,116.62882995605469,117.32869985728382,118.20854502226882,115.18908887008638,132972200,-0.61%
846,2025-05-12,122.9776840209961,121.94787211512306,122.9776840209961,120.25817629208265,225023300,5.44%
847,2025-05-13,129.9064178466797,124.95732666651305,131.19619232916256,124.44741706637032,330430100,5.63%
848,2025-05-14,135.3154296875,133.17581874633882,135.4154176381041,131.65609038206884,281180800,4.16%
849,2025-05-15,134.80552673339844,134.2656162138544,136.2752611112406,132.6359224746836,226632600,-0.38%
850,2025-05-16,135.37542724609375,136.19528579014883,136.32526708518697,133.43579205010155,226542500,0.42%
851,2025-05-19,135.54539489746094,132.36596428610483,135.84532822832756,132.36596428610483,193154600,0.13%
852,2025-05-20,134.35560607910156,134.26561082544316,134.55556671475182,132.59591587093482,161514200,-0.88%
853,2025-05-21,131.7760772705078,133.0358430493297,137.3750515435132,130.56629021032253,270608700,-1.92%
854,2025-05-22,132.80589294433594,132.20599574301846,134.22563338103308,131.52612648714359,187344000,0.78%
855,2025-05-23,131.26617431640625,129.97641506418768,132.65592152877483,129.13657112060253,198821300,-1.16%
856,2025-05-27,135.47540283203125,134.1256417936587,135.63537744884945,133.2857979393918,192953600,3.21%
857,2025-05-28,134.78553771972656,136.00531758419635,137.22509744866613,134.76553707682788,304021100,-0.51%
858,2025-05-29,139.1647491455078,142.22419152756274,143.46397204605128,137.88498259688382,369241900,3.25%
859,2025-05-30,135.10548400878906,138.6948289010735,139.59465948344436,132.8958783257386,333170900,-2.92%
860,2025-06-02,137.35507202148438,135.46541564458173,138.09492795630163,135.37542038395227,197663100,1.67%
861,2025-06-03,141.19436645507812,138.75480693174418,141.97422364617418,137.9249557656252,225578800,2.80%
862,2025-06-04,141.8942413330078,142.1641966028205,142.36415725393297,139.5146683935161,167120800,0.50%
863,2025-06-05,139.964599609375,142.14419665233672,143.97386636815438,138.80480646885346,231397900,-1.36%
864,2025-06-06,141.69427490234375,142.4841247816278,143.24399658328852,141.4843063108272,153986200,1.24%
865,2025-06-09,142.6041259765625,143.16402192873528,144.97369107987248,141.91424872977086,185114500,0.64%
866,2025-06-10,143.9338836669922,142.66410985007164,144.26381035974757,141.50431668274294,155881900,0.93%
867,2025-06-11,142.81399536132812,144.59379466225064,144.97375695921582,141.85409623212945,167694000,-0.78%
868,2025-06-12,144.98374938964844,141.9540901919345,144.98374938964844,141.83410852298076,162365000,1.52%
869,2025-06-13,141.95408630371094,142.4640236398758,143.5639064320885,140.83421673860605,180820600,-2.09%
870,2025-06-16,144.6737823486328,143.33393622751285,146.16360555156524,143.18394388862185,183133700,1.92%
871,2025-06-17,144.1038360595703,144.4738049491523,145.20371882793046,143.7638778428329,139108000,-0.39%
872,2025-06-18,145.46368408203125,143.9938476821936,145.63366319028128,143.10394808189747,161494100,0.94%
873,2025-06-20,143.83387756347656,145.43368901636921,146.1836049259659,142.63399990245927,242956200,-1.12%
874,2025-06-23,144.15383911132812,142.48402812138661,144.76377135076248,142.01407957999888,154308900,0.22%
875,2025-06-24,147.88340759277344,145.54367367470394,147.94341367999496,145.4836828445603,187566100,2.59%
876,2025-06-25,154.29270935058594,149.25328072295656,154.43269305532343,149.24327207878133,269146500,4.33%
877,2025-06-26,155.00262451171875,155.9625083392563,156.70243086817015,153.98273459501658,198145700,0.46%
878,2025-06-27,157.73231506347656,156.02250005395288,158.69221415352254,155.24258871826237,263234500,1.76%
879,2025-06-30,157.97230529785156,158.38224776867892,158.6422284044636,155.94253394670602,194580300,0.15%
880,2025-07-01,153.2828369140625,156.27249233706732,157.18239409932116,151.47304203431221,213143600,-2.97%
881,2025-07-02,157.2323760986328,152.962850389823,157.58234297497486,152.95285700312823,171224100,2.58%
882,2025-07-03,159.3221435546875,158.35225101493015,160.96195919540767,157.7523273944205,143716100,1.33%
883,2025-07-07,158.22227478027344,158.18227071828886,159.29214695363126,157.3223664705724,140139000,-0.69%
884,2025-07-08,159.98207092285156,159.31214783171163,160.20204749093682,158.3722507239072,138133000,1.11%
885,2025-07-09,162.86175537109375,161.20193770023792,164.40157611225678,161.14194686393122,183656400,1.80%
886,2025-07-10,164.0816192626953,164.30159583301895,164.48156834124046,161.5918927660757,167704100,0.75%
887,2025-07-11,164.90151977539062,163.70165728031435,167.87118822352508,163.4516852914618,193633300,0.50%
888,2025-07-14,164.05162048339844,165.35146259057728,165.4714595173457,162.00184716942397,136975800,-0.52%
889,2025-07-15,170.6808624267578,171.17081299302788,172.38066881478494,169.18103056842588,230627400,4.04%
890,2025-07-16,171.35079956054688,171.04083672550954,171.73076187811773,168.88107501049606,158831500,0.39%
891,2025-07-17,172.98062133789062,172.00073538495315,174.1404950617398,170.81086624213197,160841100,0.95%
892,2025-07-18,172.39068603515625,173.62054394819432,174.23047621121117,171.24080573231237,146456400,-0.34%
893,2025-07-21,171.36080932617188,172.73065099594356,173.36058531454748,170.9808470061149,123126100,-0.60%
894,2025-07-22,167.01129150390625,171.32080634495316,171.37080379639445,164.5615689540832,193114300,-2.54%
895,2025-07-23,170.7608642578125,169.511004310231,171.24080620570157,167.95118153678195,154082200,2.25%
896,2025-07-24,173.7205352783203,172.42067791171223,173.81052153075,171.28080627636527,128984600,1.73%
897,2025-07-25,173.48056030273438,173.59054858813744,174.70042482917586,172.9406275198062,122316800,-0.14%
898,2025-07-28,176.73019409179688,174.00050427681666,176.98016607778243,173.9505068282037,140023500,1.87%
899,2025-07-29,175.49032592773438,177.94006357342778,179.35990260986108,175.00039060425894,154077500,-0.70%
900,2025-07-30,179.2499237060547,176.49022309733303,179.869849375745,176.0202745228646,174312200,2.14%
901,2025-07-31,177.85006713867188,182.87950237318685,183.2794667127293,175.9102820488597,221685400,-0.78%
902,2025-08-01,173.70053100585938,174.07048465468185,176.52020701181988,170.8708463561498,204529000,-2.33%
903,2025-08-04,179.97982788085938,175.14037394842856,180.17980241597786,174.500446281802,148174600,3.62%
904,2025-08-05,178.24002075195312,179.59986897635343,180.23979665506658,175.8802845759961,156407600,-0.97%
905,2025-08-06,179.39988708496094,176.31023710297544,179.87982901005608,176.23024423927978,137192300,0.65%
906,2025-08-07,180.74974060058594,181.54965397485878,183.85939259097617,178.77996020998395,151878400,0.75%
907,2025-08-08,182.6795196533203,181.52965464990967,183.27945850723472,180.3797743894202,123396700,1.07%
908,2025-08-11,182.0395965576172,182.02960317073044,183.8193958765311,180.22980182096376,138323200,-0.35%
909,2025-08-12,183.1394805908203,182.9395060522284,184.4593247511904,179.43989822709233,145485700,0.60%
910,2025-08-13,181.56964111328125,182.59952443546638,183.9493792108361,179.32990196930365,179871700,-0.86%
911,2025-08-14,181.99960327148438,179.7298534235828,182.99949119039164,179.43989264021437,129554000,0.24%
912,2025-08-15,180.42977905273438,181.85962676701382,181.87961354108583,178.02004541114613,156602200,-0.86%
913,2025-08-18,181.98959350585938,180.57976314427117,182.91949719839158,180.56975450061333,132008000,0.86%
914,2025-08-19,175.6203155517578,182.4095478886331,182.47954736718557,175.47033846497254,185229200,-3.50%
915,2025-08-20,175.38034057617188,175.1503706193276,175.9802794498554,168.7810892510499,215142700,-0.14%
916,2025-08-21,174.96038818359375,174.83041312567687,176.88017120538285,173.79052111986658,140040900,-0.24%
917,2025-08-22,177.97006225585938,172.59066018618677,178.56998587344157,171.18081451068767,172789400,1.72%
918,2025-08-25,179.78985595703125,178.33002804439553,181.88962682620624,176.5502286534902,163012800,1.02%
919,2025-08-26,181.7496337890625,180.0398187111229,182.36955942503778,178.78995879531527,168688200,1.09%
920,2025-08-27,181.57965087890625,181.95959791056248,182.46955051009175,179.07993109949993,235518900,-0.09%
921,2025-08-28,180.14981079101562,180.79974711518173,184.44933204343067,176.39023757757423,281787800,-0.79%
922,2025-08-29,174.1604766845703,178.09004428153852,178.130033086625,173.13059331145078,243257900,-3.32%
923,2025-09-02,170.7608642578125,169.980952871088,172.36069109354864,167.20126556823303,231164900,-1.95%
924,2025-09-03,170.60089111328125,171.0408442884315,172.3906992342715,168.86109570238054,164424900,-0.09%
925,2025-09-04,171.64077758789062,170.55090333056648,171.8407521362954,169.39102958990665,141670100,0.61%
926,2025-09-05,167.0012969970703,168.01117837826322,169.0110663720669,164.05163046676552,224441400,-2.70%
927,2025-09-08,168.2911376953125,167.53122834914853,170.940849905597,167.33125381142952,163769100,0.77%
928,2025-09-09,170.74085998535156,169.0710489481518,170.96083655380463,166.7213214317911,157548400,1.46%
929,2025-09-10,177.3101348876953,176.62020974984335,179.26990675759993,175.45034266016896,226852000,3.85%
930,2025-09-11,177.16014099121094,179.66999584989978,180.26996857097555,176.4701769393558,151159300,-0.08%
931,2025-09-12,177.8101043701172,177.76010410307373,178.59005971058946,176.44017029123495,124911000,0.37%
932,2025-09-15,177.74009704589844,175.66021109761542,178.84004186496986,174.50027206258352,147061600,-0.04%
933,2025-09-16,174.87026977539062,176.99014687805604,177.49011904437822,174.37029760906842,140737800,-1.61%
934,2025-09-17,170.280517578125,172.63039291663662,173.1903593144249,168.40063256525568,211843800,-2.62%
935,2025-09-18,176.23019409179688,173.9703101424577,177.09014682532762,172.95037791227023,191763300,3.49%
936,2025-09-19,176.66015625,175.7602124903078,178.07008136373162,175.17023376194967,237182100,0.24%
937,2025-09-22,183.5997772216797,175.29024236301854,184.53972732383275,174.70027887607205,269637000,3.93%
938,2025-09-23,178.42005920410156,181.9598706713119,182.409842567533,176.20019683221489,192559600,-2.82%
939,2025-09-24,176.96014404296875,179.75999113536878,179.76998508551358,175.39022416770254,143564100,-0.82%
940,2025-09-25,177.68011474609375,174.47028665549124,180.24996380236055,173.12037093203185,191586700,0.41%
941,2025-09-26,178.18008422851562,178.16008106951017,179.75999811527313,174.920255917913,148573700,0.28%
942,2025-09-29,181.8398895263672,180.4199550960203,183.98976381560166,180.30997586310093,193063500,2.05%
943,2025-09-30,186.56961059570312,182.06986121505474,187.3395719841704,181.4698885277926,236981000,2.60%
944,2025-10-01,187.22958374023438,185.22969505995906,188.12952754318238,183.88975804814035,173844900,0.35%
945,2025-10-02,188.87948608398438,189.5894532800495,191.0393695238543,188.04953044946197,136805800,0.88%
946,2025-10-03,187.6095428466797,189.1794627061203,190.34939569471342,185.36967740169,137596900,-0.67%
947,2025-10-06,185.5296630859375,185.48967202648717,187.21957143407985,183.31979467524326,157678100,-1.11%
948,2025-10-07,185.02969360351562,186.21962980709273,189.0494741147918,183.9897582054133,140088000,-0.27%
949,2025-10-08,189.09947204589844,186.55962017208088,189.58945025835604,186.52960780500513,130168900,2.20%
950,2025-10-09,192.5592803955078,192.21928773885006,195.28912405123697,191.04935474353755,182997200,1.83%
951,2025-10-10,183.14981079101562,193.49922565779727,195.6091088464203,182.0398719523004,268774400,-4.89%
952,2025-10-13,188.3095245361328,187.9595379156231,190.09941818271824,185.94965529464977,153482800,2.82%
953,2025-10-14,180.0199737548828,184.75971529942103,184.78971240822688,179.68999030007896,205641400,-4.40%
954,2025-10-15,179.8199920654297,184.7897166440438,184.85970481354866,177.2801249034248,214450500,-0.11%
955,2025-10-16,181.7998809814453,182.21985578014733,183.26980040587233,179.76000120804414,179723300,1.10%
956,2025-10-17,183.20980834960938,180.16996892604442,184.08976427610557,179.74000017155936,173135200,0.78%
957,2025-10-20,182.6298370361328,183.1198152646831,185.18969215276272,181.71988400794234,128544700,-0.32%
958,2025-10-21,181.14991760253906,182.77981647710283,182.77981647710283,179.78999271004406,124240200,-0.81%
959,2025-10-22,180.26995849609375,181.1299112106735,183.42978616900905,176.7501502622395,162249600,-0.49%
960,2025-10-23,182.1498565673828,180.40994799999942,183.01980322210497,179.7799782111653,111363700,1.04%
961,2025-10-24,186.24961853027344,183.8297551720498,187.45955783835475,183.48977777431884,131296700,2.25%
962,2025-10-27,191.47933959960938,189.979423148828,191.98930570001696,188.41949722334647,153452700,2.81%
963,2025-10-28,201.01881408691406,193.03926234185508,203.1386912540773,191.89932637827522,297986200,4.98%
964,2025-10-29,207.02847290039062,207.96842303697136,212.1781954922272,204.76860414707738,308829600,2.99%
965,2025-10-30,202.8787078857422,205.1385766163601,206.1485301715792,201.39879452489242,178864400,-2.00%
966,2025-10-31,202.47872924804688,206.43850017947892,207.95841980607935,202.05875446792163,179802200,-0.20%
967,2025-11-03,206.8684844970703,208.06841462190084,211.32822759164594,205.5485506791992,180267300,2.17%
968,2025-11-04,198.67893981933594,202.98869740675082,203.9586446199207,197.9189723693821,188919300,-3.96%
969,2025-11-05,195.1991424560547,198.75894188581304,202.90870481768462,194.63916080574026,171350300,-1.75%
970,2025-11-06,188.0695343017578,196.40906647995496,197.60899664277025,186.3696319662745,223029800,-3.65%
971,2025-11-07,188.1395263671875,184.8897071775586,188.3095303364016,178.90005019006267,264942300,0.04%
972,2025-11-10,199.03892517089844,195.09914200543773,199.9288750287355,193.7792081445882,198897100,5.79%
973,2025-11-11,193.1492462158203,195.14913483203398,195.40911485928362,191.28934919242405,176483300,-2.96%
974,2025-11-12,193.78921508789062,195.70910637927892,195.87909508520013,191.1193655455878,154935300,0.33%
975,2025-11-13,186.84959411621094,191.03936321053533,191.42934088057365,183.8397672401686,207423100,-3.58%
976,2025-11-14,190.15940856933594,182.8498180673128,190.99935813210442,180.56994624954729,186591900,1.77%
977,2025-11-17,186.58961486816406,185.95964506857126,188.98947511566342,184.30974305565786,173628900,-1.88%
978,2025-11-18,181.3498992919922,183.36979105504545,184.7897101334883,179.63998782140993,213598900,-2.81%
979,2025-11-19,186.50961303710938,184.7796984316032,187.8495347223247,182.8198161698128,247246400,2.85%
980,2025-11-20,180.62994384765625,195.9390891568929,195.9890894251709,179.83999453744622,343504800,-3.15%
981,2025-11-21,178.8700408935547,181.22991004695137,184.54971718190046,172.92036011460985,346926200,-0.97%
982,2025-11-24,182.5398406982422,179.48001348627363,183.4897847612219,176.47017128450955,256618300,2.05%
983,2025-11-25,177.8101043701172,174.90026276869568,178.15008177330986,169.54056066153746,320600300,-2.59%
984,2025-11-26,180.2499542236328,181.61988829154,182.8998157763143,178.2300777211247,183852000,1.37%
985,2025-11-28,176.99014282226562,179.0000253919654,179.28000857805475,176.49017066740046,121332800,-1.81%
986,2025-12-01,179.9099884033203,174.75027181562072,180.28997214473748,173.67033006996684,188131000,1.65%
987,2025-12-02,181.4499053955078,181.74987648908228,185.6496685428864,179.98997995570696,182632200,0.86%
988,2025-12-03,179.5800018310547,181.06992440272873,182.43984327721986,179.1000328161426,165138000,-1.03%
989,2025-12-04,183.3800048828125,181.6199951171875,184.52000427246094,179.9600067138672,167364900,2.12%
990,2025-12-05,182.41000366210938,183.88999938964844,184.66000366210938,180.91000366210938,143971100,-0.53%
991,2025-12-08,185.5500030517578,182.63999938964844,188.0,182.39999389648438,204378100,1.72%
992,2025-12-09,184.97000122070312,185.55999755859375,185.72000122070312,183.32000732421875,144719700,-0.31%
993,2025-12-10,183.77999877929688,184.97000122070312,185.47999572753906,182.0399932861328,162785400,-0.64%
994,2025-12-11,180.92999267578125,180.27999877929688,181.32000732421875,176.6199951171875,182136600,-1.55%
995,2025-12-12,175.02000427246094,181.11000061035156,182.82000732421875,174.6199951171875,204274900,-3.27%
996,2025-12-15,176.2899932861328,177.94000244140625,178.4199981689453,175.02999877929688,164775600,0.73%
997,2025-12-16,177.72000122070312,176.25999450683594,178.49000549316406,174.89999389648438,148588100,0.81%
998,2025-12-17,170.94000244140625,176.10000610351562,176.1300048828125,170.30999755859375,222775500,-3.81%
999,2025-12-18,174.13999938964844,174.52999877929688,176.14999389648438,171.82000732421875,176096000,1.87%
1000,2025-12-19,180.99000549316406,176.6699981689453,181.4499969482422,176.33999633789062,324925900,3.93%
1001,2025-12-22,183.69000244140625,183.9199981689453,184.16000366210938,182.35000610351562,129064400,1.49%
1002,2025-12-23,189.2100067138672,182.97000122070312,189.3300018310547,182.89999389648438,174873600,3.01%
1003,2025-12-24,188.61000061035156,187.94000244140625,188.91000366210938,186.58999633789062,65528500,-0.32%
1004,2025-12-26,190.52999877929688,189.9199981689453,192.69000244140625,188.0,139740300,1.02%
1005,2025-12-29,188.22000122070312,187.7100067138672,188.75999450683594,185.91000366210938,120006100,-1.21%
1006,2025-12-30,187.5399932861328,188.24000549316406,188.99000549316406,186.92999267578125,97687300,-0.36%
1007,2025-12-31,186.5,189.57000732421875,190.55999755859375,186.49000549316406,120100500,-0.55%
