,date,tsla,open,high,low,volume,tsla_cr
0,2021-12-27,364.64666748046875,357.8900146484375,372.3333435058594,356.90667724609375,71145900,nan%
1,2021-12-28,362.8233337402344,369.8299865722656,373.0,359.47332763671875,60324000,-0.50%
2,2021-12-29,362.0633239746094,366.21331787109375,368.0,354.71331787109375,56154000,-0.21%
3,2021-12-30,356.7799987792969,353.77667236328125,365.1833190917969,351.04998779296875,47040900,-1.46%
4,2021-12-31,352.260009765625,357.8133239746094,360.6666564941406,351.5299987792969,40733700,-1.27%
5,2022-01-03,399.9266662597656,382.5833435058594,400.3566589355469,378.67999267578125,103931400,13.53%
6,2022-01-04,383.1966552734375,396.51666259765625,402.6666564941406,374.3500061035156,100248300,-4.18%
7,2022-01-05,362.7066650390625,382.2166748046875,390.11334228515625,360.336669921875,80119800,-5.35%
8,2022-01-06,354.8999938964844,359.0,362.6666564941406,340.1666564941406,90336600,-2.15%
9,2022-01-07,342.32000732421875,360.1233215332031,360.30999755859375,336.6666564941406,84164700,-3.54%
10,2022-01-10,352.7066650390625,333.3333435058594,353.0333251953125,326.6666564941406,91815000,3.03%
11,2022-01-11,354.79998779296875,351.22332763671875,358.6166687011719,346.2733459472656,66063300,0.59%
12,2022-01-12,368.739990234375,359.6166687011719,371.61334228515625,357.5299987792969,83739000,3.93%
13,2022-01-13,343.85333251953125,369.69000244140625,371.8666687011719,342.17999267578125,97209900,-6.75%
14,2022-01-14,349.8699951171875,339.9599914550781,350.6666564941406,337.7933349609375,72924300,1.75%
15,2022-01-18,343.5033264160156,342.2033386230469,356.92999267578125,338.6866760253906,66743400,-1.82%
16,2022-01-19,331.8833312988281,347.2366638183594,351.5566711425781,331.6666564941406,75442500,-3.38%
17,2022-01-20,332.0899963378906,336.57666015625,347.2200012207031,331.3333435058594,70488600,0.06%
18,2022-01-21,314.6333312988281,332.11334228515625,334.8500061035156,313.5,103416000,-5.26%
19,2022-01-24,310.0,301.586669921875,311.1700134277344,283.8233337402344,151565700,-1.47%
20,2022-01-25,306.1333312988281,304.73333740234375,317.086669921875,301.07000732421875,86595900,-1.25%
21,2022-01-26,312.4700012207031,317.4766540527344,329.2300109863281,302.0,104867400,2.07%
22,2022-01-27,276.3666687011719,311.1199951171875,311.7966613769531,276.3333435058594,147109500,-11.55%
23,2022-01-28,282.1166687011719,277.1866760253906,285.8333435058594,264.0033264160156,134789100,2.08%
24,2022-01-31,312.239990234375,290.9033203125,312.663330078125,287.3500061035156,104436000,10.68%
25,2022-02-01,310.4166564941406,311.7366638183594,314.5666809082031,301.6666564941406,73138200,-0.58%
26,2022-02-02,301.88665771484375,309.3933410644531,310.5,296.4700012207031,66792900,-2.75%
27,2022-02-03,297.0466613769531,294.0,312.3333435058594,293.50665283203125,78855600,-1.60%
28,2022-02-04,307.7733459472656,299.0733337402344,312.1666564941406,293.72332763671875,73625400,3.61%
29,2022-02-07,302.4466552734375,307.92999267578125,315.92333984375,300.9033203125,60994500,-1.73%
30,2022-02-08,307.3333435058594,301.84332275390625,308.7633361816406,298.26666259765625,50729100,1.62%
31,2022-02-09,310.6666564941406,311.6666564941406,315.42333984375,306.6666564941406,52259400,1.08%
32,2022-02-10,301.51666259765625,302.7900085449219,314.60333251953125,298.8999938964844,66126900,-2.95%
33,2022-02-11,286.6666564941406,303.2099914550781,305.32000732421875,283.5666809082031,79645800,-4.93%
34,2022-02-14,291.9200134277344,287.19000244140625,299.6266784667969,284.3833312988281,67756500,1.83%
35,2022-02-15,307.4766540527344,300.0,307.6666564941406,297.7933349609375,57286200,5.33%
36,2022-02-16,307.7966613769531,304.6833190917969,308.80999755859375,300.4033203125,51294300,0.10%
37,2022-02-17,292.1166687011719,304.4200134277344,306.1666564941406,291.3666687011719,55178400,-5.09%
38,2022-02-18,285.6600036621094,295.3333435058594,295.6233215332031,279.2033386230469,68501700,-2.21%
39,2022-02-22,273.84332275390625,278.0433349609375,285.57666015625,267.0333251953125,83288100,-4.14%
40,2022-02-23,254.67999267578125,276.80999755859375,278.4333190917969,253.52000427246094,95256900,-7.00%
41,2022-02-24,266.92333984375,233.4633331298828,267.49334716796875,233.3333282470703,135322200,4.81%
42,2022-02-25,269.9566650390625,269.74334716796875,273.1666564941406,260.79998779296875,76067700,1.14%
43,2022-02-28,290.1433410644531,271.6700134277344,292.28668212890625,271.57000732421875,99006900,7.48%
44,2022-03-01,288.1233215332031,289.8933410644531,296.6266784667969,284.59332275390625,74766900,-0.70%
45,2022-03-02,293.2966613769531,290.7099914550781,295.49334716796875,281.42333984375,74643300,1.80%
46,2022-03-03,279.7633361816406,292.92333984375,295.4800109863281,277.5333251953125,61623600,-4.61%
47,2022-03-04,279.42999267578125,283.0333251953125,285.2166748046875,275.0533447265625,66999600,-0.12%
48,2022-03-07,268.1933288574219,285.4333190917969,288.71331787109375,268.19000244140625,72494100,-4.02%
49,2022-03-08,274.79998779296875,265.1766662597656,283.3299865722656,260.72332763671875,80399100,2.46%
50,2022-03-09,286.3233337402344,279.82666015625,286.85333251953125,277.336669921875,59184000,4.19%
51,2022-03-10,279.4333190917969,283.8166809082031,284.8166809082031,270.1199951171875,58648500,-2.41%
52,2022-03-11,265.1166687011719,280.0666809082031,281.26666259765625,264.5899963378906,67037100,-5.12%
53,2022-03-14,255.4566650390625,260.2033386230469,266.8999938964844,252.01333618164062,71152200,-3.64%
54,2022-03-15,267.2966613769531,258.42333984375,268.5233459472656,252.19000244140625,66841200,4.63%
55,2022-03-16,280.07666015625,269.6666564941406,280.6666564941406,267.4200134277344,84028800,4.78%
56,2022-03-17,290.5333251953125,276.9966735839844,291.6666564941406,275.239990234375,66582900,3.73%
57,2022-03-18,301.7966613769531,291.4966735839844,302.6166687011719,289.1300048828125,100414200,3.88%
58,2022-03-21,307.0533447265625,304.99334716796875,314.2833251953125,302.36334228515625,81981600,1.74%
59,2022-03-22,331.32666015625,310.0,332.6199951171875,307.25,105868500,7.91%
60,2022-03-23,333.03668212890625,326.64666748046875,346.8999938964844,325.4666748046875,120676200,0.52%
61,2022-03-24,337.97332763671875,336.57666015625,341.4966735839844,329.6000061035156,68920800,1.48%
62,2022-03-25,336.8800048828125,336.0,340.6000061035156,332.44000244140625,62031600,-0.32%
63,2022-03-28,363.9466552734375,355.0333251953125,365.9599914550781,351.20001220703125,102506100,8.03%
64,2022-03-29,366.5233459472656,369.3299865722656,371.5899963378906,357.7033386230469,73614900,0.71%
65,2022-03-30,364.663330078125,363.72332763671875,371.3166809082031,361.3333435058594,59865000,-0.51%
66,2022-03-31,359.20001220703125,364.8566589355469,367.71331787109375,358.8800048828125,48992700,-1.50%
67,2022-04-01,361.5299987792969,360.3833312988281,364.9166564941406,355.5466613769531,54263100,0.65%
68,2022-04-04,381.8166809082031,363.1266784667969,383.3033447265625,357.510009765625,82035900,5.61%
69,2022-04-05,363.7533264160156,378.76666259765625,384.2900085449219,362.4333190917969,80075100,-4.73%
70,2022-04-06,348.586669921875,357.8233337402344,359.6666564941406,342.5666809082031,89348400,-4.17%
71,2022-04-07,352.4200134277344,350.7966613769531,358.86334228515625,340.5133361816406,79447200,1.10%
72,2022-04-08,341.8299865722656,347.7366638183594,349.4800109863281,340.8133239746094,55013700,-3.00%
73,2022-04-11,325.30999755859375,326.79998779296875,336.15667724609375,324.8800048828125,59357100,-4.83%
74,2022-04-12,328.98333740234375,332.5466613769531,340.39666748046875,325.5333251953125,65976000,1.13%
75,2022-04-13,340.7900085449219,327.02667236328125,342.0799865722656,324.3666687011719,55121100,3.59%
76,2022-04-14,328.3333435058594,333.0966796875,337.57000732421875,327.39666748046875,58422300,-3.66%
77,2022-04-18,334.7633361816406,329.6766662597656,338.3066711425781,324.4700012207031,51715200,1.96%
78,2022-04-19,342.7166748046875,335.0199890136719,344.9800109863281,331.77667236328125,49847700,2.38%
79,2022-04-20,325.73333740234375,343.3333435058594,344.6666564941406,325.0833435058594,70711200,-4.96%
80,2022-04-21,336.260009765625,358.24334716796875,364.0733337402344,332.1400146484375,105416400,3.23%
81,2022-04-22,335.01666259765625,338.3033447265625,344.95001220703125,331.3333435058594,69696600,-0.37%
82,2022-04-25,332.67333984375,326.3233337402344,336.2066650390625,325.1000061035156,68341200,-0.70%
83,2022-04-26,292.1400146484375,331.80999755859375,333.3333435058594,291.6666564941406,136133700,-12.18%
84,2022-04-27,293.836669921875,299.52667236328125,306.0,292.4533386230469,76956300,0.58%
85,2022-04-28,292.5033264160156,299.99334716796875,300.0,273.8999938964844,124948500,-0.45%
86,2022-04-29,290.2533264160156,300.75,311.4666748046875,290.0,88133100,-0.77%
87,2022-05-02,300.9800109863281,286.92333984375,302.1199951171875,282.6766662597656,75781500,3.70%
88,2022-05-03,303.0833435058594,301.05999755859375,308.02667236328125,296.1966552734375,63709500,0.70%
89,2022-05-04,317.5400085449219,301.3133239746094,318.5,295.09332275390625,81643800,4.77%
90,2022-05-05,291.09332275390625,313.00665283203125,315.20001220703125,285.8999938964844,92519100,-8.33%
91,2022-05-06,288.54998779296875,295.6666564941406,296.0,281.03668212890625,72903000,-0.87%
92,2022-05-09,262.3699951171875,278.8166809082031,281.8766784667969,260.3833312988281,90810300,-9.07%
93,2022-05-10,266.67999267578125,273.10333251953125,275.1199951171875,258.0833435058594,84401700,1.64%
94,2022-05-11,244.6666717529297,265.0,269.92333984375,242.39999389648438,97224600,-8.25%
95,2022-05-12,242.6666717529297,233.6666717529297,253.22000122070312,226.6666717529297,140313000,-0.82%
96,2022-05-13,256.5299987792969,257.82666015625,262.45001220703125,250.52333068847656,92150700,5.71%
97,2022-05-16,241.4566650390625,255.72000122070312,256.586669921875,239.69667053222656,86098500,-5.88%
98,2022-05-17,253.8699951171875,249.1199951171875,254.82666015625,242.9499969482422,80236200,5.14%
99,2022-05-18,236.60333251953125,248.17333984375,253.5,233.60333251953125,87811800,-6.80%
100,2022-05-19,236.47332763671875,235.6666717529297,244.6666717529297,231.3699951171875,90296700,-0.05%
101,2022-05-20,221.3000030517578,237.99667358398438,240.52667236328125,211.0,144973200,-6.42%
102,2022-05-23,224.96665954589844,218.33999633789062,226.65333557128906,212.68666076660156,88903500,1.66%
103,2022-05-24,209.3866729736328,217.8433380126953,217.97332763671875,206.85667419433594,89092500,-6.93%
104,2022-05-25,219.60000610351562,207.9499969482422,223.10667419433594,207.6699981689453,92139300,4.88%
105,2022-05-26,235.91000366210938,220.47332763671875,239.55667114257812,217.8866729736328,106003200,7.43%
106,2022-05-27,253.2100067138672,241.0833282470703,253.26666259765625,240.17666625976562,89295000,7.33%
107,2022-05-31,252.75332641601562,257.9466552734375,259.6000061035156,244.7433319091797,101914500,-0.18%
108,2022-06-01,246.7899932861328,251.72000122070312,257.32666015625,243.63999938964844,77247900,-2.36%
109,2022-06-02,258.3333435058594,244.1566619873047,264.2099914550781,242.06666564941406,93473100,4.68%
110,2022-06-03,234.51666259765625,243.22666931152344,247.79666137695312,233.4166717529297,112393800,-9.22%
111,2022-06-06,238.27999877929688,244.35333251953125,244.86666870117188,234.35000610351562,84204600,1.60%
112,2022-06-07,238.8866729736328,234.0,239.99667358398438,230.0933380126953,72808500,0.25%
113,2022-06-08,241.86666870117188,240.086669921875,249.9633331298828,239.17666625976562,76210500,1.25%
114,2022-06-09,239.7066650390625,249.33999633789062,255.54666137695312,239.32666015625,96491400,-0.89%
115,2022-06-10,232.22999572753906,235.1566619873047,239.5,227.913330078125,97536600,-3.12%
116,2022-06-13,215.73666381835938,223.1666717529297,226.63333129882812,214.68333435058594,102767400,-7.10%
117,2022-06-14,220.88999938964844,218.2866668701172,226.3300018310547,211.73666381835938,97988700,2.39%
118,2022-06-15,233.0,220.9166717529297,235.663330078125,218.14999389648438,119131800,5.48%
119,2022-06-16,213.10000610351562,222.73666381835938,225.1666717529297,208.69332885742188,107390700,-8.54%
120,2022-06-17,216.75999450683594,213.43333435058594,220.97000122070312,213.19667053222656,92641800,1.72%
121,2022-06-21,237.0366668701172,224.60333251953125,243.57666015625,224.3333282470703,122793000,9.35%
122,2022-06-22,236.086669921875,234.50332641601562,246.8333282470703,233.82666015625,101107500,-0.40%
123,2022-06-23,235.07000732421875,237.9066619873047,239.31666564941406,228.6366729736328,104202600,-0.43%
124,2022-06-24,245.7066650390625,237.47000122070312,246.06666564941406,236.086669921875,95770800,4.52%
125,2022-06-27,244.9199981689453,249.36666870117188,252.07000732421875,242.56666564941406,89178300,-0.32%
126,2022-06-28,232.663330078125,244.48333740234375,249.97000122070312,232.3433380126953,90391200,-5.00%
127,2022-06-29,228.49000549316406,230.5,231.17333984375,222.27333068847656,82897200,-1.79%
128,2022-06-30,224.47332763671875,224.50999450683594,229.4566650390625,218.8633270263672,94600500,-1.76%
129,2022-07-01,227.26333618164062,227.0,230.22999572753906,222.1199951171875,74460300,1.24%
130,2022-07-05,233.06666564941406,223.0,233.14666748046875,216.1666717529297,84581100,2.55%
131,2022-07-06,231.73333740234375,230.77999877929688,234.56333923339844,227.18666076660156,71853600,-0.57%
132,2022-07-07,244.5433349609375,233.9199981689453,245.3633270263672,232.2100067138672,81930600,5.53%
133,2022-07-08,250.76333618164062,242.3333282470703,254.97999572753906,241.16000366210938,101854200,2.54%
134,2022-07-11,234.3433380126953,252.10333251953125,253.06333923339844,233.6266632080078,99241200,-6.55%
135,2022-07-12,233.07000732421875,236.84666442871094,239.77333068847656,228.3699951171875,87930900,-0.54%
136,2022-07-13,237.0399932861328,225.5,242.05999755859375,225.03334045410156,97954500,1.70%
137,2022-07-14,238.31333923339844,234.89666748046875,238.65333557128906,229.3333282470703,78557400,0.54%
138,2022-07-15,240.06666564941406,240.0,243.6233367919922,236.88999938964844,69683100,0.74%
139,2022-07-18,240.54666137695312,244.93666076660156,250.51666259765625,239.60333251953125,82537500,0.20%
140,2022-07-19,245.52999877929688,245.0,247.13999938964844,236.97666931152344,80890200,2.07%
141,2022-07-20,247.5,246.78334045410156,250.663330078125,243.48333740234375,88864200,0.80%
142,2022-07-21,271.7066650390625,255.10667419433594,273.26666259765625,254.86666870117188,142032300,9.78%
143,2022-07-22,272.24334716796875,276.2200012207031,280.78668212890625,270.71331787109375,103472700,0.20%
144,2022-07-25,268.4333190917969,272.2166748046875,274.14666748046875,267.3999938964844,64073400,-1.40%
145,2022-07-26,258.8599853515625,266.5133361816406,267.30999755859375,256.2633361816406,66820800,-3.57%
146,2022-07-27,274.82000732421875,263.80999755859375,275.9266662597656,261.7900085449219,88110000,6.17%
147,2022-07-28,280.8999938964844,280.0666809082031,283.29998779296875,272.79998779296875,84723000,2.21%
148,2022-07-29,297.1499938964844,280.70001220703125,298.32000732421875,279.1000061035156,95313000,5.78%
149,2022-08-01,297.27667236328125,301.27667236328125,311.8766784667969,295.0,117042900,0.04%
150,2022-08-02,300.586669921875,294.0033264160156,307.8333435058594,292.6666564941406,95577600,1.11%
151,2022-08-03,307.39666748046875,305.0,309.54998779296875,301.1499938964844,80091000,2.27%
152,2022-08-04,308.6333312988281,311.0,313.6066589355469,305.0,72256200,0.40%
153,2022-08-05,288.1700134277344,302.6700134277344,304.6066589355469,285.5433349609375,113172900,-6.63%
154,2022-08-08,290.42333984375,295.0,305.20001220703125,289.086669921875,98994000,0.78%
155,2022-08-09,283.3333435058594,290.2933349609375,292.39666748046875,279.35333251953125,86244600,-2.44%
156,2022-08-10,294.3566589355469,297.0666809082031,297.510009765625,283.3699951171875,94918800,3.89%
157,2022-08-11,286.6300048828125,296.5133361816406,298.2366638183594,285.8333435058594,70155000,-2.62%
158,2022-08-12,300.0299987792969,289.4166564941406,300.1600036621094,285.0333251953125,79657200,4.68%
159,2022-08-15,309.32000732421875,301.78668212890625,313.1333312988281,301.2300109863281,89359200,3.10%
160,2022-08-16,306.5633239746094,311.6666564941406,314.6666564941406,302.8833312988281,88136400,-0.89%
161,2022-08-17,303.9966735839844,303.39666748046875,309.65667724609375,300.0333251953125,68766000,-0.84%
162,2022-08-18,302.8699951171875,306.0,306.5,301.85333251953125,47500500,-0.37%
163,2022-08-19,296.6666564941406,299.0,300.3599853515625,292.5,61395300,-2.05%
164,2022-08-22,289.913330078125,291.913330078125,292.3999938964844,286.2966613769531,55843200,-2.28%
165,2022-08-23,296.4533386230469,291.4533386230469,298.82666015625,287.92333984375,63984900,2.26%
166,2022-08-24,297.0966796875,297.5633239746094,303.64666748046875,296.5,57259800,0.22%
167,2022-08-25,296.07000732421875,302.3599853515625,302.9599914550781,291.6000061035156,53230000,-0.35%
168,2022-08-26,288.0899963378906,297.42999267578125,302.0,287.4700012207031,57163900,-2.70%
169,2022-08-29,284.82000732421875,282.8299865722656,287.739990234375,280.70001220703125,41864700,-1.14%
170,2022-08-30,277.70001220703125,287.8699951171875,288.4800109863281,272.6499938964844,50541800,-2.50%
171,2022-08-31,275.6099853515625,280.6199951171875,281.25,271.80999755859375,52107300,-0.75%
172,2022-09-01,277.1600036621094,272.5799865722656,277.5799865722656,266.1499938964844,54287000,0.56%
173,2022-09-02,270.2099914550781,281.07000732421875,282.3500061035156,269.0799865722656,50890100,-2.51%
174,2022-09-06,274.4200134277344,272.67999267578125,275.989990234375,265.739990234375,55860000,1.56%
175,2022-09-07,283.70001220703125,273.1000061035156,283.8399963378906,272.2699890136719,50028900,3.38%
176,2022-09-08,289.260009765625,281.29998779296875,289.5,279.760009765625,53713100,1.96%
177,2022-09-09,299.67999267578125,291.6700134277344,299.8500061035156,291.25,54338100,3.60%
178,2022-09-12,304.4200134277344,300.7200012207031,305.489990234375,300.3999938964844,48674600,1.58%
179,2022-09-13,292.1300048828125,292.8999938964844,297.3999938964844,290.3999938964844,68229600,-4.04%
180,2022-09-14,302.6099853515625,292.239990234375,306.0,291.6400146484375,72628700,3.59%
181,2022-09-15,303.75,301.8299865722656,309.1199951171875,300.7200012207031,64795500,0.38%
182,2022-09-16,303.3500061035156,299.6099853515625,303.7099914550781,295.6000061035156,87087800,-0.13%
183,2022-09-19,309.07000732421875,300.0899963378906,309.8399963378906,297.79998779296875,60231200,1.89%
184,2022-09-20,308.7300109863281,306.9100036621094,313.3299865722656,305.5799865722656,61642800,-0.11%
185,2022-09-21,300.79998779296875,308.2900085449219,313.79998779296875,300.6300048828125,62555700,-2.57%
186,2022-09-22,288.5899963378906,299.8599853515625,301.2900085449219,285.82000732421875,70545400,-4.06%
187,2022-09-23,275.3299865722656,283.0899963378906,284.5,272.82000732421875,63748400,-4.59%
188,2022-09-26,276.010009765625,271.8299865722656,284.0899963378906,270.30999755859375,58076900,0.25%
189,2022-09-27,282.94000244140625,283.8399963378906,288.6700134277344,277.510009765625,61925200,2.51%
190,2022-09-28,287.80999755859375,283.0799865722656,289.0,277.57000732421875,54664800,1.72%
191,2022-09-29,268.2099914550781,282.760009765625,283.6499938964844,265.7799987792969,77620600,-6.81%
192,2022-09-30,265.25,266.1499938964844,275.57000732421875,262.4700012207031,67726600,-1.10%
193,2022-10-03,242.39999389648438,254.5,255.16000366210938,241.00999450683594,98363500,-8.61%
194,2022-10-04,249.44000244140625,250.52000427246094,257.5,242.00999450683594,109578500,2.90%
195,2022-10-05,240.80999755859375,245.00999450683594,246.6699981689453,233.27000427246094,86982700,-3.46%
196,2022-10-06,238.1300048828125,239.44000244140625,244.5800018310547,235.35000610351562,69298400,-1.11%
197,2022-10-07,223.07000732421875,233.94000244140625,234.57000732421875,222.02000427246094,83916800,-6.32%
198,2022-10-10,222.9600067138672,223.92999267578125,226.99000549316406,218.36000061035156,67925000,-0.05%
199,2022-10-11,216.5,220.9499969482422,225.75,215.0,77013200,-2.90%
200,2022-10-12,217.24000549316406,215.3300018310547,219.3000030517578,211.50999450683594,66860700,0.34%
201,2022-10-13,221.72000122070312,208.3000030517578,222.99000549316406,206.22000122070312,91483000,2.06%
202,2022-10-14,204.99000549316406,224.00999450683594,226.25999450683594,204.16000366210938,94124500,-7.55%
203,2022-10-17,219.35000610351562,210.0399932861328,221.86000061035156,209.4499969482422,79428800,7.01%
204,2022-10-18,220.19000244140625,229.5,229.82000732421875,217.25,75891900,0.38%
205,2022-10-19,222.0399932861328,219.8000030517578,222.92999267578125,217.77999877929688,66571500,0.84%
206,2022-10-20,207.27999877929688,208.27999877929688,215.5500030517578,202.0,117798100,-6.65%
207,2022-10-21,214.44000244140625,206.4199981689453,214.66000366210938,203.8000030517578,75713800,3.45%
208,2022-10-24,211.25,205.82000732421875,213.5,198.58999633789062,100446800,-1.49%
209,2022-10-25,222.4199981689453,210.10000610351562,224.35000610351562,210.0,96507900,5.29%
210,2022-10-26,224.63999938964844,219.39999389648438,230.60000610351562,218.1999969482422,85012500,1.00%
211,2022-10-27,225.08999633789062,229.77000427246094,233.80999755859375,222.85000610351562,61638800,0.20%
212,2022-10-28,228.52000427246094,225.39999389648438,228.86000061035156,216.35000610351562,69152400,1.52%
213,2022-10-31,227.5399932861328,226.19000244140625,229.85000610351562,221.94000244140625,61554300,-0.43%
214,2022-11-01,227.82000732421875,234.0500030517578,237.39999389648438,227.27999877929688,62688800,0.12%
215,2022-11-02,214.97999572753906,226.0399932861328,227.8699951171875,214.82000732421875,63070300,-5.64%
216,2022-11-03,215.30999755859375,211.36000061035156,221.1999969482422,210.13999938964844,56538800,0.15%
217,2022-11-04,207.47000122070312,222.60000610351562,223.8000030517578,203.0800018310547,98622200,-3.64%
218,2022-11-07,197.0800018310547,208.64999389648438,208.89999389648438,196.66000366210938,93916500,-5.01%
219,2022-11-08,191.3000030517578,194.02000427246094,195.1999969482422,186.75,128803400,-2.93%
220,2022-11-09,177.58999633789062,190.77999877929688,195.88999938964844,177.1199951171875,127062700,-7.17%
221,2022-11-10,190.72000122070312,189.89999389648438,191.0,180.02999877929688,132703000,7.39%
222,2022-11-11,195.97000122070312,186.0,196.52000427246094,182.58999633789062,114403600,2.75%
223,2022-11-14,190.9499969482422,192.77000427246094,195.72999572753906,186.33999633789062,92226600,-2.56%
224,2022-11-15,194.4199981689453,195.8800048828125,200.82000732421875,192.05999755859375,91293800,1.82%
225,2022-11-16,186.9199981689453,191.50999450683594,192.57000732421875,185.66000366210938,66567600,-3.86%
226,2022-11-17,183.1699981689453,183.9600067138672,186.16000366210938,180.89999389648438,64336000,-2.01%
227,2022-11-18,180.19000244140625,185.0500030517578,185.19000244140625,176.5500030517578,76048900,-1.63%
228,2022-11-21,167.8699951171875,175.85000610351562,176.77000427246094,167.5399932861328,92882700,-6.84%
229,2022-11-22,169.91000366210938,168.6300048828125,170.9199981689453,166.19000244140625,78452300,1.22%
230,2022-11-23,183.1999969482422,173.57000732421875,183.6199951171875,172.5,109536700,7.82%
231,2022-11-25,182.86000061035156,185.05999755859375,185.1999969482422,180.6300048828125,50672700,-0.19%
232,2022-11-28,182.9199981689453,179.9600067138672,188.5,179.0,92905200,0.03%
233,2022-11-29,180.8300018310547,184.99000549316406,186.3800048828125,178.75,83357100,-1.14%
234,2022-11-30,194.6999969482422,182.42999267578125,194.75999450683594,180.6300048828125,109186400,7.67%
235,2022-12-01,194.6999969482422,197.0800018310547,198.9199981689453,191.8000030517578,80046200,0.00%
236,2022-12-02,194.86000061035156,191.77999877929688,196.25,191.11000061035156,73645900,0.08%
237,2022-12-05,182.4499969482422,189.44000244140625,191.27000427246094,180.5500030517578,93122700,-6.37%
238,2022-12-06,179.82000732421875,181.22000122070312,183.64999389648438,175.3300018310547,92150800,-1.44%
239,2022-12-07,174.0399932861328,175.02999877929688,179.3800048828125,172.22000122070312,84213300,-3.21%
240,2022-12-08,173.44000244140625,172.1999969482422,175.1999969482422,169.05999755859375,97624500,-0.34%
241,2022-12-09,179.0500030517578,173.83999633789062,182.5,173.36000061035156,104872300,3.23%
242,2022-12-12,167.82000732421875,176.10000610351562,177.3699951171875,167.52000427246094,109794500,-6.27%
243,2022-12-13,160.9499969482422,174.8699951171875,175.0500030517578,156.91000366210938,175862700,-4.09%
244,2022-12-14,156.8000030517578,159.25,161.6199951171875,155.30999755859375,140682300,-2.58%
245,2022-12-15,157.6699981689453,153.44000244140625,160.92999267578125,153.27999877929688,122334500,0.55%
246,2022-12-16,150.22999572753906,159.63999938964844,160.99000549316406,150.0399932861328,139032200,-4.72%
247,2022-12-19,149.8699951171875,154.0,155.25,145.82000732421875,139390600,-0.24%
248,2022-12-20,137.8000030517578,146.0500030517578,148.47000122070312,137.66000366210938,159563300,-8.05%
249,2022-12-21,137.57000732421875,139.33999633789062,141.25999450683594,135.88999938964844,145417400,-0.17%
250,2022-12-22,125.3499984741211,136.0,136.6300048828125,122.26000213623047,210090300,-8.88%
251,2022-12-23,123.1500015258789,126.37000274658203,128.6199951171875,121.0199966430664,166989700,-1.76%
252,2022-12-27,109.0999984741211,117.5,119.66999816894531,108.76000213623047,208643400,-11.41%
253,2022-12-28,112.70999908447266,110.3499984741211,116.2699966430664,108.23999786376953,221070500,3.31%
254,2022-12-29,121.81999969482422,120.38999938964844,123.56999969482422,117.5,221923300,8.08%
255,2022-12-30,123.18000030517578,119.94999694824219,124.4800033569336,119.75,157777300,1.12%
256,2023-01-03,108.0999984741211,118.47000122070312,118.80000305175781,104.63999938964844,231402800,-12.24%
257,2023-01-04,113.63999938964844,109.11000061035156,114.58999633789062,107.5199966430664,180389000,5.12%
258,2023-01-05,110.33999633789062,110.51000213623047,111.75,107.16000366210938,157986300,-2.90%
259,2023-01-06,113.05999755859375,103.0,114.38999938964844,101.80999755859375,220911100,2.47%
260,2023-01-09,119.7699966430664,118.95999908447266,123.5199966430664,117.11000061035156,190284000,5.93%
261,2023-01-10,118.8499984741211,121.06999969482422,122.76000213623047,114.91999816894531,167642500,-0.77%
262,2023-01-11,123.22000122070312,122.08999633789062,125.94999694824219,120.51000213623047,183810800,3.68%
263,2023-01-12,123.55999755859375,122.55999755859375,124.12999725341797,117.0,169400900,0.28%
264,2023-01-13,122.4000015258789,116.55000305175781,122.62999725341797,115.5999984741211,180714100,-0.94%
265,2023-01-17,131.49000549316406,125.69999694824219,131.6999969482422,125.0199966430664,186477000,7.43%
266,2023-01-18,128.77999877929688,136.55999755859375,136.67999267578125,127.01000213623047,195680300,-2.06%
267,2023-01-19,127.16999816894531,127.26000213623047,129.99000549316406,124.30999755859375,170291900,-1.25%
268,2023-01-20,133.4199981689453,128.67999267578125,133.50999450683594,127.3499984741211,138858100,4.91%
269,2023-01-23,143.75,135.8699951171875,145.3800048828125,134.27000427246094,203119200,7.74%
270,2023-01-24,143.88999938964844,143.0,146.5,141.10000610351562,158699100,0.10%
271,2023-01-25,144.42999267578125,141.91000366210938,146.41000366210938,138.07000732421875,192734300,0.38%
272,2023-01-26,160.27000427246094,159.97000122070312,161.4199981689453,154.75999450683594,234815100,10.97%
273,2023-01-27,177.89999389648438,162.42999267578125,180.67999267578125,161.1699981689453,306590600,11.00%
274,2023-01-30,166.66000366210938,178.0500030517578,179.77000427246094,166.5,230878800,-6.32%
275,2023-01-31,173.22000122070312,164.57000732421875,174.3000030517578,162.77999877929688,196813500,3.94%
276,2023-02-01,181.41000366210938,173.88999938964844,183.80999755859375,169.92999267578125,213806300,4.73%
277,2023-02-02,188.27000427246094,187.3300018310547,196.75,182.61000061035156,217448300,3.78%
278,2023-02-03,189.97999572753906,183.9499969482422,199.0,183.69000244140625,232662000,0.91%
279,2023-02-06,194.75999450683594,193.00999450683594,198.1699981689453,189.9199981689453,186188100,2.52%
280,2023-02-07,196.80999755859375,196.42999267578125,197.5,189.5500030517578,186010300,1.05%
281,2023-02-08,201.2899932861328,196.10000610351562,203.0,194.30999755859375,180673600,2.28%
282,2023-02-09,207.32000732421875,207.77999877929688,214.0,204.77000427246094,215431400,3.00%
283,2023-02-10,196.88999938964844,202.22999572753906,206.1999969482422,192.88999938964844,204754100,-5.03%
284,2023-02-13,194.63999938964844,194.4199981689453,196.3000030517578,187.61000061035156,172475500,-1.14%
285,2023-02-14,209.25,191.94000244140625,209.82000732421875,189.44000244140625,216455700,7.51%
286,2023-02-15,214.24000549316406,211.75999450683594,214.66000366210938,206.11000061035156,181006400,2.38%
287,2023-02-16,202.0399932861328,210.77999877929688,217.64999389648438,201.83999633789062,229586500,-5.69%
288,2023-02-17,208.30999755859375,199.99000549316406,208.44000244140625,197.5,213738500,3.10%
289,2023-02-21,197.3699951171875,204.99000549316406,209.7100067138672,197.22000122070312,180018600,-5.25%
290,2023-02-22,200.86000061035156,197.92999267578125,201.99000549316406,191.77999877929688,191828500,1.77%
291,2023-02-23,202.07000732421875,203.91000366210938,205.13999938964844,196.3300018310547,146360000,0.60%
292,2023-02-24,196.8800048828125,196.3300018310547,197.6699981689453,192.8000030517578,142228100,-2.57%
293,2023-02-27,207.6300048828125,202.02999877929688,209.4199981689453,201.25999450683594,161028300,5.46%
294,2023-02-28,205.7100067138672,210.58999633789062,211.22999572753906,203.75,153144900,-0.92%
295,2023-03-01,202.77000427246094,206.2100067138672,207.1999969482422,198.52000427246094,156852800,-1.43%
296,2023-03-02,190.89999389648438,186.74000549316406,193.75,186.00999450683594,181500700,-5.85%
297,2023-03-03,197.7899932861328,194.8000030517578,200.47999572753906,192.8800048828125,154193300,3.61%
298,2023-03-06,193.80999755859375,198.5399932861328,198.60000610351562,192.3000030517578,128100100,-2.01%
299,2023-03-07,187.7100067138672,191.3800048828125,194.1999969482422,186.10000610351562,148125800,-3.15%
300,2023-03-08,182.0,185.0399932861328,186.5,180.0,151897800,-3.04%
301,2023-03-09,172.9199981689453,180.25,185.17999267578125,172.50999450683594,170023800,-4.99%
302,2023-03-10,173.44000244140625,175.1300048828125,178.2899932861328,168.44000244140625,191488900,0.30%
303,2023-03-13,174.47999572753906,167.4600067138672,177.35000610351562,163.91000366210938,167790300,0.60%
304,2023-03-14,183.25999450683594,177.30999755859375,183.8000030517578,177.13999938964844,143717900,5.03%
305,2023-03-15,180.4499969482422,180.8000030517578,182.33999633789062,176.02999877929688,145995600,-1.53%
306,2023-03-16,184.1300048828125,180.3699951171875,185.80999755859375,178.83999633789062,121136800,2.04%
307,2023-03-17,180.1300048828125,184.52000427246094,186.22000122070312,177.3300018310547,133197100,-2.17%
308,2023-03-20,183.25,178.0800018310547,186.44000244140625,176.35000610351562,129684400,1.73%
309,2023-03-21,197.5800018310547,188.27999877929688,198.0,188.0399932861328,153391400,7.82%
310,2023-03-22,191.14999389648438,199.3000030517578,200.66000366210938,190.9499969482422,150376400,-3.25%
311,2023-03-23,192.22000122070312,195.25999450683594,199.30999755859375,188.64999389648438,144193900,0.56%
312,2023-03-24,190.41000366210938,191.64999389648438,192.36000061035156,187.14999389648438,116312400,-0.94%
313,2023-03-27,191.80999755859375,194.4199981689453,197.38999938964844,189.94000244140625,120851600,0.74%
314,2023-03-28,189.19000244140625,192.0,192.35000610351562,185.42999267578125,98654600,-1.37%
315,2023-03-29,193.8800048828125,193.1300048828125,195.2899932861328,189.44000244140625,123660000,2.48%
316,2023-03-30,195.27999877929688,195.5800018310547,197.3300018310547,194.4199981689453,110252200,0.72%
317,2023-03-31,207.4600067138672,197.52999877929688,207.7899932861328,197.1999969482422,170222100,6.24%
318,2023-04-03,194.77000427246094,199.91000366210938,202.69000244140625,192.1999969482422,169545900,-6.12%
319,2023-04-04,192.5800018310547,197.32000732421875,198.74000549316406,190.32000732421875,126463800,-1.12%
320,2023-04-05,185.52000427246094,190.52000427246094,190.67999267578125,183.75999450683594,133882500,-3.67%
321,2023-04-06,185.05999755859375,183.0800018310547,186.38999938964844,179.74000549316406,123857900,-0.25%
322,2023-04-10,184.50999450683594,179.94000244140625,185.10000610351562,176.11000061035156,142154600,-0.30%
323,2023-04-11,186.7899932861328,186.69000244140625,189.19000244140625,185.64999389648438,115770900,1.24%
324,2023-04-12,180.5399932861328,190.74000549316406,191.5800018310547,180.30999755859375,150256300,-3.35%
325,2023-04-13,185.89999389648438,182.9600067138672,186.5,180.94000244140625,112933000,2.97%
326,2023-04-14,185.0,183.9499969482422,186.27999877929688,182.00999450683594,96438700,-0.48%
327,2023-04-17,187.0399932861328,186.32000732421875,189.69000244140625,182.69000244140625,116662200,1.10%
328,2023-04-18,184.30999755859375,187.14999389648438,187.69000244140625,183.5800018310547,92067000,-1.46%
329,2023-04-19,180.58999633789062,179.10000610351562,183.5,177.64999389648438,125732700,-2.02%
330,2023-04-20,162.99000549316406,166.1699981689453,169.6999969482422,160.55999755859375,210970800,-9.75%
331,2023-04-21,165.0800018310547,164.8000030517578,166.0,161.32000732421875,123539000,1.28%
332,2023-04-24,162.5500030517578,164.64999389648438,165.64999389648438,158.61000061035156,140006600,-1.53%
333,2023-04-25,160.6699981689453,159.82000732421875,163.47000122070312,158.75,121999300,-1.16%
334,2023-04-26,153.75,160.2899932861328,160.6699981689453,153.13999938964844,153364100,-4.31%
335,2023-04-27,160.19000244140625,152.63999938964844,160.47999572753906,152.3699951171875,127015200,4.19%
336,2023-04-28,164.30999755859375,160.89999389648438,165.0,157.32000732421875,122515800,2.57%
337,2023-05-01,161.8300018310547,163.1699981689453,163.27999877929688,158.8300018310547,109015000,-1.51%
338,2023-05-02,160.30999755859375,161.8800048828125,165.49000549316406,158.92999267578125,128259700,-0.94%
339,2023-05-03,160.61000061035156,160.00999450683594,165.0,159.91000366210938,119728000,0.19%
340,2023-05-04,161.1999969482422,162.7100067138672,162.9499969482422,159.64999389648438,95108500,0.37%
341,2023-05-05,170.05999755859375,163.97000122070312,170.7899932861328,163.50999450683594,107607300,5.50%
342,2023-05-08,171.7899932861328,173.72000122070312,173.8000030517578,169.19000244140625,112249400,1.02%
343,2023-05-09,169.14999389648438,168.9499969482422,169.82000732421875,166.55999755859375,88965000,-1.54%
344,2023-05-10,168.5399932861328,172.5500030517578,174.42999267578125,166.67999267578125,119840700,-0.36%
345,2023-05-11,172.0800018310547,168.6999969482422,173.57000732421875,166.7899932861328,103889900,2.10%
346,2023-05-12,167.97999572753906,176.07000732421875,177.3800048828125,167.22999572753906,157849600,-2.38%
347,2023-05-15,166.35000610351562,167.66000366210938,169.75999450683594,164.5500030517578,105592500,-0.97%
348,2023-05-16,166.52000427246094,165.64999389648438,169.52000427246094,164.35000610351562,98288800,0.10%
349,2023-05-17,173.86000061035156,168.41000366210938,174.5,167.19000244140625,125473600,4.41%
350,2023-05-18,176.88999938964844,174.22000122070312,177.05999755859375,172.4499969482422,109520300,1.74%
351,2023-05-19,180.13999938964844,177.1699981689453,181.9499969482422,176.30999755859375,136196700,1.84%
352,2023-05-22,188.8699951171875,180.6999969482422,189.32000732421875,180.11000061035156,132001400,4.85%
353,2023-05-23,185.77000427246094,186.1999969482422,192.9600067138672,185.25999450683594,156952100,-1.64%
354,2023-05-24,182.89999389648438,182.22999572753906,184.22000122070312,178.22000122070312,137605100,-1.54%
355,2023-05-25,184.47000122070312,186.5399932861328,186.77999877929688,180.5800018310547,96870700,0.86%
356,2023-05-26,193.1699981689453,184.6199951171875,198.60000610351562,184.52999877929688,162061500,4.72%
357,2023-05-30,201.16000366210938,200.10000610351562,204.47999572753906,197.52999877929688,128818700,4.14%
358,2023-05-31,203.92999267578125,199.77999877929688,203.9499969482422,195.1199951171875,150711700,1.38%
359,2023-06-01,207.52000427246094,202.58999633789062,209.8000030517578,199.3699951171875,148029900,1.76%
360,2023-06-02,213.97000122070312,210.14999389648438,217.25,209.75,164398400,3.11%
361,2023-06-05,217.61000061035156,217.8000030517578,221.2899932861328,214.52000427246094,151143100,1.70%
362,2023-06-06,221.30999755859375,216.13999938964844,221.91000366210938,212.52999877929688,146911600,1.70%
363,2023-06-07,224.57000732421875,228.0,230.8300018310547,223.1999969482422,185710800,1.47%
364,2023-06-08,234.86000061035156,224.22000122070312,235.22999572753906,223.00999450683594,164489700,4.58%
365,2023-06-09,244.39999389648438,249.07000732421875,252.4199981689453,242.02000427246094,200242400,4.06%
366,2023-06-12,249.8300018310547,247.94000244140625,250.97000122070312,244.58999633789062,150337900,2.22%
367,2023-06-13,258.7099914550781,253.50999450683594,259.67999267578125,251.33999633789062,162384300,3.55%
368,2023-06-14,256.7900085449219,260.1700134277344,261.57000732421875,250.5,170575500,-0.74%
369,2023-06-15,255.89999389648438,248.39999389648438,258.95001220703125,247.2899932861328,160171200,-0.35%
370,2023-06-16,260.5400085449219,258.9200134277344,263.6000061035156,257.2099914550781,167915600,1.81%
371,2023-06-20,274.45001220703125,261.5,274.75,261.1199951171875,165611200,5.34%
372,2023-06-21,259.4599914550781,275.1300048828125,276.989990234375,257.7799987792969,211797100,-5.46%
373,2023-06-22,264.6099853515625,250.77000427246094,265.0,248.25,166875900,1.98%
374,2023-06-23,256.6000061035156,259.2900085449219,262.45001220703125,252.8000030517578,177460800,-3.03%
375,2023-06-26,241.0500030517578,250.07000732421875,258.3699951171875,240.6999969482422,179990600,-6.06%
376,2023-06-27,250.2100067138672,243.24000549316406,250.38999938964844,240.85000610351562,164968200,3.80%
377,2023-06-28,256.239990234375,249.6999969482422,259.8800048828125,248.88999938964844,159770800,2.41%
378,2023-06-29,257.5,258.0299987792969,260.739990234375,253.61000061035156,131283400,0.49%
379,2023-06-30,261.7699890136719,260.6000061035156,264.45001220703125,259.8900146484375,112620800,1.66%
380,2023-07-03,279.82000732421875,276.489990234375,284.25,275.1099853515625,119685900,6.90%
381,2023-07-05,282.4800109863281,278.82000732421875,283.8500061035156,277.6000061035156,131530900,0.95%
382,2023-07-06,276.5400085449219,278.0899963378906,279.9700012207031,272.8800048828125,120332100,-2.10%
383,2023-07-07,274.42999267578125,278.42999267578125,280.7799987792969,273.7699890136719,113879200,-0.76%
384,2023-07-10,269.6099853515625,276.4700012207031,277.5199890136719,265.1000061035156,119425400,-1.76%
385,2023-07-11,269.7900085449219,268.6499938964844,270.8999938964844,266.3699951171875,91972400,0.07%
386,2023-07-12,271.989990234375,276.3299865722656,276.5199890136719,271.4599914550781,95672100,0.82%
387,2023-07-13,277.8999938964844,274.5899963378906,279.45001220703125,270.6000061035156,112681500,2.17%
388,2023-07-14,281.3800048828125,277.010009765625,285.29998779296875,276.30999755859375,120062400,1.25%
389,2023-07-17,290.3800048828125,286.6300048828125,292.2300109863281,283.57000732421875,131569600,3.20%
390,2023-07-18,293.3399963378906,290.1499938964844,295.260009765625,286.010009765625,112120300,1.02%
391,2023-07-19,291.260009765625,296.0400085449219,299.2900085449219,289.5199890136719,142355400,-0.71%
392,2023-07-20,262.8999938964844,279.55999755859375,280.92999267578125,261.20001220703125,175158300,-9.74%
393,2023-07-21,260.0199890136719,268.0,268.0,255.8000030517578,161796100,-1.10%
394,2023-07-24,269.05999755859375,255.85000610351562,269.8500061035156,254.1199951171875,136508500,3.48%
395,2023-07-25,265.2799987792969,272.3800048828125,272.8999938964844,265.0,112757300,-1.40%
396,2023-07-26,264.3500061035156,263.25,268.0400085449219,261.75,95856200,-0.35%
397,2023-07-27,255.7100067138672,268.30999755859375,269.1300048828125,255.3000030517578,103697300,-3.27%
398,2023-07-28,266.44000244140625,259.8599853515625,267.25,258.2300109863281,111446000,4.20%
399,2023-07-31,267.42999267578125,267.4800109863281,269.0799865722656,263.7799987792969,84582200,0.37%
400,2023-08-01,261.07000732421875,266.260009765625,266.4700012207031,260.25,83166000,-2.38%
401,2023-08-02,254.11000061035156,255.57000732421875,259.5199890136719,250.49000549316406,101752900,-2.67%
402,2023-08-03,259.32000732421875,252.0399932861328,260.489990234375,252.0,97569100,2.05%
403,2023-08-04,253.86000061035156,260.9700012207031,264.7699890136719,253.11000061035156,99539900,-2.11%
404,2023-08-07,251.4499969482422,251.4499969482422,253.64999389648438,242.75999450683594,111097900,-0.95%
405,2023-08-08,249.6999969482422,247.4499969482422,250.9199981689453,245.00999450683594,96642200,-0.70%
406,2023-08-09,242.19000244140625,250.8699951171875,251.10000610351562,241.89999389648438,101596300,-3.01%
407,2023-08-10,245.33999633789062,245.39999389648438,251.8000030517578,243.0,109498600,1.30%
408,2023-08-11,242.64999389648438,241.77000427246094,243.7899932861328,238.02000427246094,99038600,-1.10%
409,2023-08-14,239.75999450683594,235.6999969482422,240.66000366210938,233.75,98595300,-1.19%
410,2023-08-15,232.9600067138672,238.72999572753906,240.5,232.61000061035156,88197600,-2.84%
411,2023-08-16,225.60000610351562,228.02000427246094,233.97000122070312,225.3800048828125,112484500,-3.16%
412,2023-08-17,219.22000122070312,226.05999755859375,226.74000549316406,218.8300018310547,120718400,-2.83%
413,2023-08-18,215.49000549316406,214.1199951171875,217.5800018310547,212.36000061035156,136276600,-1.70%
414,2023-08-21,231.27999877929688,221.5500030517578,232.1300048828125,220.5800018310547,135702700,7.33%
415,2023-08-22,233.19000244140625,240.25,240.82000732421875,229.5500030517578,130442800,0.83%
416,2023-08-23,236.86000061035156,229.33999633789062,238.97999572753906,229.2899932861328,101077600,1.57%
417,2023-08-24,230.0399932861328,238.66000366210938,238.9199981689453,228.17999267578125,99777400,-2.88%
418,2023-08-25,238.58999633789062,231.30999755859375,239.0,230.35000610351562,106612200,3.72%
419,2023-08-28,238.82000732421875,242.5800018310547,244.3800048828125,235.35000610351562,107673700,0.10%
420,2023-08-29,257.17999267578125,238.5800018310547,257.4800109863281,237.77000427246094,134047600,7.69%
421,2023-08-30,256.8999938964844,254.1999969482422,260.510009765625,250.58999633789062,121988400,-0.11%
422,2023-08-31,258.0799865722656,255.97999572753906,261.17999267578125,255.0500030517578,108861700,0.46%
423,2023-09-01,245.00999450683594,257.260009765625,259.0799865722656,242.00999450683594,132541600,-5.06%
424,2023-09-05,256.489990234375,245.0,258.0,244.86000061035156,129469600,4.69%
425,2023-09-06,251.9199981689453,255.13999938964844,255.38999938964844,245.05999755859375,116959800,-1.78%
426,2023-09-07,251.49000549316406,245.07000732421875,252.80999755859375,243.27000427246094,115312900,-0.17%
427,2023-09-08,248.5,251.22000122070312,256.5199890136719,246.6699981689453,118367700,-1.19%
428,2023-09-11,273.5799865722656,264.2699890136719,274.8500061035156,260.6099853515625,174667900,10.09%
429,2023-09-12,267.4800109863281,270.760009765625,278.3900146484375,266.6000061035156,135999900,-2.23%
430,2023-09-13,271.29998779296875,270.07000732421875,274.9800109863281,268.1000061035156,111673700,1.43%
431,2023-09-14,276.0400085449219,271.32000732421875,276.7099914550781,270.4200134277344,107709800,1.75%
432,2023-09-15,274.3900146484375,277.54998779296875,278.9800109863281,271.0,133692300,-0.60%
433,2023-09-18,265.2799987792969,271.1600036621094,271.44000244140625,263.760009765625,101543300,-3.32%
434,2023-09-19,266.5,264.3500061035156,267.8500061035156,261.20001220703125,103704000,0.46%
435,2023-09-20,262.5899963378906,267.0400085449219,273.92999267578125,262.4599914550781,122514600,-1.47%
436,2023-09-21,255.6999969482422,257.8500061035156,260.8599853515625,254.2100067138672,119951500,-2.62%
437,2023-09-22,244.8800048828125,257.3999938964844,257.7900085449219,244.47999572753906,127524100,-4.23%
438,2023-09-25,246.99000549316406,243.3800048828125,247.10000610351562,238.30999755859375,104636600,0.86%
439,2023-09-26,244.1199951171875,242.97999572753906,249.5500030517578,241.66000366210938,101993600,-1.16%
440,2023-09-27,240.5,244.25999450683594,245.3300018310547,234.5800018310547,136597200,-1.48%
441,2023-09-28,246.3800048828125,240.02000427246094,247.5500030517578,238.64999389648438,117058900,2.44%
442,2023-09-29,250.22000122070312,250.0,254.77000427246094,246.35000610351562,128522700,1.56%
443,2023-10-02,251.60000610351562,244.80999755859375,254.27999877929688,242.6199951171875,123810400,0.55%
444,2023-10-03,246.52999877929688,248.61000061035156,250.02000427246094,244.4499969482422,101985300,-2.02%
445,2023-10-04,261.1600036621094,248.13999938964844,261.8599853515625,247.60000610351562,129721600,5.93%
446,2023-10-05,260.04998779296875,260.0,263.6000061035156,256.25,119159200,-0.43%
447,2023-10-06,260.5299987792969,253.97999572753906,261.6499938964844,250.64999389648438,118121800,0.18%
448,2023-10-09,259.6700134277344,255.30999755859375,261.3599853515625,252.0500030517578,101377900,-0.33%
449,2023-10-10,263.6199951171875,257.75,268.94000244140625,257.6499938964844,122656000,1.52%
450,2023-10-11,262.989990234375,266.20001220703125,268.6000061035156,260.8999938964844,103706300,-0.24%
451,2023-10-12,258.8699951171875,262.9200134277344,265.4100036621094,256.6300048828125,111508100,-1.57%
452,2023-10-13,251.1199951171875,258.8999938964844,259.6000061035156,250.22000122070312,102073800,-2.99%
453,2023-10-16,253.9199981689453,250.0500030517578,255.39999389648438,248.47999572753906,88917200,1.12%
454,2023-10-17,254.85000610351562,250.10000610351562,257.17999267578125,247.0800018310547,93562900,0.37%
455,2023-10-18,242.67999267578125,252.6999969482422,254.6300048828125,242.0800018310547,125147800,-4.78%
456,2023-10-19,220.11000061035156,225.9499969482422,230.61000061035156,216.77999877929688,170772700,-9.30%
457,2023-10-20,211.99000549316406,217.00999450683594,218.86000061035156,210.4199981689453,138010100,-3.69%
458,2023-10-23,212.0800018310547,210.0,216.97999572753906,202.50999450683594,150683400,0.04%
459,2023-10-24,216.52000427246094,216.5,222.0500030517578,214.11000061035156,118231100,2.09%
460,2023-10-25,212.4199981689453,215.8800048828125,220.10000610351562,212.1999969482422,107065100,-1.89%
461,2023-10-26,205.75999450683594,211.32000732421875,214.8000030517578,204.8800048828125,115112600,-3.14%
462,2023-10-27,207.3000030517578,210.60000610351562,212.41000366210938,205.77000427246094,94881200,0.75%
463,2023-10-30,197.36000061035156,209.27999877929688,210.8800048828125,194.6699981689453,136448200,-4.79%
464,2023-10-31,200.83999633789062,196.1199951171875,202.8000030517578,194.07000732421875,118068300,1.76%
465,2023-11-01,205.66000366210938,204.0399932861328,205.99000549316406,197.85000610351562,121661700,2.40%
466,2023-11-02,218.50999450683594,212.97000122070312,219.1999969482422,211.4499969482422,125987600,6.25%
467,2023-11-03,219.9600067138672,221.14999389648438,226.3699951171875,218.39999389648438,119534800,0.66%
468,2023-11-06,219.27000427246094,223.97999572753906,226.32000732421875,215.0,117335800,-0.31%
469,2023-11-07,222.17999267578125,219.97999572753906,223.1199951171875,215.72000122070312,116900100,1.33%
470,2023-11-08,222.11000061035156,223.14999389648438,224.14999389648438,217.63999938964844,106584800,-0.03%
471,2023-11-09,209.97999572753906,219.75,220.8000030517578,206.67999267578125,142110500,-5.46%
472,2023-11-10,214.64999389648438,210.02999877929688,215.3800048828125,205.69000244140625,130994000,2.22%
473,2023-11-13,223.7100067138672,215.60000610351562,225.39999389648438,211.61000061035156,140447600,4.22%
474,2023-11-14,237.41000366210938,235.02999877929688,238.13999938964844,230.72000122070312,149771600,6.12%
475,2023-11-15,242.83999633789062,239.2899932861328,246.6999969482422,236.4499969482422,150354000,2.29%
476,2023-11-16,233.58999633789062,239.49000549316406,240.8800048828125,230.9600067138672,136816800,-3.81%
477,2023-11-17,234.3000030517578,232.0,237.38999938964844,226.5399932861328,142532800,0.30%
478,2023-11-20,235.60000610351562,234.0399932861328,237.10000610351562,231.02000427246094,116320100,0.55%
479,2023-11-21,241.1999969482422,235.0399932861328,243.6199951171875,233.33999633789062,122288000,2.38%
480,2023-11-22,234.2100067138672,242.0399932861328,244.00999450683594,231.39999389648438,117950600,-2.90%
481,2023-11-24,235.4499969482422,233.75,238.75,232.3300018310547,65125200,0.53%
482,2023-11-27,236.0800018310547,236.88999938964844,238.3300018310547,232.10000610351562,112031800,0.27%
483,2023-11-28,246.72000122070312,236.67999267578125,247.0,234.00999450683594,148549900,4.51%
484,2023-11-29,244.13999938964844,249.2100067138672,252.75,242.75999450683594,135401300,-1.05%
485,2023-11-30,240.0800018310547,245.13999938964844,245.22000122070312,236.91000366210938,132353200,-1.66%
486,2023-12-01,238.8300018310547,233.13999938964844,240.19000244140625,231.89999389648438,121331700,-0.52%
487,2023-12-04,235.5800018310547,235.75,239.3699951171875,233.2899932861328,104099800,-1.36%
488,2023-12-05,238.72000122070312,233.8699951171875,246.66000366210938,233.6999969482422,137971100,1.33%
489,2023-12-06,239.3699951171875,242.9199981689453,246.57000732421875,239.1699981689453,126436200,0.27%
490,2023-12-07,242.63999938964844,241.5500030517578,244.0800018310547,236.97999572753906,107142300,1.37%
491,2023-12-08,243.83999633789062,240.27000427246094,245.27000427246094,239.27000427246094,103126800,0.49%
492,2023-12-11,239.74000549316406,242.74000549316406,243.44000244140625,237.4499969482422,97913900,-1.68%
493,2023-12-12,237.00999450683594,238.5500030517578,238.99000549316406,233.8699951171875,95328300,-1.14%
494,2023-12-13,239.2899932861328,234.19000244140625,240.3000030517578,228.1999969482422,146286300,0.96%
495,2023-12-14,251.0500030517578,241.22000122070312,253.8800048828125,240.7899932861328,160829200,4.91%
496,2023-12-15,253.5,251.2100067138672,254.1300048828125,248.3000030517578,135932800,0.98%
497,2023-12-18,252.0800018310547,253.77999877929688,258.739990234375,251.36000061035156,116416500,-0.56%
498,2023-12-19,257.2200012207031,253.47999572753906,258.3399963378906,253.00999450683594,106737400,2.04%
499,2023-12-20,247.13999938964844,256.4100036621094,259.8399963378906,247.0,125097000,-3.92%
500,2023-12-21,254.5,251.89999389648438,254.8000030517578,248.5500030517578,109594200,2.98%
501,2023-12-22,252.5399932861328,256.760009765625,258.2200012207031,251.3699951171875,93370100,-0.77%
502,2023-12-26,256.6099853515625,254.49000549316406,257.9700012207031,252.91000366210938,86892400,1.61%
503,2023-12-27,261.44000244140625,258.3500061035156,263.3399963378906,257.5199890136719,106494400,1.88%
504,2023-12-28,253.17999267578125,263.6600036621094,265.1300048828125,252.7100067138672,113619900,-3.16%
505,2023-12-29,248.47999572753906,255.10000610351562,255.19000244140625,247.42999267578125,100891600,-1.86%
506,2024-01-02,248.4199981689453,250.0800018310547,251.25,244.41000366210938,104654200,-0.02%
507,2024-01-03,238.4499969482422,244.97999572753906,245.67999267578125,236.32000732421875,121082600,-4.01%
508,2024-01-04,237.92999267578125,239.25,242.6999969482422,237.72999572753906,102629300,-0.22%
509,2024-01-05,237.49000549316406,236.86000061035156,240.1199951171875,234.89999389648438,92488900,-0.18%
510,2024-01-08,240.4499969482422,236.13999938964844,241.25,235.3000030517578,85166600,1.25%
511,2024-01-09,234.9600067138672,238.11000061035156,238.9600067138672,232.0399932861328,96705700,-2.28%
512,2024-01-10,233.94000244140625,235.10000610351562,235.5,231.2899932861328,91628500,-0.43%
513,2024-01-11,227.22000122070312,230.57000732421875,230.92999267578125,225.3699951171875,105873600,-2.87%
514,2024-01-12,218.88999938964844,220.0800018310547,225.33999633789062,217.14999389648438,123043800,-3.67%
515,2024-01-16,219.91000366210938,215.10000610351562,223.49000549316406,212.17999267578125,115355000,0.47%
516,2024-01-17,215.5500030517578,214.86000061035156,215.6699981689453,212.00999450683594,103164400,-1.98%
517,2024-01-18,211.8800048828125,216.8800048828125,217.4499969482422,208.74000549316406,108595400,-1.70%
518,2024-01-19,212.19000244140625,209.99000549316406,213.19000244140625,207.55999755859375,102260300,0.15%
519,2024-01-22,208.8000030517578,212.25999450683594,217.8000030517578,206.27000427246094,117952500,-1.60%
520,2024-01-23,209.13999938964844,211.3000030517578,215.64999389648438,207.75,106605900,0.16%
521,2024-01-24,207.8300018310547,211.8800048828125,212.72999572753906,206.77000427246094,123369900,-0.63%
522,2024-01-25,182.6300048828125,189.6999969482422,193.0,180.05999755859375,198076800,-12.13%
523,2024-01-26,183.25,185.5,186.77999877929688,182.10000610351562,107343200,0.34%
524,2024-01-29,190.92999267578125,185.6300048828125,191.47999572753906,183.6699981689453,125013100,4.19%
525,2024-01-30,191.58999633789062,195.3300018310547,196.36000061035156,190.61000061035156,109982300,0.35%
526,2024-01-31,187.2899932861328,187.0,193.97000122070312,185.85000610351562,103221400,-2.24%
527,2024-02-01,188.86000061035156,188.5,189.8800048828125,184.27999877929688,91843300,0.84%
528,2024-02-02,187.91000366210938,185.0399932861328,188.69000244140625,182.0,110612700,-0.50%
529,2024-02-05,181.05999755859375,184.25999450683594,184.67999267578125,175.00999450683594,134294400,-3.65%
530,2024-02-06,185.10000610351562,177.2100067138672,186.49000549316406,177.11000061035156,122676000,2.23%
531,2024-02-07,187.5800018310547,188.17999267578125,189.7899932861328,182.67999267578125,111535200,1.34%
532,2024-02-08,189.55999755859375,189.0,191.6199951171875,185.5800018310547,83034000,1.06%
533,2024-02-09,193.57000732421875,190.17999267578125,194.1199951171875,189.47999572753906,84476300,2.12%
534,2024-02-12,188.1300048828125,192.11000061035156,194.72999572753906,187.27999877929688,95498600,-2.81%
535,2024-02-13,184.02000427246094,183.99000549316406,187.25999450683594,182.11000061035156,86759500,-2.18%
536,2024-02-14,188.7100067138672,185.3000030517578,188.88999938964844,183.35000610351562,81203000,2.55%
537,2024-02-15,200.4499969482422,189.16000366210938,200.8800048828125,188.86000061035156,120831800,6.22%
538,2024-02-16,199.9499969482422,202.05999755859375,203.1699981689453,197.39999389648438,111346700,-0.25%
539,2024-02-20,193.75999450683594,196.1300048828125,198.60000610351562,189.1300048828125,104545800,-3.10%
540,2024-02-21,194.77000427246094,193.36000061035156,199.44000244140625,191.9499969482422,103500300,0.52%
541,2024-02-22,197.41000366210938,194.0,198.32000732421875,191.36000061035156,92739500,1.36%
542,2024-02-23,191.97000122070312,195.30999755859375,197.57000732421875,191.5,78841900,-2.76%
543,2024-02-26,199.39999389648438,192.2899932861328,201.77999877929688,192.0,111747100,3.87%
544,2024-02-27,199.72999572753906,204.0399932861328,205.60000610351562,198.25999450683594,108645400,0.17%
545,2024-02-28,202.0399932861328,200.4199981689453,205.3000030517578,198.44000244140625,99806200,1.16%
546,2024-02-29,201.8800048828125,204.17999267578125,205.27999877929688,198.4499969482422,85907000,-0.08%
547,2024-03-01,202.63999938964844,200.52000427246094,204.52000427246094,198.5,82243100,0.38%
548,2024-03-04,188.13999938964844,198.72999572753906,199.75,186.72000122070312,134334900,-7.16%
549,2024-03-05,180.74000549316406,183.0500030517578,184.58999633789062,177.57000732421875,119660800,-3.93%
550,2024-03-06,176.5399932861328,179.99000549316406,181.5800018310547,173.6999969482422,107920900,-2.32%
551,2024-03-07,178.64999389648438,174.35000610351562,180.0399932861328,173.6999969482422,102129000,1.20%
552,2024-03-08,175.33999633789062,181.5,182.72999572753906,174.6999969482422,85544600,-1.85%
553,2024-03-11,177.77000427246094,175.4499969482422,182.8699951171875,174.8000030517578,85391500,1.39%
554,2024-03-12,177.5399932861328,177.77000427246094,179.42999267578125,172.41000366210938,87391700,-0.13%
555,2024-03-13,169.47999572753906,173.0500030517578,176.0500030517578,169.14999389648438,106524500,-4.54%
556,2024-03-14,162.5,167.77000427246094,171.1699981689453,160.50999450683594,126325700,-4.12%
557,2024-03-15,163.57000732421875,163.16000366210938,165.17999267578125,160.75999450683594,97146800,0.66%
558,2024-03-18,173.8000030517578,170.02000427246094,174.72000122070312,165.89999389648438,108214400,6.25%
559,2024-03-19,171.32000732421875,172.36000061035156,172.82000732421875,167.4199981689453,77271400,-1.43%
560,2024-03-20,175.66000366210938,173.0,176.25,170.82000732421875,83846700,2.53%
561,2024-03-21,172.82000732421875,176.38999938964844,178.17999267578125,171.8000030517578,73178000,-1.62%
562,2024-03-22,170.8300018310547,166.69000244140625,171.1999969482422,166.3000030517578,75580600,-1.15%
563,2024-03-25,172.6300048828125,168.75999450683594,175.24000549316406,168.72999572753906,74228600,1.05%
564,2024-03-26,177.6699981689453,178.5800018310547,184.25,177.3800048828125,113186200,2.92%
565,2024-03-27,179.8300018310547,181.41000366210938,181.91000366210938,176.0,81804000,1.22%
566,2024-03-28,175.7899932861328,177.4499969482422,179.57000732421875,175.3000030517578,77654800,-2.25%
567,2024-04-01,175.22000122070312,176.1699981689453,176.75,170.2100067138672,81562100,-0.32%
568,2024-04-02,166.6300048828125,164.75,167.69000244140625,163.42999267578125,116650600,-4.90%
569,2024-04-03,168.3800048828125,164.02000427246094,168.82000732421875,163.27999877929688,82950100,1.05%
570,2024-04-04,171.11000061035156,170.07000732421875,177.19000244140625,168.00999450683594,123162000,1.62%
571,2024-04-05,164.89999389648438,169.0800018310547,170.86000061035156,160.50999450683594,143157600,-3.63%
572,2024-04-08,172.97999572753906,169.33999633789062,174.5,167.7899932861328,104423300,4.90%
573,2024-04-09,176.8800048828125,172.91000366210938,179.22000122070312,171.9199981689453,102951700,2.25%
574,2024-04-10,171.75999450683594,173.0399932861328,174.92999267578125,170.00999450683594,84532400,-2.89%
575,2024-04-11,174.60000610351562,172.5500030517578,175.8800048828125,168.50999450683594,94516000,1.65%
576,2024-04-12,171.0500030517578,172.33999633789062,173.80999755859375,170.36000061035156,64722700,-2.03%
577,2024-04-15,161.47999572753906,170.24000549316406,170.69000244140625,161.3800048828125,100245300,-5.59%
578,2024-04-16,157.11000061035156,156.74000549316406,158.19000244140625,153.75,97000000,-2.71%
579,2024-04-17,155.4499969482422,157.63999938964844,158.3300018310547,153.77999877929688,82439700,-1.06%
580,2024-04-18,149.92999267578125,151.25,152.1999969482422,148.6999969482422,96098800,-3.55%
581,2024-04-19,147.0500030517578,148.97000122070312,150.94000244140625,146.22000122070312,87074500,-1.92%
582,2024-04-22,142.0500030517578,140.55999755859375,144.44000244140625,138.8000030517578,107097600,-3.40%
583,2024-04-23,144.67999267578125,143.3300018310547,147.25999450683594,141.11000061035156,124545100,1.85%
584,2024-04-24,162.1300048828125,162.83999633789062,167.97000122070312,157.50999450683594,181178000,12.06%
585,2024-04-25,170.17999267578125,158.9600067138672,170.8800048828125,158.36000061035156,126427500,4.97%
586,2024-04-26,168.2899932861328,168.85000610351562,172.1199951171875,166.3699951171875,109815700,-1.11%
587,2024-04-29,194.0500030517578,188.4199981689453,198.8699951171875,184.5399932861328,243869700,15.31%
588,2024-04-30,183.27999877929688,186.97999572753906,190.9499969482422,182.83999633789062,127031800,-5.55%
589,2024-05-01,179.99000549316406,182.0,185.86000061035156,179.00999450683594,92829700,-1.80%
590,2024-05-02,180.00999450683594,182.86000061035156,184.60000610351562,176.02000427246094,89148000,0.01%
591,2024-05-03,181.19000244140625,182.10000610351562,184.77999877929688,178.4199981689453,75491500,0.66%
592,2024-05-06,184.75999450683594,183.8000030517578,187.55999755859375,182.1999969482422,84390300,1.97%
593,2024-05-07,177.80999755859375,182.39999389648438,183.25999450683594,177.39999389648438,75045900,-3.76%
594,2024-05-08,174.72000122070312,171.58999633789062,176.05999755859375,170.14999389648438,79969500,-1.74%
595,2024-05-09,171.97000122070312,175.00999450683594,175.6199951171875,171.3699951171875,65950300,-1.57%
596,2024-05-10,168.47000122070312,173.0500030517578,173.05999755859375,167.75,72627200,-2.04%
597,2024-05-13,171.88999938964844,170.0,175.39999389648438,169.0,67018900,2.03%
598,2024-05-14,177.5500030517578,174.5,179.49000549316406,174.07000732421875,86407400,3.29%
599,2024-05-15,173.99000549316406,179.89999389648438,180.0,173.11000061035156,79663000,-2.01%
600,2024-05-16,174.83999633789062,174.10000610351562,175.7899932861328,171.42999267578125,59812200,0.49%
601,2024-05-17,177.4600067138672,173.5500030517578,179.6300048828125,172.75,77445800,1.50%
602,2024-05-20,174.9499969482422,177.55999755859375,177.75,173.52000427246094,61727400,-1.41%
603,2024-05-21,186.60000610351562,175.50999450683594,186.8800048828125,174.7100067138672,115266500,6.66%
604,2024-05-22,180.11000061035156,182.85000610351562,183.8000030517578,178.1199951171875,88313500,-3.48%
605,2024-05-23,173.74000549316406,181.8000030517578,181.89999389648438,173.25999450683594,71975500,-3.54%
606,2024-05-24,179.24000549316406,174.83999633789062,180.0800018310547,173.72999572753906,65584500,3.17%
607,2024-05-28,176.75,176.39999389648438,178.25,173.16000366210938,59736600,-1.39%
608,2024-05-29,176.19000244140625,174.19000244140625,178.14999389648438,173.92999267578125,54782600,-0.32%
609,2024-05-30,178.7899932861328,178.5800018310547,182.6699981689453,175.3800048828125,77618400,1.48%
610,2024-05-31,178.0800018310547,178.5,180.32000732421875,173.82000732421875,67314600,-0.40%
611,2024-06-03,176.2899932861328,178.1300048828125,182.63999938964844,174.49000549316406,68568900,-1.01%
612,2024-06-04,174.77000427246094,174.77999877929688,177.75999450683594,174.0,60056300,-0.86%
613,2024-06-05,175.0,175.35000610351562,176.14999389648438,172.1300048828125,57953800,0.13%
614,2024-06-06,177.94000244140625,174.60000610351562,179.72999572753906,172.72999572753906,69887000,1.68%
615,2024-06-07,177.47999572753906,176.1300048828125,179.35000610351562,175.5800018310547,56244900,-0.26%
616,2024-06-10,173.7899932861328,176.05999755859375,178.57000732421875,173.1699981689453,50774600,-2.08%
617,2024-06-11,170.66000366210938,173.9199981689453,174.75,167.41000366210938,64761900,-1.80%
618,2024-06-12,177.2899932861328,171.1199951171875,180.5500030517578,169.8000030517578,90389400,3.88%
619,2024-06-13,182.47000122070312,188.38999938964844,191.0800018310547,181.22999572753906,118984100,2.92%
620,2024-06-14,178.00999450683594,185.8000030517578,186.0,176.9199981689453,82038200,-2.44%
621,2024-06-17,187.44000244140625,177.9199981689453,188.80999755859375,177.0,109786100,5.30%
622,2024-06-18,184.86000061035156,186.55999755859375,187.1999969482422,182.3699951171875,68982300,-1.38%
623,2024-06-20,181.57000732421875,184.67999267578125,185.2100067138672,179.66000366210938,55893100,-1.78%
624,2024-06-21,183.00999450683594,182.3000030517578,183.9499969482422,180.69000244140625,61937300,0.79%
625,2024-06-24,182.5800018310547,184.97000122070312,188.8000030517578,182.5500030517578,61992100,-0.23%
626,2024-06-25,187.35000610351562,184.39999389648438,187.97000122070312,182.00999450683594,62905700,2.61%
627,2024-06-26,196.3699951171875,186.5399932861328,197.75999450683594,186.36000061035156,95737100,4.81%
628,2024-06-27,197.4199981689453,195.1699981689453,198.72000122070312,194.0500030517578,72746500,0.53%
629,2024-06-28,197.8800048828125,199.5500030517578,203.1999969482422,195.25999450683594,95438100,0.23%
630,2024-07-01,209.86000061035156,201.02000427246094,213.22999572753906,200.85000610351562,135691400,6.05%
631,2024-07-02,231.25999450683594,218.88999938964844,231.3000030517578,218.05999755859375,205047900,10.20%
632,2024-07-03,246.38999938964844,234.55999755859375,248.35000610351562,234.25,166561500,6.54%
633,2024-07-05,251.52000427246094,249.80999755859375,252.3699951171875,242.4600067138672,154501200,2.08%
634,2024-07-08,252.94000244140625,247.7100067138672,259.44000244140625,244.57000732421875,157219600,0.56%
635,2024-07-09,262.3299865722656,251.0,265.6099853515625,250.3000030517578,160210900,3.71%
636,2024-07-10,263.260009765625,262.79998779296875,267.5899963378906,257.8599853515625,128519400,0.35%
637,2024-07-11,241.02999877929688,263.29998779296875,271.0,239.64999389648438,221707300,-8.44%
638,2024-07-12,248.22999572753906,235.8000030517578,251.83999633789062,233.08999633789062,155955800,2.99%
639,2024-07-15,252.63999938964844,255.97000122070312,265.6000061035156,251.72999572753906,146912900,1.78%
640,2024-07-16,256.55999755859375,255.30999755859375,258.6199951171875,245.8000030517578,126332500,1.55%
641,2024-07-17,248.5,252.72999572753906,258.4700012207031,246.17999267578125,115584800,-3.14%
642,2024-07-18,249.22999572753906,251.08999633789062,257.1400146484375,247.1999969482422,110869000,0.29%
643,2024-07-19,239.1999969482422,247.7899932861328,249.44000244140625,236.8300018310547,87403900,-4.02%
644,2024-07-22,251.50999450683594,244.2100067138672,253.2100067138672,243.75,101225400,5.15%
645,2024-07-23,246.3800048828125,253.60000610351562,255.75999450683594,245.6300048828125,111928200,-2.04%
646,2024-07-24,215.99000549316406,225.4199981689453,225.99000549316406,214.7100067138672,167942900,-12.33%
647,2024-07-25,220.25,216.8000030517578,226.0,216.22999572753906,100636500,1.97%
648,2024-07-26,219.8000030517578,221.19000244140625,222.27999877929688,215.3300018310547,94604100,-0.20%
649,2024-07-29,232.10000610351562,224.89999389648438,234.27000427246094,224.6999969482422,129201800,5.60%
650,2024-07-30,222.6199951171875,232.25,232.41000366210938,220.0,100560300,-4.08%
651,2024-07-31,232.07000732421875,227.89999389648438,234.67999267578125,226.7899932861328,67497000,4.24%
652,2024-08-01,216.86000061035156,227.69000244140625,231.8699951171875,214.3300018310547,83861900,-6.55%
653,2024-08-02,207.6699981689453,214.8800048828125,216.1300048828125,205.77999877929688,82880100,-4.24%
654,2024-08-05,198.8800048828125,185.22000122070312,203.8800048828125,182.0,100308800,-4.23%
655,2024-08-06,200.63999938964844,200.75,202.89999389648438,192.6699981689453,73783900,0.88%
656,2024-08-07,191.75999450683594,200.77000427246094,203.49000549316406,191.47999572753906,71159800,-4.43%
657,2024-08-08,198.83999633789062,195.6999969482422,200.6999969482422,192.0399932861328,65033900,3.69%
658,2024-08-09,200.0,197.0500030517578,200.8800048828125,195.11000061035156,58648300,0.58%
659,2024-08-12,197.49000549316406,199.02000427246094,199.25999450683594,194.6699981689453,64044900,-1.25%
660,2024-08-13,207.8300018310547,198.47000122070312,208.49000549316406,197.05999755859375,76247400,5.24%
661,2024-08-14,201.3800048828125,207.38999938964844,208.44000244140625,198.75,70250000,-3.10%
662,2024-08-15,214.13999938964844,205.02000427246094,215.8800048828125,204.82000732421875,89848500,6.34%
663,2024-08-16,216.1199951171875,211.14999389648438,219.8000030517578,210.8000030517578,88765100,0.92%
664,2024-08-19,222.72000122070312,217.07000732421875,222.97999572753906,214.08999633789062,76435200,3.05%
665,2024-08-20,221.10000610351562,224.8800048828125,228.22000122070312,219.55999755859375,74001200,-0.73%
666,2024-08-21,223.27000427246094,222.6699981689453,224.66000366210938,218.86000061035156,70146000,0.98%
667,2024-08-22,210.66000366210938,223.82000732421875,224.8000030517578,210.32000732421875,79514500,-5.65%
668,2024-08-23,220.32000732421875,214.4600067138672,221.47999572753906,214.2100067138672,81525200,4.59%
669,2024-08-26,213.2100067138672,218.75,219.08999633789062,211.00999450683594,59301200,-3.23%
670,2024-08-27,209.2100067138672,213.25,215.66000366210938,206.94000244140625,62821400,-1.88%
671,2024-08-28,205.75,209.72000122070312,211.83999633789062,202.58999633789062,64116400,-1.65%
672,2024-08-29,206.27999877929688,209.8000030517578,214.88999938964844,205.97000122070312,62308800,0.26%
673,2024-08-30,214.11000061035156,208.6300048828125,214.57000732421875,207.02999877929688,63370600,3.80%
674,2024-09-03,210.60000610351562,215.25999450683594,219.89999389648438,209.63999938964844,76714200,-1.64%
675,2024-09-04,219.41000366210938,210.58999633789062,222.22000122070312,210.57000732421875,80651800,4.18%
676,2024-09-05,230.1699981689453,223.49000549316406,235.0,222.25,119355000,4.90%
677,2024-09-06,210.72999572753906,232.60000610351562,233.60000610351562,210.50999450683594,112177000,-8.45%
678,2024-09-09,216.27000427246094,216.1999969482422,219.8699951171875,213.6699981689453,67443500,2.63%
679,2024-09-10,226.1699981689453,220.07000732421875,226.39999389648438,218.63999938964844,78891100,4.58%
680,2024-09-11,228.1300048828125,224.5500030517578,228.47000122070312,216.8000030517578,83548600,0.87%
681,2024-09-12,229.80999755859375,224.66000366210938,231.4499969482422,223.8300018310547,71894900,0.74%
682,2024-09-13,230.2899932861328,228.0,232.6699981689453,226.32000732421875,59515100,0.21%
683,2024-09-16,226.77999877929688,229.3000030517578,229.9600067138672,223.52999877929688,54323000,-1.52%
684,2024-09-17,227.8699951171875,229.4499969482422,234.57000732421875,226.5500030517578,66761600,0.48%
685,2024-09-18,227.1999969482422,230.08999633789062,235.67999267578125,226.8800048828125,78010200,-0.29%
686,2024-09-19,243.9199981689453,234.0,244.24000549316406,232.1300048828125,102694600,7.36%
687,2024-09-20,238.25,241.52000427246094,243.99000549316406,235.9199981689453,99879100,-2.32%
688,2024-09-23,250.0,242.61000061035156,250.0,241.9199981689453,86927200,4.93%
689,2024-09-24,254.27000427246094,254.0800018310547,257.19000244140625,249.0500030517578,88491000,1.71%
690,2024-09-25,257.0199890136719,252.5399932861328,257.04998779296875,252.27999877929688,65034300,1.08%
691,2024-09-26,254.22000122070312,260.6000061035156,261.75,251.52999877929688,67142200,-1.09%
692,2024-09-27,260.4599914550781,257.3800048828125,260.70001220703125,254.1199951171875,70988100,2.45%
693,2024-09-30,261.6300048828125,259.0400085449219,264.8599853515625,255.77000427246094,80705700,0.45%
694,2024-10-01,258.0199890136719,262.6700134277344,263.9800109863281,248.52999877929688,87397600,-1.38%
695,2024-10-02,249.02000427246094,247.5500030517578,251.16000366210938,241.5,93983900,-3.49%
696,2024-10-03,240.66000366210938,244.47999572753906,249.7899932861328,237.80999755859375,80729200,-3.36%
697,2024-10-04,250.0800018310547,246.69000244140625,250.9600067138672,244.5800018310547,86573200,3.91%
698,2024-10-07,240.8300018310547,249.0,249.8300018310547,240.6999969482422,68113300,-3.70%
699,2024-10-08,244.5,243.55999755859375,246.2100067138672,240.55999755859375,56303200,1.52%
700,2024-10-09,241.0500030517578,243.82000732421875,247.42999267578125,239.50999450683594,66289500,-1.41%
701,2024-10-10,238.77000427246094,241.80999755859375,242.7899932861328,232.33999633789062,83087100,-0.95%
702,2024-10-11,217.8000030517578,220.1300048828125,223.33999633789062,214.3800048828125,142628900,-8.78%
703,2024-10-14,219.16000366210938,220.1300048828125,221.91000366210938,213.74000549316406,86291900,0.62%
704,2024-10-15,219.57000732421875,220.00999450683594,224.25999450683594,217.1199951171875,62988800,0.19%
705,2024-10-16,221.3300018310547,221.39999389648438,222.82000732421875,218.92999267578125,49632800,0.80%
706,2024-10-17,220.88999938964844,221.58999633789062,222.0800018310547,217.89999389648438,50791800,-0.20%
707,2024-10-18,220.6999969482422,220.7100067138672,222.27999877929688,219.22999572753906,49611900,-0.09%
708,2024-10-21,218.85000610351562,218.89999389648438,220.47999572753906,215.72999572753906,47329000,-0.84%
709,2024-10-22,217.97000122070312,217.30999755859375,218.22000122070312,215.25999450683594,43268700,-0.40%
710,2024-10-23,213.64999389648438,217.1300048828125,218.72000122070312,212.11000061035156,80938900,-1.98%
711,2024-10-24,260.4800109863281,244.67999267578125,262.1199951171875,242.64999389648438,204491900,21.92%
712,2024-10-25,269.19000244140625,256.010009765625,269.489990234375,255.32000732421875,161611900,3.34%
713,2024-10-28,262.510009765625,270.0,273.5400085449219,262.239990234375,107653600,-2.48%
714,2024-10-29,259.5199890136719,264.510009765625,264.9800109863281,255.50999450683594,80521800,-1.14%
715,2024-10-30,257.54998779296875,258.0400085449219,263.3500061035156,255.82000732421875,53993600,-0.76%
716,2024-10-31,249.85000610351562,257.989990234375,259.75,249.25,66575300,-2.99%
717,2024-11-01,248.97999572753906,252.0399932861328,254.0,246.6300048828125,57544800,-0.35%
718,2024-11-04,242.83999633789062,244.55999755859375,248.89999389648438,238.8800048828125,68802400,-2.47%
719,2024-11-05,251.44000244140625,247.33999633789062,255.27999877929688,246.2100067138672,69282500,3.54%
720,2024-11-06,288.5299987792969,284.6700134277344,289.5899963378906,275.6199951171875,165228700,14.75%
721,2024-11-07,296.9100036621094,288.8900146484375,299.75,285.5199890136719,117309200,2.90%
722,2024-11-08,321.2200012207031,299.1400146484375,328.7099914550781,297.6600036621094,204782800,8.19%
723,2024-11-11,350.0,346.29998779296875,358.6400146484375,336.0,210521600,8.96%
724,2024-11-12,328.489990234375,342.739990234375,345.8399963378906,323.30999755859375,155726000,-6.15%
725,2024-11-13,330.239990234375,335.8500061035156,344.6000061035156,322.5,125405600,0.53%
726,2024-11-14,311.17999267578125,327.69000244140625,329.9800109863281,310.3699951171875,120726100,-5.77%
727,2024-11-15,320.7200012207031,310.57000732421875,324.67999267578125,309.2200012207031,114440300,3.07%
728,2024-11-18,338.739990234375,340.7300109863281,348.54998779296875,330.010009765625,126085600,5.62%
729,2024-11-19,346.0,335.760009765625,347.3800048828125,332.75,88852500,2.14%
730,2024-11-20,342.0299987792969,345.0,346.6000061035156,334.29998779296875,66340700,-1.15%
731,2024-11-21,339.6400146484375,343.80999755859375,347.989990234375,335.2799987792969,58011700,-0.70%
732,2024-11-22,352.55999755859375,341.0899963378906,361.5299987792969,337.70001220703125,89140700,3.80%
733,2024-11-25,338.5899963378906,360.1400146484375,361.92999267578125,338.20001220703125,95890900,-3.96%
734,2024-11-26,338.2300109863281,341.0,346.9599914550781,335.6600036621094,62295900,-0.11%
735,2024-11-27,332.8900146484375,341.79998779296875,342.54998779296875,326.5899963378906,57896400,-1.58%
736,2024-11-29,345.1600036621094,336.0799865722656,345.45001220703125,334.6499938964844,37167600,3.69%
737,2024-12-02,357.0899963378906,352.3800048828125,360.0,351.1499938964844,77986500,3.46%
738,2024-12-03,351.4200134277344,351.79998779296875,355.69000244140625,348.20001220703125,58267200,-1.59%
739,2024-12-04,357.92999267578125,353.0,358.1000061035156,348.6000061035156,50810900,1.85%
740,2024-12-05,369.489990234375,359.8699951171875,375.42999267578125,359.5,81403600,3.23%
741,2024-12-06,389.2200012207031,377.4200134277344,389.489990234375,370.79998779296875,81455800,5.34%
742,2024-12-09,389.7900085449219,397.6099853515625,404.79998779296875,378.010009765625,96359200,0.15%
743,2024-12-10,400.989990234375,392.67999267578125,409.7300109863281,390.8500061035156,97563600,2.87%
744,2024-12-11,424.7699890136719,409.70001220703125,424.8800048828125,402.3800048828125,104287600,5.93%
745,2024-12-12,418.1000061035156,424.8399963378906,429.29998779296875,415.0,87752200,-1.57%
746,2024-12-13,436.2300109863281,420.0,436.29998779296875,415.7099914550781,89000200,4.34%
747,2024-12-16,463.0199890136719,441.0899963378906,463.19000244140625,436.1499938964844,114083800,6.14%
748,2024-12-17,479.8599853515625,475.8999938964844,483.989990234375,457.510009765625,131223000,3.64%
749,2024-12-18,440.1300048828125,466.5,488.5400085449219,427.010009765625,149340800,-8.28%
750,2024-12-19,436.1700134277344,451.8800048828125,456.3599853515625,420.0199890136719,118566100,-0.90%
751,2024-12-20,421.05999755859375,425.510009765625,447.0799865722656,417.6400146484375,132216200,-3.46%
752,2024-12-23,430.6000061035156,431.0,434.510009765625,415.4100036621094,72698100,2.27%
753,2024-12-24,462.2799987792969,435.8999938964844,462.7799987792969,435.1400146484375,59551800,7.36%
754,2024-12-26,454.1300048828125,465.1600036621094,465.3299865722656,451.0199890136719,76366400,-1.76%
755,2024-12-27,431.6600036621094,449.5199890136719,450.0,426.5,82666800,-4.95%
756,2024-12-30,417.4100036621094,419.3999938964844,427.0,415.75,64941000,-3.30%
757,2024-12-31,403.8399963378906,423.7900085449219,427.92999267578125,402.5400085449219,76825100,-3.25%
758,2025-01-02,379.2799987792969,390.1000061035156,392.7300109863281,373.0400085449219,109710700,-6.08%
759,2025-01-03,410.44000244140625,381.4800109863281,411.8800048828125,379.45001220703125,95423300,8.22%
760,2025-01-06,411.04998779296875,423.20001220703125,426.42999267578125,401.70001220703125,85516500,0.15%
761,2025-01-07,394.3599853515625,405.8299865722656,414.3299865722656,390.0,75699500,-4.06%
762,2025-01-08,394.94000244140625,392.95001220703125,402.5,387.3999938964844,73038800,0.15%
763,2025-01-10,394.739990234375,391.3999938964844,399.2799987792969,377.2900085449219,62287300,-0.05%
764,2025-01-13,403.30999755859375,383.2099914550781,403.7900085449219,380.07000732421875,67580500,2.17%
765,2025-01-14,396.3599853515625,414.3399963378906,422.6400146484375,394.5400085449219,84565000,-1.72%
766,2025-01-15,428.2200012207031,409.8999938964844,429.79998779296875,405.6600036621094,81375500,8.04%
767,2025-01-16,413.82000732421875,423.489990234375,424.0,409.1300048828125,68335200,-3.36%
768,2025-01-17,426.5,421.5,439.739990234375,419.75,94991400,3.06%
769,2025-01-21,424.07000732421875,432.6400146484375,433.20001220703125,406.30999755859375,87320900,-0.57%
770,2025-01-22,415.1099853515625,416.80999755859375,428.0,414.5899963378906,60963300,-2.11%
771,2025-01-23,412.3800048828125,416.05999755859375,420.7300109863281,408.95001220703125,50690600,-0.66%
772,2025-01-24,406.5799865722656,414.45001220703125,418.8800048828125,405.7799987792969,56427100,-1.41%
773,2025-01-27,397.1499938964844,394.79998779296875,406.69000244140625,389.0,58125500,-2.32%
774,2025-01-28,398.0899963378906,396.9100036621094,400.5899963378906,386.5,48910700,0.24%
775,2025-01-29,389.1000061035156,395.2099914550781,398.5899963378906,384.4800109863281,68033600,-2.26%
776,2025-01-30,400.2799987792969,410.7799987792969,412.5,384.4100036621094,98092900,2.87%
777,2025-01-31,404.6000061035156,401.5299987792969,419.989990234375,401.3399963378906,83283600,1.08%
778,2025-02-03,383.67999267578125,386.67999267578125,389.1700134277344,374.3599853515625,93732100,-5.17%
779,2025-02-04,392.2099914550781,382.6300048828125,394.0,381.3999938964844,57072200,2.22%
780,2025-02-05,378.1700134277344,387.510009765625,388.3900146484375,375.5299987792969,57223300,-3.58%
781,2025-02-06,374.32000732421875,373.0299987792969,375.3999938964844,363.17999267578125,77918200,-1.02%
782,2025-02-07,361.6199951171875,370.19000244140625,380.54998779296875,360.3399963378906,70298300,-3.39%
783,2025-02-10,350.7300109863281,356.2099914550781,362.70001220703125,350.510009765625,77514900,-3.01%
784,2025-02-11,328.5,345.79998779296875,349.3699951171875,325.1000061035156,118543400,-6.34%
785,2025-02-12,336.510009765625,329.94000244140625,346.3999938964844,329.1199951171875,105382700,2.44%
786,2025-02-13,355.94000244140625,345.0,358.69000244140625,342.8500061035156,89441500,5.77%
787,2025-02-14,355.8399963378906,360.6199951171875,362.0,347.5,68277300,-0.03%
788,2025-02-18,354.1099853515625,355.010009765625,359.1000061035156,350.0199890136719,51631700,-0.49%
789,2025-02-19,360.55999755859375,354.0,367.3399963378906,353.6700134277344,67094400,1.82%
790,2025-02-20,354.3999938964844,361.510009765625,362.29998779296875,348.0,45965400,-1.71%
791,2025-02-21,337.79998779296875,353.44000244140625,354.9800109863281,334.4200134277344,74058600,-4.68%
792,2025-02-24,330.5299987792969,338.1400146484375,342.3999938964844,324.70001220703125,76052300,-2.15%
793,2025-02-25,302.79998779296875,327.0199890136719,328.8900146484375,297.25,134228800,-8.39%
794,2025-02-26,290.79998779296875,303.7099914550781,309.0,288.0400085449219,100118300,-3.96%
795,2025-02-27,281.95001220703125,291.1600036621094,297.2300109863281,280.8800048828125,101748200,-3.04%
796,2025-02-28,292.9800109863281,279.5,293.8800048828125,273.6000061035156,115697000,3.91%
797,2025-03-03,284.6499938964844,300.3399963378906,303.94000244140625,277.29998779296875,115551400,-2.84%
798,2025-03-04,272.0400085449219,270.92999267578125,284.3500061035156,261.8399963378906,126706600,-4.43%
799,2025-03-05,279.1000061035156,272.9200134277344,279.54998779296875,267.7099914550781,94042900,2.60%
800,2025-03-06,263.45001220703125,272.05999755859375,272.6499938964844,260.0199890136719,98451600,-5.61%
801,2025-03-07,262.6700134277344,259.32000732421875,266.25,250.72999572753906,102369600,-0.30%
802,2025-03-10,222.14999389648438,252.5399932861328,253.3699951171875,220.0,189076900,-15.43%
803,2025-03-11,230.5800018310547,225.30999755859375,237.05999755859375,217.02000427246094,174896400,3.79%
804,2025-03-12,248.08999633789062,247.22000122070312,251.83999633789062,241.10000610351562,142215700,7.59%
805,2025-03-13,240.67999267578125,248.1300048828125,248.2899932861328,232.60000610351562,114813500,-2.99%
806,2025-03-14,249.97999572753906,247.30999755859375,251.5800018310547,240.72999572753906,100242300,3.86%
807,2025-03-17,238.00999450683594,245.05999755859375,245.39999389648438,232.8000030517578,111900600,-4.79%
808,2025-03-18,225.30999755859375,228.16000366210938,230.10000610351562,222.27999877929688,111477600,-5.34%
809,2025-03-19,235.86000061035156,231.61000061035156,241.41000366210938,229.1999969482422,111993800,4.68%
810,2025-03-20,236.25999450683594,233.35000610351562,238.0,230.0500030517578,99028300,0.17%
811,2025-03-21,248.7100067138672,234.99000549316406,249.52000427246094,234.5500030517578,132728700,5.27%
812,2025-03-24,278.3900146484375,258.0799865722656,278.6400146484375,256.3299865722656,169079900,11.93%
813,2025-03-25,288.1400146484375,283.6000061035156,288.20001220703125,271.2799987792969,150361500,3.50%
814,2025-03-26,272.05999755859375,282.6600036621094,284.8999938964844,266.510009765625,153629800,-5.58%
815,2025-03-27,273.1300048828125,272.4800109863281,291.8500061035156,271.82000732421875,162572100,0.39%
816,2025-03-28,263.54998779296875,275.5799865722656,276.1000061035156,260.57000732421875,123809400,-3.51%
817,2025-03-31,259.1600036621094,249.30999755859375,260.55999755859375,243.36000061035156,134008900,-1.67%
818,2025-04-01,268.4599914550781,263.79998779296875,277.45001220703125,259.25,146486900,3.59%
819,2025-04-02,282.760009765625,254.60000610351562,284.989990234375,251.27000427246094,212787800,5.33%
820,2025-04-03,267.2799987792969,265.2900085449219,276.29998779296875,261.510009765625,136174300,-5.47%
821,2025-04-04,239.42999267578125,255.3800048828125,261.0,236.0,181229400,-10.42%
822,2025-04-07,233.2899932861328,223.77999877929688,252.0,214.25,183453800,-2.56%
823,2025-04-08,221.86000061035156,245.0,250.44000244140625,217.8000030517578,171603500,-4.90%
824,2025-04-09,272.20001220703125,224.69000244140625,274.69000244140625,223.8800048828125,219433400,22.69%
825,2025-04-10,252.39999389648438,260.0,262.489990234375,239.3300018310547,181722600,-7.27%
826,2025-04-11,252.30999755859375,251.83999633789062,257.739990234375,241.36000061035156,128948100,-0.04%
827,2025-04-14,252.35000610351562,258.3599853515625,261.79998779296875,245.92999267578125,100135200,0.02%
828,2025-04-15,254.11000061035156,249.91000366210938,258.75,247.5399932861328,79594300,0.70%
829,2025-04-16,241.5500030517578,247.61000061035156,251.97000122070312,233.88999938964844,112378700,-4.94%
830,2025-04-17,241.3699951171875,243.47000122070312,244.33999633789062,237.67999267578125,83404800,-0.07%
831,2025-04-21,227.5,230.25999450683594,232.2100067138672,222.7899932861328,97768000,-5.75%
832,2025-04-22,237.97000122070312,230.9600067138672,242.7899932861328,229.85000610351562,120858500,4.60%
833,2025-04-23,250.74000549316406,254.86000061035156,259.45001220703125,244.42999267578125,150381900,5.37%
834,2025-04-24,259.510009765625,250.5,259.5400085449219,249.1999969482422,94464200,3.50%
835,2025-04-25,284.95001220703125,261.69000244140625,286.8500061035156,259.6300048828125,167560700,9.80%
836,2025-04-28,285.8800048828125,288.9800109863281,294.8599853515625,272.4200134277344,151731800,0.33%
837,2025-04-29,292.0299987792969,285.5,293.32000732421875,279.4700012207031,108906600,2.15%
838,2025-04-30,282.1600036621094,279.8999938964844,284.45001220703125,270.7799987792969,128961100,-3.38%
839,2025-05-01,280.5199890136719,280.010009765625,290.8699951171875,279.80999755859375,99659000,-0.58%
840,2025-05-02,287.2099914550781,284.8999938964844,294.7799987792969,279.80999755859375,114454700,2.38%
841,2025-05-05,280.260009765625,284.57000732421875,284.8500061035156,274.3999938964844,94618900,-2.42%
842,2025-05-06,275.3500061035156,273.1099853515625,277.7300109863281,271.3500061035156,76715800,-1.75%
843,2025-05-07,276.2200012207031,276.8800048828125,277.9200134277344,271.0,71592600,0.32%
844,2025-05-08,284.82000732421875,279.6300048828125,289.79998779296875,279.4100036621094,97539400,3.11%
845,2025-05-09,298.260009765625,290.2099914550781,307.0400085449219,290.0,132387800,4.72%
846,2025-05-12,318.3800048828125,321.989990234375,322.2099914550781,311.5,112826700,6.75%
847,2025-05-13,334.07000732421875,320.0,337.5899963378906,316.79998779296875,136992600,4.93%
848,2025-05-14,347.67999267578125,342.5,350.0,337.0,136997300,4.07%
849,2025-05-15,342.82000732421875,340.3399963378906,346.1400146484375,334.7200012207031,97882600,-1.40%
850,2025-05-16,349.9800109863281,346.239990234375,351.6199951171875,342.3299865722656,95895700,2.09%
851,2025-05-19,342.0899963378906,336.29998779296875,343.0,333.3699951171875,88869900,-2.25%
852,2025-05-20,343.82000732421875,347.8699951171875,354.989990234375,341.6300048828125,131715500,0.51%
853,2025-05-21,334.6199951171875,344.42999267578125,347.3500061035156,332.20001220703125,102354800,-2.68%
854,2025-05-22,341.0400085449219,331.8999938964844,347.2699890136719,331.3900146484375,97113400,1.92%
855,2025-05-23,339.3399963378906,337.9200134277344,343.17999267578125,333.2099914550781,84654800,-0.50%
856,2025-05-27,362.8900146484375,347.3500061035156,363.7900085449219,347.32000732421875,120146400,6.94%
857,2025-05-28,356.8999938964844,364.8399963378906,365.0,355.9100036621094,91404300,-1.65%
858,2025-05-29,358.42999267578125,365.2900085449219,367.7099914550781,356.0,88087800,0.43%
859,2025-05-30,346.4599914550781,355.5199890136719,363.67999267578125,345.2900085449219,123474900,-3.34%
860,2025-06-02,342.69000244140625,343.5,348.0199890136719,333.3299865722656,81873800,-1.09%
861,2025-06-03,344.2699890136719,346.6000061035156,355.3999938964844,343.0400085449219,99324500,0.46%
862,2025-06-04,332.04998779296875,345.1000061035156,345.6000061035156,327.3299865722656,98912100,-3.55%
863,2025-06-05,284.70001220703125,322.489990234375,324.54998779296875,273.2099914550781,287499800,-14.26%
864,2025-06-06,295.1400146484375,298.8299865722656,305.5,291.1400146484375,164747700,3.67%
865,2025-06-09,308.5799865722656,285.9599914550781,309.8299865722656,281.8500061035156,140908900,4.55%
866,2025-06-10,326.0899963378906,314.94000244140625,327.8299865722656,310.6700134277344,151256500,5.67%
867,2025-06-11,326.42999267578125,334.3999938964844,335.5,322.5,122611400,0.10%
868,2025-06-12,319.1099853515625,323.0799865722656,332.55999755859375,316.8599853515625,105127500,-2.24%
869,2025-06-13,325.30999755859375,313.9700012207031,332.989990234375,313.29998779296875,128964300,1.94%
870,2025-06-16,329.1300048828125,331.2900085449219,332.04998779296875,326.4100036621094,83925900,1.17%
871,2025-06-17,316.3500061035156,326.0899963378906,327.260009765625,314.739990234375,88282700,-3.88%
872,2025-06-18,322.04998779296875,317.30999755859375,329.32000732421875,315.45001220703125,95137700,1.80%
873,2025-06-20,322.1600036621094,327.95001220703125,332.3599853515625,317.7799987792969,108688000,0.03%
874,2025-06-23,348.67999267578125,327.5400085449219,357.5400085449219,327.4800109863281,190716800,8.23%
875,2025-06-24,340.4700012207031,356.1700134277344,356.260009765625,340.44000244140625,114736200,-2.35%
876,2025-06-25,327.54998779296875,342.70001220703125,343.0,320.3999938964844,119845100,-3.79%
877,2025-06-26,325.7799987792969,324.6099853515625,331.04998779296875,323.6099853515625,80440900,-0.54%
878,2025-06-27,323.6300048828125,324.510009765625,329.3399963378906,317.5,89067000,-0.66%
879,2025-06-30,317.6600036621094,319.8999938964844,325.5799865722656,316.6000061035156,76695100,-1.84%
880,2025-07-01,300.7099914550781,298.4599914550781,305.8900146484375,293.2099914550781,145085700,-5.34%
881,2025-07-02,315.6499938964844,312.6300048828125,316.8299865722656,303.82000732421875,119483700,4.97%
882,2025-07-03,315.3500061035156,317.989990234375,318.45001220703125,312.760009765625,58042300,-0.10%
883,2025-07-07,293.94000244140625,291.3699951171875,296.1499938964844,288.7699890136719,131177900,-6.79%
884,2025-07-08,297.80999755859375,297.0,304.04998779296875,294.3500061035156,103246700,1.32%
885,2025-07-09,295.8800048828125,297.54998779296875,300.1499938964844,293.54998779296875,75586800,-0.65%
886,2025-07-10,309.8699951171875,300.04998779296875,310.4800109863281,300.0,104365300,4.73%
887,2025-07-11,313.510009765625,307.8900146484375,314.0899963378906,305.6499938964844,79236400,1.17%
888,2025-07-14,316.8999938964844,317.7300109863281,322.6000061035156,312.6700134277344,78043400,1.08%
889,2025-07-15,310.7799987792969,319.67999267578125,321.20001220703125,310.5,77556300,-1.93%
890,2025-07-16,321.6700134277344,312.79998779296875,323.5,312.6199951171875,97284800,3.50%
891,2025-07-17,319.4100036621094,323.1499938964844,324.3399963378906,317.05999755859375,73922900,-0.70%
892,2025-07-18,329.6499938964844,321.6600036621094,330.8999938964844,321.4200134277344,94255000,3.21%
893,2025-07-21,328.489990234375,334.3999938964844,338.0,326.8800048828125,75768800,-0.35%
894,2025-07-22,332.1099853515625,329.739990234375,335.4100036621094,321.54998779296875,77370400,1.10%
895,2025-07-23,332.55999755859375,330.8999938964844,336.20001220703125,328.6700134277344,92553800,0.14%
896,2025-07-24,305.29998779296875,310.0,310.1499938964844,300.4100036621094,156966000,-8.20%
897,2025-07-25,316.05999755859375,308.739990234375,323.6300048828125,308.010009765625,148227000,3.52%
898,2025-07-28,325.5899963378906,318.45001220703125,330.489990234375,315.69000244140625,112673800,3.02%
899,2025-07-29,321.20001220703125,325.54998779296875,326.25,318.25,87358900,-1.35%
900,2025-07-30,319.0400085449219,322.17999267578125,324.45001220703125,311.6199951171875,83931900,-0.67%
901,2025-07-31,308.2699890136719,319.6099853515625,321.3699951171875,306.1000061035156,85270900,-3.38%
902,2025-08-01,302.6300048828125,306.2099914550781,309.30999755859375,297.82000732421875,89121400,-1.83%
903,2025-08-04,309.260009765625,309.0799865722656,312.1199951171875,303.0,78683900,2.19%
904,2025-08-05,308.7200012207031,308.95001220703125,312.45001220703125,305.5,57961300,-0.17%
905,2025-08-06,319.9100036621094,307.8900146484375,320.4700012207031,306.92999267578125,78523600,3.62%
906,2025-08-07,322.2699890136719,319.7900085449219,322.3999938964844,316.1600036621094,66658700,0.74%
907,2025-08-08,329.6499938964844,321.42999267578125,335.1499938964844,320.9800109863281,91200300,2.29%
908,2025-08-11,339.0299987792969,335.0,346.6400146484375,334.1499938964844,105320200,2.85%
909,2025-08-12,340.8399963378906,345.0,345.260009765625,332.94000244140625,80522100,0.53%
910,2025-08-13,339.3800048828125,341.5,348.9800109863281,338.20001220703125,67838900,-0.43%
911,2025-08-14,335.5799865722656,335.760009765625,340.4700012207031,330.3999938964844,75000700,-1.12%
912,2025-08-15,330.55999755859375,337.6600036621094,339.29998779296875,327.0199890136719,74319800,-1.50%
913,2025-08-18,335.1600036621094,329.6199951171875,336.2699890136719,329.5899963378906,56956600,1.39%
914,2025-08-19,329.30999755859375,335.7900085449219,340.54998779296875,327.8500061035156,75956000,-1.75%
915,2025-08-20,323.8999938964844,329.2200012207031,331.3699951171875,314.6000061035156,77481800,-1.64%
916,2025-08-21,320.1099853515625,322.0799865722656,324.8999938964844,318.67999267578125,55744400,-1.17%
917,2025-08-22,340.010009765625,321.6600036621094,340.25,319.69000244140625,94016300,6.22%
918,2025-08-25,346.6000061035156,338.8999938964844,349.5299987792969,335.0299987792969,86670000,1.94%
919,2025-08-26,351.6700134277344,344.92999267578125,351.8999938964844,343.7200012207031,76651600,1.46%
920,2025-08-27,349.6000061035156,351.94000244140625,355.3900146484375,349.1600036621094,65519000,-0.59%
921,2025-08-28,345.9800109863281,350.9100036621094,353.54998779296875,340.260009765625,67903200,-1.04%
922,2025-08-29,333.8699951171875,347.2300109863281,348.75,331.70001220703125,81145700,-3.50%
923,2025-09-02,329.3599853515625,328.2300109863281,333.3299865722656,325.6000061035156,58392000,-1.35%
924,2025-09-03,334.0899963378906,335.20001220703125,343.3299865722656,328.510009765625,88733300,1.44%
925,2025-09-04,338.5299987792969,336.1499938964844,338.8900146484375,331.4800109863281,60711000,1.33%
926,2025-09-05,350.8399963378906,348.0,355.8699951171875,344.67999267578125,108989800,3.64%
927,2025-09-08,346.3999938964844,354.6400146484375,358.44000244140625,344.8399963378906,75208300,-1.27%
928,2025-09-09,346.9700012207031,348.44000244140625,350.7699890136719,343.82000732421875,53816000,0.16%
929,2025-09-10,347.7900085449219,350.54998779296875,356.3299865722656,346.07000732421875,72121700,0.24%
930,2025-09-11,368.80999755859375,350.1700134277344,368.989990234375,347.6000061035156,103756000,6.04%
931,2025-09-12,395.94000244140625,370.94000244140625,396.69000244140625,370.239990234375,168156400,7.36%
932,2025-09-15,410.0400085449219,423.1300048828125,425.70001220703125,402.42999267578125,163823700,3.56%
933,2025-09-16,421.6199951171875,414.5,423.25,411.42999267578125,104285700,2.82%
934,2025-09-17,425.8599853515625,415.75,428.30999755859375,409.6700134277344,106133500,1.01%
935,2025-09-18,416.8500061035156,428.8699951171875,432.2200012207031,416.55999755859375,90454500,-2.12%
936,2025-09-19,426.07000732421875,421.82000732421875,429.4700012207031,421.7200012207031,93131000,2.21%
937,2025-09-22,434.2099914550781,431.1099853515625,444.9800109863281,429.1300048828125,97108800,1.91%
938,2025-09-23,425.8500061035156,439.8800048828125,440.9700012207031,423.7200012207031,83422700,-1.93%
939,2025-09-24,442.7900085449219,429.8299865722656,444.2099914550781,429.0299987792969,93133600,3.98%
940,2025-09-25,423.3900146484375,435.239990234375,435.3500061035156,419.0799865722656,96746400,-4.38%
941,2025-09-26,440.3999938964844,428.29998779296875,440.4700012207031,421.0199890136719,101628200,4.02%
942,2025-09-29,443.2099914550781,444.3500061035156,450.9800109863281,439.5,79491500,0.64%
943,2025-09-30,444.7200012207031,441.5199890136719,445.0,433.1199951171875,74358000,0.34%
944,2025-10-01,459.4599914550781,443.79998779296875,462.2900085449219,440.75,98122300,3.31%
945,2025-10-02,436.0,470.5400085449219,470.75,435.57000732421875,137009000,-5.11%
946,2025-10-03,429.8299865722656,443.2900085449219,446.7699890136719,416.5799865722656,133188200,-1.42%
947,2025-10-06,453.25,440.75,453.54998779296875,436.69000244140625,85324900,5.45%
948,2025-10-07,433.0899963378906,447.82000732421875,452.67999267578125,432.45001220703125,102296100,-4.45%
949,2025-10-08,438.69000244140625,437.57000732421875,441.3299865722656,425.2300109863281,71192100,1.29%
950,2025-10-09,435.5400085449219,431.80999755859375,436.3500061035156,426.17999267578125,69339900,-0.72%
951,2025-10-10,413.489990234375,436.5400085449219,443.1300048828125,411.45001220703125,112107900,-5.06%
952,2025-10-13,435.8999938964844,423.5299987792969,436.8900146484375,419.70001220703125,79552800,5.42%
953,2025-10-14,429.239990234375,426.7900085449219,434.20001220703125,417.8599853515625,72669400,-1.53%
954,2025-10-15,435.1499938964844,434.8999938964844,440.510009765625,426.3299865722656,71558200,1.38%
955,2025-10-16,428.75,434.7300109863281,439.3500061035156,421.30999755859375,77189900,-1.47%
956,2025-10-17,439.30999755859375,425.5,441.4599914550781,423.6000061035156,89331600,2.46%
957,2025-10-20,447.42999267578125,443.8699951171875,449.79998779296875,440.6099853515625,63719000,1.85%
958,2025-10-21,442.6000061035156,445.760009765625,449.29998779296875,442.04998779296875,54412200,-1.08%
959,2025-10-22,438.9700012207031,443.45001220703125,445.5400085449219,429.0,84023500,-0.82%
960,2025-10-23,448.9800109863281,420.0,449.3999938964844,413.8999938964844,126709800,2.28%
961,2025-10-24,433.7200012207031,446.8299865722656,451.67999267578125,430.1700134277344,94727800,-3.40%
962,2025-10-27,452.4200134277344,439.9800109863281,460.1600036621094,438.69000244140625,105867500,4.31%
963,2025-10-28,460.54998779296875,454.7799987792969,467.0,451.6000061035156,80185700,1.80%
964,2025-10-29,461.510009765625,462.5,465.70001220703125,452.6499938964844,67983500,0.21%
965,2025-10-30,440.1000061035156,451.04998779296875,455.05999755859375,439.6099853515625,72447900,-4.64%
966,2025-10-31,456.55999755859375,446.75,458.0,443.69000244140625,83135800,3.74%
967,2025-11-03,468.3699951171875,455.989990234375,474.07000732421875,453.79998779296875,84595200,2.59%
968,2025-11-04,444.260009765625,454.4599914550781,460.2200012207031,443.6000061035156,87756600,-5.15%
969,2025-11-05,462.07000732421875,452.04998779296875,466.3299865722656,440.7099914550781,85573000,4.01%
970,2025-11-06,445.9100036621094,461.9599914550781,467.45001220703125,435.0899963378906,109622900,-3.50%
971,2025-11-07,429.5199890136719,437.9200134277344,439.3599853515625,421.8800048828125,103471500,-3.68%
972,2025-11-10,445.2300109863281,439.6000061035156,449.6700134277344,433.3599853515625,76515900,3.66%
973,2025-11-11,439.6199951171875,439.3999938964844,442.489990234375,432.3599853515625,60533200,-1.26%
974,2025-11-12,430.6000061035156,442.1499938964844,442.3299865722656,426.55999755859375,58513500,-2.05%
975,2025-11-13,401.989990234375,423.1300048828125,424.5,396.3399963378906,118948000,-6.64%
976,2025-11-14,404.3500061035156,386.29998779296875,412.19000244140625,382.7799987792969,105506700,0.59%
977,2025-11-17,408.9200134277344,398.739990234375,423.9599914550781,398.739990234375,102214300,1.13%
978,2025-11-18,401.25,405.3800048828125,408.8999938964844,393.7099914550781,80688600,-1.88%
979,2025-11-19,403.989990234375,406.17999267578125,411.7799987792969,398.5,72047700,0.68%
980,2025-11-20,395.2300109863281,414.6300048828125,428.94000244140625,394.739990234375,113548800,-2.17%
981,2025-11-21,391.0899963378906,402.32000732421875,402.79998779296875,383.760009765625,100460600,-1.05%
982,2025-11-24,417.7799987792969,402.1700134277344,421.7200012207031,401.0899963378906,96806400,6.82%
983,2025-11-25,419.3999938964844,414.4200134277344,420.4800109863281,405.95001220703125,71915600,0.39%
984,2025-11-26,426.5799865722656,423.95001220703125,426.94000244140625,416.8900146484375,63463000,1.71%
985,2025-11-28,430.1700134277344,426.5899963378906,432.92999267578125,426.20001220703125,36252900,0.84%
986,2025-12-01,430.1400146484375,425.32000732421875,433.6600036621094,425.2900085449219,57463600,-0.01%
987,2025-12-02,429.239990234375,430.80999755859375,436.79998779296875,422.1199951171875,69336600,-0.21%
988,2025-12-03,446.739990234375,432.1000061035156,447.9200134277344,431.1099853515625,87483000,4.08%
989,2025-12-04,454.5299987792969,449.94000244140625,454.6300048828125,445.3900146484375,71906500,1.74%
990,2025-12-05,455.0,453.0299987792969,458.8699951171875,451.6600036621094,56427500,0.10%
991,2025-12-08,439.5799865722656,447.45001220703125,449.75,435.25,69165800,-3.39%
992,2025-12-09,445.1700134277344,437.5400085449219,452.3900146484375,435.70001220703125,62367400,1.27%
993,2025-12-10,451.45001220703125,446.07000732421875,456.8800048828125,443.6099853515625,63257500,1.41%
994,2025-12-11,446.8900146484375,448.95001220703125,449.2699890136719,440.3299865722656,55979500,-1.01%
995,2025-12-12,458.9599914550781,448.0899963378906,463.010009765625,441.6700134277344,95656700,2.70%
996,2025-12-15,475.30999755859375,469.44000244140625,481.7699890136719,467.6600036621094,114542200,3.56%
997,2025-12-16,489.8800048828125,472.2099914550781,491.5,465.8299865722656,107608100,3.07%
998,2025-12-17,467.260009765625,488.2200012207031,495.2799987792969,466.20001220703125,106490400,-4.62%
999,2025-12-18,483.3699951171875,478.1600036621094,490.8599853515625,473.1199951171875,95168400,3.45%
1000,2025-12-19,481.20001220703125,488.1199951171875,490.489990234375,474.7200012207031,103305400,-0.45%
1001,2025-12-22,488.7300109863281,489.8800048828125,498.8299865722656,485.3299865722656,86916100,1.56%
1002,2025-12-23,485.55999755859375,489.3999938964844,491.9700012207031,482.8399963378906,58223600,-0.65%
1003,2025-12-24,485.3999938964844,488.4800109863281,490.8999938964844,476.79998779296875,41285400,-0.03%
1004,2025-12-26,475.19000244140625,485.2300109863281,489.0899963378906,473.82000732421875,58780700,-2.10%
1005,2025-12-29,459.6400146484375,469.0,469.3999938964844,459.0,66263000,-3.27%
1006,2025-12-30,454.42999267578125,461.0899963378906,463.1199951171875,453.8299865722656,59238500,-1.13%
1007,2025-12-31,449.7200012207031,456.1000061035156,456.54998779296875,449.29998779296875,49078000,-1.04%
