,date,tsm,open,high,low,volume,tsm_cr
0,2021-12-27,114.62826538085938,113.24563011404312,115.15143102796576,113.22694180834276,6309900,nan%
1,2021-12-28,114.03036499023438,115.26352941755258,115.5251157981959,113.85286885560151,6321000,-0.52%
2,2021-12-29,113.42314147949219,113.78748506416186,115.04867494397999,113.01208425473635,5847700,-0.53%
3,2021-12-30,112.49827575683594,113.04012268360567,113.55394427407725,112.283410093549,4187800,-0.82%
4,2021-12-31,112.39549255371094,113.36707777130748,113.74076548999852,112.31141655894317,3888200,-0.09%
5,2022-01-03,120.32698822021484,115.96419536795564,121.0650123706984,115.84274988961664,18592000,7.06%
6,2022-01-04,124.62438201904297,122.26081718542332,126.58624090106014,121.72832159201982,25554900,3.57%
7,2022-01-05,118.70145416259766,122.11135029641392,122.27016526765993,118.53329503789577,17891200,-4.75%
8,2022-01-06,120.0186996459961,118.64540134047398,120.51383285764679,116.59946654836955,16249000,1.11%
9,2022-01-07,115.37564849853516,118.22500947034949,118.7761933577656,115.19814522004486,21248100,-3.87%
10,2022-01-10,116.78630828857422,116.87972843438277,117.58973437202815,115.15143079067381,11857700,1.22%
11,2022-01-11,120.67263793945312,118.21565326156866,121.02764446023112,117.24406809693944,12113100,3.33%
12,2022-01-12,123.5313720703125,121.91518245521921,124.17598336179594,121.65360312751639,16389200,2.37%
13,2022-01-13,130.0334930419922,131.49086733700534,135.46128429034297,129.7812507970857,52020000,5.26%
14,2022-01-14,131.40679931640625,127.13742622033622,134.4149753663938,127.13742622033622,28255300,1.06%
15,2022-01-18,125.02607727050781,127.75398515144146,128.15569102286366,124.52159285639739,15191400,-4.86%
16,2022-01-19,122.39158630371094,125.76410534641067,126.95990022950093,122.32619862127602,11155100,-2.11%
17,2022-01-20,119.88792419433594,123.24175574326391,124.01715662523104,119.76647156974985,11421900,-2.05%
18,2022-01-21,116.337890625,118.72014372896564,119.56093936139473,116.09499252507585,15573700,-2.96%
19,2022-01-24,117.67381286621094,115.62787813026546,117.77657716703472,112.22733343255265,17083400,1.15%
20,2022-01-25,114.4227523803711,117.23473675890082,117.54302967827478,113.69405808162338,11370500,-2.76%
21,2022-01-26,114.9832763671875,117.13196831842646,118.33710749276291,113.87155734247006,13592100,0.49%
22,2022-01-27,108.72404479980469,115.84277258418507,115.9735622410961,108.3970706575271,18599800,-5.44%
23,2022-01-28,109.87312316894531,110.90075914552503,111.7322106551896,106.67810677489709,14005900,1.06%
24,2022-01-31,114.56287384033203,111.6574623134054,114.69366347397178,110.99416999208943,10189100,4.27%
25,2022-02-01,114.95525360107422,114.81511980976741,115.13274975106219,112.19931279704257,6956300,0.34%
26,2022-02-02,115.9828872680664,117.92605774670953,118.15026753193742,114.4881434873796,8562900,0.89%
27,2022-02-03,111.9564208984375,113.4605089448944,115.7306536817361,111.40523698361844,9926800,-3.47%
28,2022-02-04,113.05879974365234,112.51695996413741,113.81551943362378,111.53603046445286,5743200,0.98%
29,2022-02-07,114.26394653320312,114.49750051246484,115.93619388001726,113.86223340377289,6562900,1.07%
30,2022-02-08,115.57184600830078,113.97433770397961,115.71197981622402,113.60999407988014,7036200,1.14%
31,2022-02-09,117.26277160644531,116.66487402626915,117.29080406934536,114.68434096474863,10979700,1.46%
32,2022-02-10,116.50604248046875,116.59012560221453,120.19619887930307,116.1790684014582,10474900,-0.65%
33,2022-02-11,113.04944610595703,117.24407268686264,118.25302737357276,112.5262804568294,9845700,-2.97%
34,2022-02-14,111.89102172851562,112.05918085535924,113.55393181730301,110.23746292080392,8081800,-1.02%
35,2022-02-15,116.32852935791016,113.99299023780877,116.41261247253368,113.46983175570598,9248700,3.97%
36,2022-02-16,115.46906280517578,115.03932442466588,116.11367393969084,113.5726060136319,5749500,-0.74%
37,2022-02-17,111.88168334960938,114.43208842714827,114.67498652465223,111.77891904403081,7976700,-3.11%
38,2022-02-18,111.4612808227539,112.59168104494357,112.75050314215255,110.65785469334628,8389000,-0.38%
39,2022-02-22,109.21918487548828,109.77036883824118,111.50801099175305,108.10746566773022,9793500,-2.01%
40,2022-02-23,108.2756118774414,110.75128515538027,111.57339248764828,108.14482223656924,8114700,-0.86%
41,2022-02-24,104.52006530761719,100.89531042491869,104.61349259334493,97.51344652810896,27539100,-3.47%
42,2022-02-25,103.91282653808594,104.90309300498056,105.5663853674761,102.16584042672385,14258900,-0.58%
43,2022-02-28,99.97042083740234,102.17517038869212,102.5488509546735,98.09264534509624,26390800,-3.79%
44,2022-03-01,100.9420166015625,102.76373449849001,103.80071457135664,100.0078008333944,20377900,0.97%
45,2022-03-02,102.39938354492188,101.26898340214314,102.73570176744285,100.76450606836168,13342400,1.44%
46,2022-03-03,101.63333129882812,102.67965549444382,102.76373148991716,100.52161228645524,10841700,-0.75%
47,2022-03-04,98.14871215820312,99.96109313700144,101.00741742545736,96.98094237856526,22372100,-3.43%
48,2022-03-07,92.7582778930664,96.49514070050991,97.24250898549852,92.54340514553833,29422900,-5.49%
49,2022-03-08,93.42156219482422,93.6177466201334,96.32697334928321,92.13234720243548,25650000,0.72%
50,2022-03-09,98.04593658447266,97.63488651595982,98.76528667749562,96.0000090122716,14348400,4.95%
51,2022-03-10,97.12108612060547,97.33595891815739,98.58780482888912,95.77581291593701,11811000,-0.94%
52,2022-03-11,94.73883056640625,98.42898023708574,98.42898023708574,94.63606625509608,18116400,-2.45%
53,2022-03-14,92.76762390136719,94.84157681388238,95.1592138651687,92.55275114954112,17959400,-2.08%
54,2022-03-15,95.37407684326172,91.58116340387649,95.42079047899311,91.19813867537951,13415600,2.81%
55,2022-03-16,99.21346282958984,96.67891086048007,99.30733353321415,96.5099407292061,20347100,4.03%
56,2022-03-17,99.96441650390625,99.26976483567643,100.00196621055034,98.33104365519722,8042000,0.76%
57,2022-03-18,100.18035125732422,99.23224061619928,100.480741825756,98.4624893369756,10218200,0.22%
58,2022-03-21,100.36808013916016,100.18033874304601,100.64969939520655,98.68776814500039,10366100,0.19%
59,2022-03-22,100.48074340820312,99.87057304218901,101.34436541081094,99.72038133654583,10401200,0.11%
60,2022-03-23,98.894287109375,99.973818032239,101.56025931440978,98.894287109375,12905300,-1.58%
61,2022-03-24,101.30681610107422,100.23667423226455,101.36314425755846,99.3448917288819,10834000,2.44%
62,2022-03-25,100.18973541259766,101.09090707234166,101.36313713026574,99.35426680069232,7432100,-1.10%
63,2022-03-28,99.8142318725586,99.14774064687933,100.18033258579263,98.19963018246246,8151200,-0.37%
64,2022-03-29,102.55531311035156,101.30681192754923,103.03406303042537,100.246059322166,14076200,2.75%
65,2022-03-30,100.18973541259766,101.18477777737996,102.63979161016297,99.98321556438795,15456300,-2.31%
66,2022-03-31,97.87108612060547,100.40563080152252,100.5839901428325,97.80537591515578,13021600,-2.31%
67,2022-04-01,96.49116516113281,99.28855067883258,99.45752080259047,95.94670507770456,12085100,-1.41%
68,2022-04-04,98.36861419677734,97.64579472406221,99.10081572673498,96.95114290870185,9077200,1.95%
69,2022-04-05,96.21893310546875,98.07760442790189,98.1902464001326,95.85283237196869,12291000,-2.19%
70,2022-04-06,94.97982025146484,94.26639006692068,95.88099182894821,93.60928802975835,14902600,-1.29%
71,2022-04-07,94.3602523803711,94.26638169224101,95.02675073840588,93.54356951557749,12431000,-0.65%
72,2022-04-08,93.20563507080078,94.45413606954934,94.52922832757096,93.04605417492688,11796200,-1.22%
73,2022-04-11,91.59102630615234,92.201196512589,92.35138817895263,90.97147404435657,12480500,-1.73%
74,2022-04-12,91.46900177001953,93.87212590129268,94.01293552251958,91.46900177001953,13291500,-0.13%
75,2022-04-13,95.28021240234375,93.68438904951762,95.95609288745251,93.40276979343056,15776800,4.17%
76,2022-04-14,92.33262634277344,97.6270138273855,98.09637447078639,92.30446585006939,17828500,-3.09%
77,2022-04-18,92.71752166748047,91.947770305162,93.7219534105287,91.49718798481193,10277400,0.42%
78,2022-04-19,93.35582733154297,92.40772400646138,93.35582733154297,91.72245432890867,10103000,0.69%
79,2022-04-20,92.94279479980469,94.24761679007383,94.81084811880064,92.83953488731936,8596900,-0.44%
80,2022-04-21,91.67552185058594,93.63744584973765,94.48229641759897,91.44084153517306,13038500,-1.36%
81,2022-04-22,89.81684875488281,91.08412099968545,91.79755114919924,89.5164582438046,11650100,-2.03%
82,2022-04-25,90.3425521850586,89.22547850685363,90.38010190324951,88.6622398958663,10654400,0.59%
83,2022-04-26,87.08516693115234,89.12219748012475,89.19728973685838,87.08516693115234,14176000,-3.61%
84,2022-04-27,84.72898864746094,86.21216289526856,87.01008174958397,84.69143893510342,15846300,-2.71%
85,2022-04-28,89.38504791259766,86.51256287919205,90.3049908230917,86.15584418331126,15176200,5.50%
86,2022-04-29,87.2353744506836,87.47005478578585,89.73236949199631,87.08517559851794,10629300,-2.40%
87,2022-05-02,88.01451873779297,86.83172779173707,88.49326148582388,85.64893684568116,8251900,0.89%
88,2022-05-03,87.89246368408203,87.09455209367572,88.28673203248083,86.84110052001702,9511900,-0.14%
89,2022-05-04,90.10785675048828,88.15532186418653,90.18295617431245,86.2872612964053,9082500,2.52%
90,2022-05-05,86.50316619873047,88.27734882066287,88.59651061378831,85.63015513382128,11517200,-4.00%
91,2022-05-06,86.0150375366211,85.79913562970712,87.18843926251458,84.7383758858989,7944900,-0.56%
92,2022-05-09,81.95036315917969,84.42858654015065,84.6632668388174,81.67813315330133,11428600,-4.73%
93,2022-05-10,83.37723541259766,84.50369824069669,84.75715703223838,82.69196563155548,11690400,1.74%
94,2022-05-11,82.44790649414062,83.42417765945558,85.02000125625572,82.4197459966017,11531300,-1.11%
95,2022-05-12,82.31646728515625,80.93654592554626,82.8045991755159,80.15740558262877,11592900,-0.16%
96,2022-05-13,85.3860855102539,83.42416150168485,85.76157544909185,82.75767026213806,11180600,3.73%
97,2022-05-16,84.86979675292969,84.36288638802712,85.77096834768695,84.0155569263693,6729100,-0.60%
98,2022-05-17,87.6014633178711,87.58269204483433,87.7610442052443,86.70968103019773,7668800,3.22%
99,2022-05-18,84.98242950439453,86.428061018867,87.51698105387526,84.83223783583702,9610900,-2.99%
100,2022-05-19,84.68205261230469,84.33472313252699,86.4562354010836,84.07188229891167,7739000,-0.35%
101,2022-05-20,85.21711730957031,87.33862942405332,87.33862942405332,83.38661366420614,10469900,0.63%
102,2022-05-23,85.89301300048828,85.44242355155522,86.27789223414739,85.09510119733989,6920500,0.79%
103,2022-05-24,83.28335571289062,84.03432846325865,84.29717644585644,83.0956071538922,8788600,-3.04%
104,2022-05-25,84.86979675292969,83.85597602312457,85.34853946266388,83.58374598483198,9113500,1.90%
105,2022-05-26,85.42363739013672,83.93107397673437,85.7709668457123,83.58374452115878,9762700,0.65%
106,2022-05-27,88.02388763427734,86.94436393641945,88.07082656108625,86.85987530053835,6279000,3.04%
107,2022-05-31,89.46014404296875,89.68543515288788,90.38947613802601,88.71855334586489,9621700,1.63%
108,2022-06-01,88.94384002685547,89.74175167123856,90.45518183931192,88.08021818027318,6152400,-0.58%
109,2022-06-02,90.4364242553711,88.23043020218778,90.4645919158439,87.88310783699868,6335000,1.68%
110,2022-06-03,88.02388763427734,88.57773689074872,88.7842567097084,87.20720473805005,9137100,-2.67%
111,2022-06-06,87.40435028076172,89.1785331569338,89.68544357325095,87.17905914969052,9440200,-0.70%
112,2022-06-07,88.089599609375,86.9912974539168,88.10837804522677,86.14644688745864,7360200,0.78%
113,2022-06-08,87.74227905273438,88.23980018447023,89.11281126000435,87.43249931196017,6446300,-0.39%
114,2022-06-09,85.28282928466797,87.30108152652724,87.77044217989567,85.23589751645625,8086700,-2.80%
115,2022-06-10,83.24580383300781,84.99182599590539,85.16079611366564,83.1988649040119,10460400,-2.39%
116,2022-06-13,80.3076171875,80.78635993632176,81.50917941194609,79.81008883849036,14603700,-3.53%
117,2022-06-14,81.84711456298828,81.42468566989984,82.49482740672335,81.00226393868674,10449600,1.92%
118,2022-06-15,83.6682357788086,82.14751169486205,84.30656661709354,82.01609127185125,11742500,2.23%
119,2022-06-16,79.75862884521484,80.41919921335456,81.08920105561732,79.25848713194817,10505200,-4.67%
120,2022-06-17,80.21157836914062,80.21157836914062,80.77777630594449,79.22072658003582,9735500,0.57%
121,2022-06-21,82.05171203613281,81.15523269434776,82.80664731312808,81.15523269434776,9604000,2.29%
122,2022-06-22,80.12667083740234,79.87187702594213,81.32512329994768,79.78695055518811,7868700,-2.35%
123,2022-06-23,79.38116455078125,79.39059602445984,79.48496835803158,78.09777856986642,10370300,-0.93%
124,2022-06-24,81.07975769042969,79.40947251828023,81.67427170731531,79.40947251828023,10670100,2.14%
125,2022-06-27,81.02313232421875,82.02341559748646,82.09891057649467,80.75890709728746,7358000,-0.07%
126,2022-06-28,79.58875274658203,81.29679236754312,81.91960791582727,79.58875274658203,8289200,-1.77%
127,2022-06-29,78.93763732910156,79.67369542395085,79.84355553811591,78.63566459276345,7981300,-0.82%
128,2022-06-30,77.14466094970703,76.87099706831913,77.58818492300477,75.60648865045464,14201600,-2.27%
129,2022-07-01,72.66226196289062,74.58734093598913,74.75720105713306,71.88845634425675,19531700,-5.81%
130,2022-07-05,71.82239532470703,70.35027917097705,71.86014281577675,69.58590507611144,22253100,-1.16%
131,2022-07-06,71.30339050292969,70.10493802140662,72.00170842720534,69.62366641404891,11530500,-0.72%
132,2022-07-07,76.10662841796875,74.17211115121123,76.39916243602207,73.92675609112953,15847800,6.74%
133,2022-07-08,76.91818237304688,75.41775037790224,77.5315664314444,75.26676763099033,10004200,1.07%
134,2022-07-11,74.65338897705078,75.27620455249554,75.74803737009813,74.37972507888958,9519600,-2.94%
135,2022-07-12,74.64395141601562,76.58790754920373,76.88988026898087,74.48352998354598,10363700,-0.01%
136,2022-07-13,76.71057891845703,74.8138090111987,77.11635542200787,74.45521866836665,14706500,2.77%
137,2022-07-14,78.95651245117188,78.27707195169299,79.30567137440363,75.97453239185704,23377000,2.93%
138,2022-07-15,80.80609130859375,80.75891234334699,81.192997701446,79.2396099902015,14061000,2.34%
139,2022-07-18,78.87158203125,81.21186896803574,81.23074631407323,78.67341309544462,11352500,-2.39%
140,2022-07-19,81.29679107666016,80.21157422081212,81.59876377397816,79.796359062151,10673100,3.07%
141,2022-07-20,81.68370056152344,80.38144448939711,81.86299934811687,80.31538817848342,11664800,0.48%
142,2022-07-21,82.84442138671875,81.79695177349979,82.85386006059964,81.5327265016245,7135000,1.42%
143,2022-07-22,81.45722198486328,82.48582132964354,82.78779406213357,80.96651899441616,8612100,-1.67%
144,2022-07-25,81.4383544921875,81.4383544921875,81.81581502039941,80.80609298827659,5960900,-0.02%
145,2022-07-26,79.66425323486328,79.98510330283482,80.40031129722473,79.12636409701472,6977700,-2.18%
146,2022-07-27,82.69343566894531,80.50413118955443,82.94822947968251,80.50413118955443,9399500,3.80%
147,2022-07-28,83.61821746826172,82.22158907754515,83.62765614106057,81.57989611958313,10668200,1.12%
148,2022-07-29,83.49553680419922,82.87271404233456,84.18440867154945,82.84440522581295,10366200,-0.15%
149,2022-08-01,81.44778442382812,80.49468724865814,81.99511225881153,79.55102154679625,20102600,-2.45%
150,2022-08-02,81.20243835449219,79.75862375045303,82.58018944629862,79.42834218727994,15541600,-0.30%
151,2022-08-03,81.63652038574219,81.11750137940416,81.88186828001307,79.79636798112375,20779400,0.53%
152,2022-08-04,83.43891906738281,82.09891550768954,83.43891906738281,81.74032513525832,13472500,2.21%
153,2022-08-05,84.7128677368164,83.07089141501784,85.85470958315236,83.0520212686147,13293500,1.53%
154,2022-08-08,82.98595428466797,83.96736736217464,84.08060262522731,82.01397987894805,12120300,-2.04%
155,2022-08-09,80.40975189208984,82.04229668962714,82.23102694617117,79.68313248483774,13075000,-3.10%
156,2022-08-10,83.67483520507812,81.91961644150066,83.67483520507812,81.44778359536905,10704600,4.06%
157,2022-08-11,84.47695922851562,84.89217448429058,85.873587780014,84.2787902745136,11158800,0.96%
158,2022-08-12,85.741455078125,84.62792940699622,86.20384919591665,84.59018191988713,12098800,1.50%
159,2022-08-15,86.4114761352539,84.93935980616433,86.7606350695425,84.92992113237312,15949500,0.78%
160,2022-08-16,84.88272094726562,86.00568535624247,86.20385427554471,83.58046496345194,10566100,-1.77%
161,2022-08-17,84.17497253417969,83.9862422852877,84.7128616630791,83.49553931841004,9093100,-0.83%
162,2022-08-18,84.24102783203125,83.71257738178662,84.61849552489059,83.43891348445352,10947700,0.08%
163,2022-08-19,82.28765106201172,83.51441942492912,83.59934588718116,82.11779093790929,9602800,-2.32%
164,2022-08-22,80.43807220458984,80.59850086513386,81.18356906378077,80.15497677932166,8054000,-2.25%
165,2022-08-23,81.18356323242188,80.36257863855616,81.72145242135394,80.20214998953561,8462500,0.93%
166,2022-08-24,80.74003601074219,80.96652096532125,81.27792517857091,80.40031577847162,7085800,-0.55%
167,2022-08-25,82.63679504394531,81.46665173367522,82.65566518783483,81.16467903426367,6602100,2.35%
168,2022-08-26,79.96622467041016,82.57074386418489,82.84440776494361,79.88129821824238,9381500,-3.23%
169,2022-08-29,78.18270874023438,79.18299936669119,79.56989859421995,78.1166524233588,9639700,-2.23%
170,2022-08-30,78.1260757446289,79.06030267102786,79.2490401104399,77.12579251433502,8392300,-0.07%
171,2022-08-31,78.65454864501953,79.37173672047005,80.08892479592056,78.38088467939238,8887100,0.68%
172,2022-09-01,77.04085540771484,76.86155664822284,77.22015416720684,75.60648693056933,11566000,-2.05%
173,2022-09-02,76.3425521850586,76.95593629474745,78.30537845622392,76.06888828382519,8850100,-0.91%
174,2022-09-06,75.52156829833984,76.46523404181448,76.46523404181448,75.04029675328026,12704400,-1.08%
175,2022-09-07,75.44607543945312,73.97395914197259,75.66312173439887,73.82297636254819,9843500,-0.10%
176,2022-09-08,75.71971893310547,74.55901438104029,76.1915516907637,74.33252947365483,8181700,0.36%
177,2022-09-09,76.93704986572266,76.27648687149828,77.05973099293338,76.19155322961419,7084700,1.61%
178,2022-09-12,77.52214050292969,77.3522803849842,77.85242206571309,77.15411144731416,7903000,0.76%
179,2022-09-13,74.37029266357422,75.88959504004438,76.56903550649042,74.09662874238911,12835100,-4.07%
180,2022-09-14,75.17240142822266,75.2478892007896,75.64423420485093,74.53070856402434,8849600,1.08%
181,2022-09-15,74.00323486328125,74.57263504392444,75.20846512497072,73.70903909836798,10533100,-1.56%
182,2022-09-16,73.91781616210938,73.17759525022683,74.02220703330467,72.99728242901392,10604500,-0.12%
183,2022-09-19,74.24048614501953,72.64616128207707,74.24048614501953,72.64616128207707,10378600,0.44%
184,2022-09-20,74.1645736694336,73.58568135565882,74.43978536289349,73.55721242880385,8202800,-0.10%
185,2022-09-21,73.20606231689453,73.6236257910977,75.2653962868229,73.20606231689453,10869000,-1.29%
186,2022-09-22,71.77307891845703,72.55126092225275,72.83596465743129,71.51685134904974,10817900,-1.96%
187,2022-09-23,70.10284423828125,70.51091575981027,70.59632254230094,69.36261592177581,12685500,-2.33%
188,2022-09-26,69.28668975830078,69.72323013526844,70.40651324367558,69.20127574959186,13441500,-1.16%
189,2022-09-27,69.3056640625,69.76118853135625,70.26415878968108,68.66034195513787,12430600,0.03%
190,2022-09-28,68.45158386230469,67.48360398693015,68.60342781783231,67.09450928112933,12943600,-1.23%
191,2022-09-29,65.74691009521484,66.92367149105766,67.07551540810394,64.98771223093284,16120300,-3.95%
192,2022-09-30,65.06362915039062,64.35187705586803,66.09804595939482,64.28544714999192,10472400,-1.04%
193,2022-10-03,65.71843719482422,64.60810576978606,66.02211777022737,64.20003431780846,11945100,1.01%
194,2022-10-04,69.09688568115234,67.1893954282263,69.21076861399176,67.11347347300003,14900700,5.14%
195,2022-10-05,70.6817398071289,69.20129034653024,71.0898113473753,68.87863283300953,14037100,2.29%
196,2022-10-06,70.55836486816406,70.19774636909446,71.09929623692727,70.0933554698316,11796800,-0.17%
197,2022-10-07,66.19293212890625,68.1478751910096,68.35665692391682,66.19293212890625,14758600,-6.19%
198,2022-10-10,64.00074768066406,66.28784053976047,66.31630946376704,63.59267620916502,16042200,-3.31%
199,2022-10-11,60.2142219543457,60.92597035818669,61.59976864571714,59.426547976777655,28699300,-5.92%
200,2022-10-12,60.84056091308594,60.356567530778534,60.954443838427586,60.13829735411047,16468700,1.04%
201,2022-10-13,63.22256088256836,59.844110052701566,66.61998496005856,59.1418464795817,36639300,3.92%
202,2022-10-14,60.660255432128906,63.82992845471473,64.01023405793062,60.52739562331023,19440900,-4.05%
203,2022-10-17,61.58079528808594,61.666209310841914,62.01733573684631,60.77414430145661,11280100,1.52%
204,2022-10-18,60.46097183227539,62.53929042943808,62.73858016281684,59.57839887570248,16656100,-1.82%
205,2022-10-19,60.41351318359375,59.540432416366585,60.84056513284968,58.99949753387034,12385200,-0.08%
206,2022-10-20,60.33760070800781,60.49892944886206,61.95090259718405,60.147799420999306,11300900,-0.13%
207,2022-10-21,60.498931884765625,58.857157383331405,60.527400811907704,58.857157383331405,13699000,0.27%
208,2022-10-24,58.16438293457031,57.490591810152175,58.47755197853094,56.636487835426074,25010800,-3.86%
209,2022-10-25,58.02203369140625,56.90221003837607,58.23081547693483,56.47515803168515,21700600,-0.24%
210,2022-10-26,57.73733139038086,57.756311881093616,58.819194019899015,57.348240381165404,14006000,-0.49%
211,2022-10-27,57.84172058105469,58.695820917102765,59.265224761293155,57.80375960074366,12937600,0.18%
212,2022-10-28,58.847660064697266,57.6708986593882,58.86664055448073,57.00659599759978,11972300,1.74%
213,2022-10-31,58.41111755371094,58.44907853190892,59.09440068064204,57.95559667580958,10802800,-0.74%
214,2022-11-01,58.43959426879883,60.03391564517559,60.19524800395368,58.43959426879883,11561900,0.05%
215,2022-11-02,57.43364334106445,59.312668236373824,59.682778706943516,57.43364334106445,16547200,-1.72%
216,2022-11-03,57.20588684082031,56.94016721891604,57.78477912010462,56.399235919949,11040900,-0.40%
217,2022-11-04,59.29369354248047,58.37315968304401,59.3126740325899,57.90815034591717,14662800,3.65%
218,2022-11-07,59.55941390991211,59.42655409763985,59.720746267784406,58.809704452067436,8507100,0.45%
219,2022-11-08,61.704166412353516,61.08732030920991,62.396941726770734,60.94496842374689,14102800,3.60%
220,2022-11-09,61.685184478759766,63.13715766265523,63.20358757171198,61.6377314407262,15086800,-0.03%
221,2022-11-10,67.22734832763672,64.28544138228852,67.25582449072877,63.88686198279251,21367900,8.98%
222,2022-11-11,70.06487274169922,69.03045600918252,70.79560165230438,68.68881444984821,15524700,4.22%
223,2022-11-14,69.08740997314453,69.5049663012933,69.92252986975916,68.55596345682876,11575300,-1.40%
224,2022-11-15,76.35675048828125,77.74229345465834,78.7007881350748,75.92970220232063,48742400,10.52%
225,2022-11-16,75.39826202392578,76.45165560581006,76.46114766014955,74.8763148803114,24006600,-1.26%
226,2022-11-17,77.32475280761719,75.25592637446384,78.71029605326052,74.67703407617437,24278400,2.56%
227,2022-11-18,78.07445526123047,78.55844870468485,78.61538655439126,76.86922492043942,18578400,0.97%
228,2022-11-21,75.85379791259766,76.68891781212912,76.89769959709126,75.41725747145732,18659700,-2.84%
229,2022-11-22,78.33068084716797,77.20136535878386,78.9475340275538,77.08748967277252,16504700,3.27%
230,2022-11-23,77.7897720336914,78.23580457327392,78.71979085891988,77.56201335572167,14683800,-0.69%
231,2022-11-25,77.24882507324219,77.95108507890978,78.16935889651374,77.24882507324219,5908300,-0.70%
232,2022-11-28,75.18000030517578,76.17644886560669,76.94514602972941,74.86682765461899,13214200,-2.68%
233,2022-11-29,75.28439331054688,75.83481666819345,76.11951316191923,74.93325967060336,11502300,0.14%
234,2022-11-30,78.74826049804688,76.51809798509025,79.17530888886309,76.36626129247544,21667300,4.60%
235,2022-12-01,78.46354675292969,78.80518831820717,79.3650964588853,77.00208166597963,15975100,-0.36%
236,2022-12-02,77.34371948242188,77.63790800036189,77.9700647351772,77.01156998792253,10519800,-1.43%
237,2022-12-05,77.45761108398438,77.76129169014223,77.98905033468144,76.82177370582409,11523300,0.15%
238,2022-12-06,75.5026626586914,77.24883162671168,77.28679260865961,75.12306731984599,13992100,-2.52%
239,2022-12-07,75.198974609375,74.9712159805202,75.64500705277301,74.58212138425684,14925300,-0.40%
240,2022-12-08,76.6794204711914,75.39826104371168,76.8407491912849,75.06611154930863,11197500,1.97%
241,2022-12-09,76.5750503540039,76.72688706104177,77.9985547790337,76.5750503540039,13787900,-0.14%
242,2022-12-12,76.32829284667969,75.72093165496727,76.32829284667969,74.78142094283656,11516600,-0.32%
243,2022-12-13,76.40422821044922,77.90364734287655,77.90364734287655,75.5691009950885,16938000,0.10%
244,2022-12-14,75.93919372558594,76.69839879028348,77.3532129775772,75.46469237022899,17910000,-0.61%
245,2022-12-15,74.069580078125,75.59658966673184,75.59658966673184,73.8596148944373,17080200,-2.46%
246,2022-12-16,72.8193359375,74.06957379439541,74.49904270179073,72.75252950120839,11929100,-1.69%
247,2022-12-19,72.62844848632812,73.41104121679444,73.60192193236841,72.30396219188455,12561300,-0.26%
248,2022-12-20,72.17034912109375,71.68361239949373,72.7238849912563,71.48319310974189,12080600,-0.63%
249,2022-12-21,73.62100219726562,72.3993948121383,73.88822790259293,72.31349667465201,10806100,2.01%
250,2022-12-22,71.84585571289062,72.80023744612531,72.94339616238148,70.64333269023558,13019700,-2.41%
251,2022-12-23,71.47364807128906,71.47364807128906,71.91266279881833,70.78649205207634,7452600,-0.52%
252,2022-12-27,70.92965698242188,70.93920283945674,71.33049560162078,70.77695967664131,8974800,-0.76%
253,2022-12-28,69.72712707519531,70.80558309343249,71.14916109978267,69.51716192894189,10275700,-1.70%
254,2022-12-29,72.53301239013672,70.9582810596062,72.57118853357832,70.76740762375304,11142500,4.02%
255,2022-12-30,71.09188842773438,70.90101500662992,71.16824070871786,70.29021132147054,7784100,-1.99%
256,2023-01-03,70.65288543701172,72.38986006964906,72.50438851009471,70.40474412339053,9276200,-0.62%
257,2023-01-04,72.8384017944336,71.56907254724986,73.11517332601638,71.07279733012619,12316400,3.09%
258,2023-01-05,72.27534484863281,72.53302475911192,72.95295512722494,71.90312920694241,10039200,-0.77%
259,2023-01-06,74.50858306884766,73.01020400983467,75.14801709500338,72.67617185298876,13744100,3.09%
260,2023-01-09,76.64640045166016,76.88499590297909,77.51489138951163,76.40780500034123,22247600,2.87%
261,2023-01-10,77.56260681152344,76.83728187553844,77.85847012515283,76.78955987230148,10269000,1.20%
262,2023-01-11,78.04933166503906,77.84891238846761,78.15431423105566,76.95179129027268,11771400,0.63%
263,2023-01-12,83.03121185302734,81.08427221857308,84.7777321947024,80.56890520227446,36086800,6.38%
264,2023-01-13,82.84033203125,81.51374208985276,83.12664216399976,81.02700539841754,18719900,-0.23%
265,2023-01-17,84.93042755126953,82.2867933804793,85.63667526936617,82.22953280709216,21850000,2.52%
266,2023-01-18,85.3885498046875,86.35247756299404,87.05871813060035,85.28356721312164,19209800,0.54%
267,2023-01-19,84.36734771728516,84.96860559536889,85.90390290929844,84.23373485548878,13651100,-1.20%
268,2023-01-20,86.87738037109375,85.8943682110289,86.87738037109375,85.13085980327743,14287200,2.98%
269,2023-01-23,91.29615783691406,87.57406771314085,91.36296426533299,87.53589157099366,22875100,5.09%
270,2023-01-24,90.24634552001953,91.42023840079959,93.5294214182025,87.37366139046512,11370500,-1.15%
271,2023-01-25,88.19441223144531,88.45209207449318,88.75749391283155,86.9632590227629,14147300,-2.27%
272,2023-01-26,89.18696594238281,89.60689621566038,89.97910449193662,88.4139191041713,15759400,1.13%
273,2023-01-27,89.0438003540039,88.58569401224595,89.82639292343573,88.03215097301647,13646600,-0.16%
274,2023-01-30,88.8815689086914,88.61434318625629,89.95047907978669,88.35666332000953,14079800,-0.18%
275,2023-01-31,88.49980926513672,86.8487258878684,88.52843954821502,85.894344284705,13342100,-0.43%
276,2023-02-01,90.41812896728516,88.7575066873972,91.40114104837606,88.34712222543781,16788500,2.17%
277,2023-02-02,92.24100494384766,92.19328294000304,93.05222803971769,91.46795071342673,14925300,2.02%
278,2023-02-03,90.34178924560547,90.70445172663321,92.52731727038912,90.00774977365116,12242200,-2.06%
279,2023-02-06,87.64087677001953,87.61224648288912,87.85084191744889,86.60059688903443,12425200,-2.99%
280,2023-02-07,90.2367935180664,87.59315210600437,90.37994494936379,87.49771539135459,15258900,2.96%
281,2023-02-08,89.9791030883789,90.68534348858476,91.56338016277388,89.9313883734763,12899700,-0.29%
282,2023-02-09,92.27919006347656,91.62066420943725,94.07342544962314,91.25800170156313,16997400,2.56%
283,2023-02-10,91.01940155029297,91.57293750098412,92.09785044195209,89.95049123475631,11511400,-1.37%
284,2023-02-13,91.72563171386719,91.11482796879189,91.99285744216826,90.58037651218974,7803500,0.78%
285,2023-02-14,93.4912338256836,91.44885749662792,94.47424584707383,90.87622991227344,15345100,1.92%
286,2023-02-15,88.52845001220703,88.11806558308551,89.40647944337482,86.6292251548503,30208300,-5.31%
287,2023-02-16,86.67694854736328,86.829653119425,87.6026999917619,85.77982738988756,15568400,-2.09%
288,2023-02-17,85.98979949951172,85.86573248568031,86.18068023004697,84.88272038782861,11235300,-0.79%
289,2023-02-21,83.64201354980469,84.34825398544244,85.34081185027763,83.48931626055949,14007600,-2.73%
290,2023-02-22,82.86898803710938,83.74701770023009,84.07150407433082,82.70674485005901,10106400,-0.92%
291,2023-02-23,85.97071838378906,86.18068355480038,87.79358392225393,85.37899901833492,15468300,3.74%
292,2023-02-24,84.09058380126953,84.07149208707015,84.12875994831276,83.26026898612929,8817600,-2.19%
293,2023-02-27,83.31755065917969,84.6536796204092,84.79683837521429,83.2602827884436,10609400,-0.92%
294,2023-02-28,83.09803009033203,83.16483653075015,84.12876426937362,82.93578691808176,7520400,-0.26%
295,2023-03-01,84.38642883300781,84.97814811296918,85.93252982050744,84.24327012060616,8176700,1.55%
296,2023-03-02,84.9686050415039,83.64201500706224,85.26446105050239,83.1457397066756,9761600,0.69%
297,2023-03-03,85.69393920898438,84.62502901518909,85.75119978462082,83.87106655010423,10844000,0.85%
298,2023-03-06,85.49352264404297,85.97071353987083,87.16369077944044,85.42671620988128,9960000,-0.23%
299,2023-03-07,84.79682159423828,85.84664011945918,86.12341171561515,84.27191597230548,8761100,-0.81%
300,2023-03-08,86.6865005493164,84.31963048403773,86.69603912473046,84.11921118001355,8813000,2.23%
301,2023-03-09,84.825439453125,85.61757797969774,86.55287521176683,84.52958346809233,10354700,-2.15%
302,2023-03-10,83.2697982788086,84.01421479467986,85.10220928423848,83.22207628415876,11928800,-1.83%
303,2023-03-13,83.73745727539062,82.4394974420585,84.93998038478618,82.37269100716738,11847600,0.56%
304,2023-03-14,85.21673583984375,84.01421295822377,85.54122209603663,83.70881113066119,11100100,1.77%
305,2023-03-15,82.7448959350586,83.22208681653264,83.26026296081317,81.54238015631958,12171500,-2.90%
306,2023-03-16,85.66996002197266,82.4561315880004,85.83304776933716,82.33141871988518,13184600,3.54%
307,2023-03-17,85.83305358886719,85.43971653933865,86.37028729626195,85.38215787619217,13287700,0.19%
308,2023-03-20,86.37987518310547,85.58361292367351,86.69646244084487,85.05597481336751,8217500,0.64%
309,2023-03-21,88.73987579345703,87.30085078059017,89.219550797746,87.10898370657846,12299700,2.73%
310,2023-03-22,88.8550033569336,89.69922875736343,91.16703314776596,88.77825359709635,12812400,0.13%
311,2023-03-23,90.74491882324219,90.64898528092391,91.92492261961132,89.63207655768196,11169700,2.13%
312,2023-03-24,89.0180892944336,90.13093151237261,90.35158523759644,88.34653988842264,7653700,-1.90%
313,2023-03-27,86.97467803955078,88.29857845829359,88.43288687819823,86.86914894973143,9349800,-2.30%
314,2023-03-28,87.11856842041016,86.97467178033936,87.17613439569789,86.26474753277957,7521300,0.17%
315,2023-03-29,88.98931121826172,88.0299611840997,89.43061135566506,87.73255769641274,9264000,2.15%
316,2023-03-30,88.71109771728516,89.55532310182453,89.71841084896398,88.28898136538557,10232800,-0.31%
317,2023-03-31,89.23873901367188,87.53109708459459,89.4689882970437,87.42556799286419,8701800,0.59%
318,2023-04-03,89.0660629272461,89.22915801266407,89.79517107847852,87.98199991076076,6863600,-0.19%
319,2023-04-04,88.42327880859375,89.25791585919082,89.48815778653318,87.99157427991946,6338400,-0.72%
320,2023-04-05,86.53336334228516,87.87645474824328,88.43287948088096,85.43011674524818,9171800,-2.14%
321,2023-04-06,86.57173156738281,86.01531419675563,87.21450155292771,85.76588117727937,5874500,0.04%
322,2023-04-10,85.40133666992188,84.82572811429242,85.41093221963934,82.95499847868169,12232900,-1.35%
323,2023-04-11,85.61238861083984,85.03678009714645,86.18799712453324,84.87369236013087,11079200,0.25%
324,2023-04-12,83.33872985839844,85.29580456583199,85.8618175031672,83.32913430984355,11299100,-2.66%
325,2023-04-13,83.51142120361328,83.04133442937874,84.06783864614566,82.4753214373645,7910500,0.21%
326,2023-04-14,83.65530395507812,84.37481634225801,84.77774884171521,83.02213686037425,7656400,0.17%
327,2023-04-17,84.41320037841797,84.18295843891781,84.47076635273747,83.61694547946755,8163600,0.91%
328,2023-04-18,84.5571060180664,84.61466467427208,84.80653906039004,83.94312262100779,8468200,0.17%
329,2023-04-19,83.68409729003906,82.72474736375722,83.82799392357407,82.54246853560076,11191300,-1.03%
330,2023-04-20,85.66034698486328,84.72977648100833,88.14505952510758,84.51871834785464,19206300,2.36%
331,2023-04-21,81.89972686767578,84.21175697756622,84.33647718432802,81.81338154612831,13175400,-4.39%
332,2023-04-24,81.19938659667969,81.92849467464629,82.46572835353749,80.57580760838957,10567600,-0.86%
333,2023-04-25,78.94491577148438,79.88507471310844,80.00979490279528,78.91613644132893,13423700,-2.78%
334,2023-04-26,78.90653228759766,78.89693673883882,79.03124514442591,77.90880747519414,11583500,-0.05%
335,2023-04-27,80.2688217163086,79.53012535420693,80.45110057884791,78.82020832424084,10013700,1.73%
336,2023-04-28,80.87319946289062,81.04588273758665,81.07466206349284,80.31677476450801,8262600,0.75%
337,2023-05-01,80.56622314453125,80.87321487814448,81.24736082475872,80.48947338131288,4931100,-0.38%
338,2023-05-02,79.5876693725586,80.10571921344767,80.6333646030363,79.19433970698634,6875000,-1.21%
339,2023-05-03,79.33824920654297,79.26150676227947,80.35516527508256,79.08882345398106,7151600,-0.31%
340,2023-05-04,80.09611511230469,79.62603574584803,80.35514366472043,79.2806692221326,7290600,0.96%
341,2023-05-05,81.51597595214844,80.87321316712894,82.09158452558769,80.34556770524122,6865000,1.77%
342,2023-05-08,82.06279754638672,81.06507269642725,82.06279754638672,80.97873471212529,6746600,0.67%
343,2023-05-09,81.60231018066406,81.78458902622876,82.00524275082074,80.87320943692484,7287800,-0.56%
344,2023-05-10,81.44882202148438,81.07467608149543,81.6886595378496,80.74849325322344,7442300,-0.19%
345,2023-05-11,80.03857421875,80.71971186959433,80.71971186959433,79.1751577179403,8730900,-1.73%
346,2023-05-12,80.03857421875,79.99060378899281,80.51824923928206,79.57808297856484,5069800,0.00%
347,2023-05-15,82.17791748046875,79.94263041514202,82.18750570978125,79.84669688720393,8707300,2.67%
348,2023-05-16,82.38896942138672,82.20669791163265,83.22360649610805,82.11075706314627,11283200,0.26%
349,2023-05-17,87.18571472167969,84.71059758647235,88.06832217657077,84.48034834471359,23215600,5.82%
350,2023-05-18,88.88378143310547,87.54068993194151,89.60329395309402,87.36800663437387,14879000,1.95%
351,2023-05-19,88.81661224365234,88.38490041291847,89.01807483695804,87.83807128272915,9295200,-0.08%
352,2023-05-22,87.99159240722656,88.32736347861925,88.68232565081176,87.49272625607706,9259800,-0.93%
353,2023-05-23,86.76362609863281,87.30085981688104,87.62703534031446,86.65809700122541,7656700,-1.40%
354,2023-05-24,86.4662094116211,85.6507634080418,86.48540050964002,85.55482987572529,9443900,-0.34%
355,2023-05-25,96.84637451171875,93.11450379226342,98.20865700317184,93.03776135891081,60793200,12.00%
356,2023-05-26,99.01451873779297,96.75045201240131,100.19452253115577,96.63533468961671,26135800,2.24%
357,2023-05-30,97.83450317382812,99.57092410010594,100.96197848689907,97.40279133984293,25248000,-1.19%
358,2023-05-31,94.58231353759766,95.67597927768598,95.91581677908277,94.073859205718,22206700,-3.32%
359,2023-06-01,94.82215118408203,94.66865898896826,96.50101369642847,94.59190923178151,14998500,0.25%
360,2023-06-02,94.9180908203125,97.13418696596553,97.18215739340565,94.6110991147707,13085100,0.10%
361,2023-06-05,94.06427764892578,94.02590276766863,94.79337843503119,90.41874444135793,10568500,-0.90%
362,2023-06-06,95.7623062133789,93.64214382402227,96.51059796029786,93.4598650018337,13827600,1.81%
363,2023-06-07,96.21321868896484,97.25890674430721,98.83224026196186,95.49370614177181,14367500,0.47%
364,2023-06-08,95.87744903564453,94.96606207095644,96.60654982428272,94.62069545770247,9074200,-0.35%
365,2023-06-09,98.62117767333984,98.52523682304368,100.42475294231504,98.09353227374801,14902400,2.86%
366,2023-06-12,102.70801544189453,100.098582098455,103.02460271942803,100.06980276763562,20568100,4.14%
367,2023-06-13,102.4585952758789,105.52851271815746,106.19046664009836,102.40102929184457,17858600,-0.24%
368,2023-06-14,103.04379272460938,101.71988496690352,103.32199779908083,100.9428137659962,12862600,0.57%
369,2023-06-15,101.32705688476562,102.37712458407323,102.75284490437524,101.2210858059473,11987900,-1.67%
370,2023-06-16,100.73941040039062,101.56790762410326,101.8761851480487,100.52746822456889,11430800,-0.58%
371,2023-06-20,100.1710205078125,100.36369119214685,101.03804593723254,99.29435198928562,9295500,-0.56%
372,2023-06-21,97.91673278808594,99.37142067248763,99.93017593271018,97.89746866010925,9340400,-2.25%
373,2023-06-22,99.3521499633789,97.70479138680203,99.64116333467254,97.61809178536315,8575900,1.47%
374,2023-06-23,98.17684936523438,97.80112903372581,98.4465912648483,97.3098165808214,8919000,-1.18%
375,2023-06-26,96.44277954101562,98.28280876071663,99.265448322999,96.42350806337038,8560000,-1.77%
376,2023-06-27,98.34062957763672,97.44469683980483,99.02462013126292,96.35608604818768,9732000,1.97%
377,2023-06-28,97.22311401367188,96.81850114599676,98.14794657546463,96.54875923421336,8160900,-1.14%
378,2023-06-29,96.95337677001953,97.62773158194702,97.8011381550021,96.35608582951504,7383900,-0.28%
379,2023-06-30,97.22311401367188,97.68553396952618,98.15758231514714,96.73180153860176,11704600,0.28%
380,2023-07-03,99.37142944335938,98.50439660957552,99.88201340383321,98.33099004281875,5638400,2.21%
381,2023-07-05,97.2905502319336,97.68553471284761,99.31362193561921,97.26165036258202,9010800,-2.09%
382,2023-07-06,95.76842498779297,95.46977588309528,95.91292432080694,94.9880918399415,9140800,-1.56%
383,2023-07-07,96.55839538574219,95.45052051483567,98.20575408251655,95.37344929687858,8036600,0.82%
384,2023-07-10,96.11524200439453,96.57766197399368,97.0593460736146,95.75880047462134,8041600,-0.46%
385,2023-07-11,97.5506591796875,98.58146278772753,98.58146278772753,96.47168422504403,7677800,1.49%
386,2023-07-12,100.09395599365234,99.06315232864681,100.60453995623696,98.99571684962461,10202000,2.61%
387,2023-07-13,101.70277404785156,101.15365450311698,101.7798452628813,98.76449828660431,9265900,1.61%
388,2023-07-14,101.28853607177734,102.11703334540317,103.36941499620957,101.01879414081384,9518300,-0.41%
389,2023-07-17,100.95136260986328,100.84539151141985,101.1825689383232,98.83194799091126,10722600,-0.33%
390,2023-07-18,99.37142944335938,99.89164914362969,99.93018475289962,98.2731903038718,10343600,-1.57%
391,2023-07-19,99.28471374511719,100.09394676871835,100.95134378723019,98.8126654354671,11204800,-0.09%
392,2023-07-20,94.27520751953125,94.93993389340045,96.77032749405163,93.494881671887,22810200,-5.05%
393,2023-07-21,93.68755340576172,94.29447269959287,94.40044378501167,92.80125646400062,15381200,-0.62%
394,2023-07-24,94.65092468261719,93.70682062230337,94.67018881245723,93.23477226710445,9054900,1.03%
395,2023-07-25,96.64509582519531,95.8743983388239,97.19421539551226,95.4794212057476,9202200,2.11%
396,2023-07-26,95.76842498779297,95.84548884876202,96.46204383600563,94.95919197333872,8993500,-0.91%
397,2023-07-27,95.71061706542969,97.78185990281219,98.03233766103209,95.2867401091135,8049800,-0.06%
398,2023-07-28,97.1653060913086,96.44278002421078,97.29054129696941,96.12486679070807,6758700,1.52%
399,2023-07-31,95.51795959472656,95.54685946507122,96.12487892171275,94.81469756670332,8647900,-1.70%
400,2023-08-01,94.79544067382812,95.50833114644946,95.55650250064575,94.49679150766126,6428500,-0.76%
401,2023-08-02,92.19432830810547,93.92839390477526,93.92839390477526,91.72227997620143,9820900,-2.74%
402,2023-08-03,91.50071716308594,91.36583884978293,92.30030720318845,91.1153684034454,8571700,-0.75%
403,2023-08-04,92.6374740600586,91.78970548269122,94.00545491000979,91.64519880701134,7562600,1.24%
404,2023-08-07,92.82051849365234,93.1866030895151,93.38890951621609,91.74155088458046,6601400,0.20%
405,2023-08-08,91.02864837646484,91.40436134196334,91.42363281963338,90.23868684004297,7659000,-1.93%
406,2023-08-09,90.537353515625,92.3195833503988,92.33884748189232,90.27723996600443,6426900,-0.54%
407,2023-08-10,91.32730865478516,91.9534921072851,92.45444768918438,90.82635307288587,7459600,0.87%
408,2023-08-11,88.6202392578125,90.07492730760161,90.07492730760161,88.60097512764563,10658400,-2.96%
409,2023-08-14,89.6606674194336,88.3312221074732,89.87260957422045,87.9555091421384,7489700,1.17%
410,2023-08-15,88.32159423828125,89.13081997420906,89.31386227872811,88.13855193376222,6069500,-1.49%
411,2023-08-16,88.41792297363281,88.09038134784548,89.32349133890537,87.97477452996537,7439500,0.11%
412,2023-08-17,88.28306579589844,89.51617597926779,89.51617597926779,88.00368812155438,7712500,-0.15%
413,2023-08-18,87.76284790039062,86.77057975857832,87.9844258363867,86.27925988305073,9066200,-0.59%
414,2023-08-21,89.16935729980469,87.18482118070324,89.50654204618219,87.18482118070324,8618300,1.60%
415,2023-08-22,88.861083984375,89.93042331377129,90.06529427874771,88.44683534911412,7059000,-0.35%
416,2023-08-23,90.7685546875,90.35430605971062,91.61631607347807,89.8244505997767,10362600,2.15%
417,2023-08-24,89.14045715332031,92.99392990072361,93.23477194743633,89.08265741408238,12254400,-1.79%
418,2023-08-25,89.68958282470703,88.87072128018455,89.98823198088175,88.0614954761623,10356000,0.62%
419,2023-08-28,90.55661010742188,90.38320353875145,90.7011168062999,89.83408396294776,5174800,0.97%
420,2023-08-29,91.59703826904297,90.33502109375915,92.11725791115829,90.08455068637834,8910300,1.15%
421,2023-08-30,91.30803680419922,91.95349173410757,92.40627596401572,91.16353010424103,6073400,-0.32%
422,2023-08-31,90.14236450195312,89.9207865762825,90.94196189252958,89.85335109454209,8661200,-1.28%
423,2023-09-01,89.77627563476562,90.84561481428047,91.1153567064256,89.67993294478637,7094600,-0.41%
424,2023-09-05,91.13462829589844,89.97858942065278,91.5681483865525,89.46800546158734,6396500,1.51%
425,2023-09-06,88.8803482055664,90.41210004693991,90.51807113218263,88.23488595456557,7933700,-2.47%
426,2023-09-07,86.75130462646484,86.77056875545286,86.98251092389944,85.19064558147102,14684400,-2.40%
427,2023-09-08,86.35633087158203,87.42567023601589,87.73394778747955,86.04805332011837,5820800,-0.46%
428,2023-09-11,86.31778717041016,86.79947125880521,87.07884891206425,85.89391017056532,7268600,-0.04%
429,2023-09-12,87.1655502319336,87.14627875369139,88.21561794875522,87.10774314712242,8242600,0.98%
430,2023-09-13,87.87844848632812,87.28115755563556,88.52390341712933,87.16555807544196,5757800,0.82%
431,2023-09-14,88.5766372680664,89.84519720051503,89.9904539029324,88.38295920215565,6506300,0.79%
432,2023-09-15,86.4268569946289,87.64700292674003,88.25707219876426,86.04919400889067,19940500,-2.43%
433,2023-09-18,86.02014923095703,85.73932156556735,86.83357497506806,85.63280047221048,6647400,-0.47%
434,2023-09-19,85.38101196289062,85.65215384358946,86.02981680428601,85.01303475166536,7172100,-0.74%
435,2023-09-20,84.52886962890625,85.71995849827029,86.49465609198671,84.52886962890625,6935300,-1.00%
436,2023-09-21,82.65990447998047,83.31839510638952,83.41523044214269,82.65021872998639,10652500,-2.21%
437,2023-09-22,82.9310531616211,83.52175836253451,84.02530658249418,82.74706083699009,7967200,0.33%
438,2023-09-25,83.51206970214844,82.68895822747454,83.51206970214844,82.3306593414825,8758000,0.70%
439,2023-09-26,81.62374877929688,82.26286788932794,82.53401716577088,81.36228525259962,8877600,-2.26%
440,2023-09-27,82.73736572265625,82.47590222079597,82.85356515631713,81.43974873830382,7860700,1.36%
441,2023-09-28,83.67668914794922,82.55337863144507,84.37390795798454,82.29192250118959,6647700,1.14%
442,2023-09-29,84.15119171142578,84.97430314173896,85.24544503520094,83.95751365319401,7338300,0.57%
443,2023-10-02,84.8774642944336,84.42233011150046,85.62310447059956,84.26738767132653,6305000,0.86%
444,2023-10-03,82.70832824707031,84.2480300780894,84.55790759434838,82.36939347998411,8201700,-2.56%
445,2023-10-04,83.92847442626953,82.7664354818839,84.01563141053335,82.67927849762009,7658500,1.48%
446,2023-10-05,84.27709197998047,84.08342127517597,85.15831067938777,83.79290782990537,6651700,0.42%
447,2023-10-06,86.46559143066406,85.30354523891832,87.17249603001822,84.61600475146511,9777100,2.60%
448,2023-10-09,86.1750717163086,85.99108680852265,86.51399906019005,85.25512501319294,4781300,-0.34%
449,2023-10-10,87.74383544921875,86.44621833394707,87.79225681017054,86.32033313875976,7182900,1.82%
450,2023-10-11,89.0898666381836,88.37327630127308,89.09955238799739,87.7631996600647,8051700,1.53%
451,2023-10-12,89.49658203125,89.58373900594015,90.48432167473767,88.9349267349972,8897800,0.46%
452,2023-10-13,87.59857940673828,89.81614329210824,90.00013559942029,87.34680162642637,7985100,-2.12%
453,2023-10-16,88.33454132080078,87.6179509787737,88.99303193965504,87.56952961742138,8791800,0.84%
454,2023-10-17,88.12150573730469,86.96914522117515,88.79936051852029,85.71994936316668,7997100,-0.24%
455,2023-10-18,86.76579284667969,86.06856653162649,87.16282737144296,85.77806049239656,9982700,-1.54%
456,2023-10-19,89.9710922241211,90.14539140606145,91.76257190089473,89.43848676353784,22751600,3.69%
457,2023-10-20,88.42169189453125,89.08986827074182,91.33648204465541,88.20864972309816,12197300,-1.72%
458,2023-10-23,88.22801208496094,87.13375886728281,89.34163680061526,86.3396973756797,8227900,-0.22%
459,2023-10-24,88.74125671386719,88.3151723635003,89.08986983906506,87.98593073862601,7374800,0.58%
460,2023-10-25,84.86779022216797,87.92783734408587,87.97625132225504,83.93815761739958,13027100,-4.36%
461,2023-10-26,84.68379974365234,84.3642438389621,85.35197619430747,83.8025884858915,9377300,-0.22%
462,2023-10-27,83.26997375488281,84.77094731746318,85.0033536009123,83.17313841911755,12480700,-1.67%
463,2023-10-30,83.33775329589844,84.54821337694769,85.50690308054334,83.27965357618793,9785500,0.08%
464,2023-10-31,83.5798568725586,83.4249218025465,83.69606371611495,82.26287553117217,9004900,0.29%
465,2023-11-01,85.0227279663086,83.7347965318439,85.09051344243501,83.60890394184999,9508800,1.73%
466,2023-11-02,87.6179428100586,87.54047159434259,88.16991229292701,86.63988902881394,11032600,3.05%
467,2023-11-03,88.88652038574219,88.75094942509442,89.52563957335833,87.96656613784579,9226700,1.45%
468,2023-11-06,89.6708984375,89.08987896533874,89.680584188654,88.40233839467385,8402700,0.88%
469,2023-11-07,89.48690032958984,89.33195788617317,90.10665532713185,88.84777383258957,6241300,-0.21%
470,2023-11-08,89.0898666381836,90.37779800510971,90.48431908887427,89.02208116561182,6537700,-0.44%
471,2023-11-09,88.72189331054688,89.6999398308858,90.41653758733118,88.7025218100685,8166000,-0.41%
472,2023-11-10,94.35779571533203,91.06534249927617,94.65798748024532,90.64894389565642,19281700,6.35%
473,2023-11-13,93.37004852294922,93.94138953207911,94.10601033258385,92.69219382201085,9526300,-1.05%
474,2023-11-14,95.78129577636719,94.90007722727249,96.53662173955547,94.85165586529885,13873200,2.58%
475,2023-11-15,95.67477416992188,96.78839160863077,97.51466770590834,95.30678955227457,10422900,-0.11%
476,2023-11-16,95.42298126220703,95.13246791411977,95.96526496470447,94.8129120968974,8459000,-0.26%
477,2023-11-17,96.43009948730469,95.81034447946368,96.565670433516,95.20995358334036,7243000,1.06%
478,2023-11-20,96.79808044433594,96.73998071888163,97.40814972579452,96.39136759003023,6448900,0.38%
479,2023-11-21,95.29711151123047,96.83681329637278,96.98206999392985,95.13248331369911,10112600,-1.55%
480,2023-11-22,95.5295181274414,95.59730360146261,96.49788626378026,94.85165599916665,7413500,0.24%
481,2023-11-24,94.73545837402344,95.36489915236763,95.60699119111057,94.38684524718859,4297600,-0.83%
482,2023-11-27,94.13507080078125,94.33842723397856,94.4643198269552,93.37005904462202,6856100,-0.63%
483,2023-11-28,94.8807144165039,94.77419332915115,95.14217056578445,94.16411666739212,6358100,0.79%
484,2023-11-29,95.75224304199219,95.86844988337165,96.57536190598661,95.48110113350302,7091100,0.92%
485,2023-11-30,94.2319107055664,95.80066990799851,95.84909127503649,93.83488357049575,9681400,-1.59%
486,2023-12-01,95.43267822265625,94.60955943572432,95.65539874603658,93.9510688390161,7500400,1.27%
487,2023-12-04,93.94139862060547,93.98013423412979,94.12538354976746,92.23706856584923,10619400,-1.56%
488,2023-12-05,93.63151550292969,93.40878758549577,93.9510713662915,92.84713230506455,8009600,-0.33%
489,2023-12-06,94.75482940673828,94.70641542829142,95.45205571132949,94.36748063884724,11262300,1.20%
490,2023-12-07,96.1492691040039,94.8613377636498,96.48819645987018,94.79355229247655,11373700,1.47%
491,2023-12-08,97.17573547363281,95.98464687103699,97.19510697257218,95.82001868230097,10572500,1.07%
492,2023-12-11,97.75675964355469,96.42041428556213,98.00853742569096,96.22674361503422,9482800,0.60%
493,2023-12-12,98.38619995117188,96.98206912616322,98.43462131261181,96.78839106846593,7378600,0.64%
494,2023-12-13,98.88975524902344,98.19252901930015,99.43203903300267,97.71803070831832,8988800,0.51%
495,2023-12-14,100.6497802734375,100.55248858909842,101.00003627536195,100.01738061379363,10074500,1.78%
496,2023-12-15,99.76441955566406,100.69843311701835,101.92432916380582,99.61847831294746,16379200,-0.88%
497,2023-12-18,100.14385986328125,100.05629215065888,100.51357123588296,99.31686940545546,5660600,0.38%
498,2023-12-19,101.05842590332031,100.44547413587144,101.16544899214851,100.2995328853893,8498500,0.91%
499,2023-12-20,97.33209991455078,99.9200946892322,100.29953750423105,97.23480821737581,10814100,-3.69%
500,2023-12-21,99.7741470336914,98.55798243027186,99.93954363826535,98.42177258851925,9068200,2.51%
501,2023-12-22,100.35791015625,100.14386398644892,100.78599507297207,99.92981781664784,5566400,0.59%
502,2023-12-26,101.62271881103516,100.80545970005541,102.11891608434726,100.7665415391211,6407500,1.26%
503,2023-12-27,101.81730651855469,102.20648069317933,102.51781854830305,101.26273573215056,5889700,0.19%
504,2023-12-28,101.86595153808594,102.15783403304671,102.66375527838119,101.86595153808594,5335100,0.05%
505,2023-12-29,101.18489837646484,101.88541039903961,102.1286433278292,100.86382912897142,4409600,-0.67%
506,2024-01-02,98.78175354003906,99.48226554621596,99.84225294463457,97.86719537387702,9020900,-2.38%
507,2024-01-03,97.45858764648438,97.6239842896984,98.50935589081124,96.9623977168423,6650600,-1.34%
508,2024-01-04,96.44672393798828,96.83589813157363,97.72126960755232,96.4369999647369,7996700,-1.04%
509,2024-01-05,96.91374206542969,96.32025304375387,97.91586068216336,96.12566964312087,7347300,0.48%
510,2024-01-08,99.4725341796875,97.90611356066609,100.00764957980527,97.77963511285631,12455600,2.64%
511,2024-01-09,99.13202667236328,98.31476747252741,99.2098630026946,97.49750084981054,7764000,-0.34%
512,2024-01-10,98.07152557373047,99.74496198612879,99.9979263252217,97.27372181771162,6975700,-1.07%
513,2024-01-11,98.48014831542969,98.94715137676883,99.39470649296526,97.28343905284848,7862700,0.42%
514,2024-01-12,98.4996109008789,98.15908626393434,99.60875253143,98.13963089448623,6519700,0.02%
515,2024-01-16,98.91796875,97.80882715433597,99.57956263363118,97.48775789693845,11185500,0.42%
516,2024-01-17,100.16331481933594,98.13962253940298,100.53303361329733,97.29316929430581,17649500,1.26%
517,2024-01-18,109.9704818725586,108.19001486944288,110.32073791982334,106.51657838269875,58783700,9.79%
518,2024-01-19,111.10880279541016,110.15533383795622,112.03309241092752,108.01487953587404,37812600,1.04%
519,2024-01-22,109.9704818725586,111.67311254897534,111.9844504328906,109.47428456845341,17755500,-1.02%
520,2024-01-23,111.04070281982422,110.44721383249376,111.51744474268345,110.09696521619955,11667900,0.97%
521,2024-01-24,113.36600494384766,112.20822120175809,115.6329377168348,111.50770914977234,21859200,2.09%
522,2024-01-25,113.40491485595703,114.82539422565817,115.6231979106377,113.3270859625266,15485300,0.03%
523,2024-01-26,114.08598327636719,113.73572723966394,114.8448688815974,113.15196965278534,10196400,0.60%
524,2024-01-29,113.81356048583984,113.99841247257567,114.67946915791468,112.62658255165718,10042200,-0.24%
525,2024-01-30,112.91846466064453,113.2103471758143,114.81568616348663,112.43199875061538,11030800,-0.79%
526,2024-01-31,109.9023666381836,110.42775065982173,111.63418391902044,109.8245303187824,12853900,-2.67%
527,2024-02-01,110.32073974609375,110.7196453598691,110.94341552423218,109.56185410541761,8807600,0.38%
528,2024-02-02,112.61685943603516,111.75095070029265,112.82117422979545,110.83639240384879,10044000,2.08%
529,2024-02-05,115.5745620727539,113.95949182434228,116.30426087641167,113.42438382205464,13267600,2.63%
530,2024-02-06,116.14859008789062,116.86856493012358,117.71501080522418,115.07836664336514,11503800,0.50%
531,2024-02-07,121.5970230102539,116.76155064217527,121.61647838072729,116.7518192454982,18172500,4.69%
532,2024-02-08,130.1101837158203,123.5623559397631,131.10257844789825,122.69644711007875,33367000,7.00%
533,2024-02-09,129.50694274902344,130.85931725545387,131.51117973092292,127.05515064065864,16984200,-0.46%
534,2024-02-12,126.92867279052734,129.66260842061814,129.896102521218,126.7340745790152,14203800,-1.99%
535,2024-02-13,124.09745788574219,124.46716930890537,126.40330157220015,123.05642112455666,14494000,-2.23%
536,2024-02-14,125.77090454101562,126.12116060122122,127.24975026565093,124.49635876859153,13069700,1.35%
537,2024-02-15,125.53738403320312,127.2594774083446,127.58054667121915,124.87579756116627,12554000,-0.19%
538,2024-02-16,123.26073455810547,123.68881951102355,125.1579486365215,122.40454980650793,13104400,-1.81%
539,2024-02-20,121.93754577636719,123.45531702772699,123.62071365427144,120.78948594132099,12038800,-1.07%
540,2024-02-21,121.94727325439453,121.06190913995226,121.9861914187376,119.58305600931956,11469700,0.01%
541,2024-02-22,125.57630157470703,126.17951447772647,127.9210556876179,125.50818922978053,17014100,2.98%
542,2024-02-23,126.02385711669922,126.9676021672122,127.46379204959848,124.27258429915574,10123300,0.36%
543,2024-02-26,127.10380554199219,126.500592596645,127.67783172196842,125.08010568362927,9526700,0.86%
544,2024-02-27,125.10929107666016,127.23029002683448,128.39780516614783,125.10929107666016,8851800,-1.57%
545,2024-02-28,123.93204498291016,125.0217312269304,125.09956754926333,123.22180895454287,6519100,-0.94%
546,2024-02-29,125.18714141845703,124.56446561803892,125.69307014559742,123.70828824818429,9369900,1.01%
547,2024-03-01,130.2755584716797,126.60761637626861,132.9511208475382,126.57842961073828,24393000,4.06%
548,2024-03-04,134.51756286621094,136.15209622316925,138.14660964242967,133.9532605671279,26544600,3.26%
549,2024-03-05,131.31658935546875,133.4083865183045,133.7099929622171,130.1101487340592,13694700,-2.38%
550,2024-03-06,137.7379608154297,135.04293559681105,140.10217794223973,134.85807618114882,22292700,4.89%
551,2024-03-07,145.16139221191406,140.97778334947435,147.49643696678555,140.24808464715667,34675700,5.39%
552,2024-03-08,142.40802001953125,149.73419514203923,154.11238815608436,141.00699587971508,43856900,-1.90%
553,2024-03-11,135.25698852539062,139.73246608099973,140.49135172838047,135.16941337703,29227100,-5.02%
554,2024-03-12,140.49134826660156,140.60811017961808,142.72909441214776,136.76503247626775,21218500,3.87%
555,2024-03-13,138.2925262451172,139.17789775113803,139.3530183501692,137.543364598041,12923100,-1.57%
556,2024-03-14,135.8407440185547,138.74981567745328,139.2265576420173,135.25699379937177,14961900,-1.77%
557,2024-03-15,133.27220153808594,131.77389301130643,133.97271366238238,130.98582058291345,22751200,-1.89%
558,2024-03-18,133.48126220703125,136.9394206829396,138.26798185743425,133.4519569161713,14732900,0.16%
559,2024-03-19,131.75216674804688,132.17223406583142,133.1198114900379,129.9547061333644,17341100,-1.30%
560,2024-03-20,133.58868408203125,133.3737687359971,134.1357359061021,131.88890313777316,12750200,1.39%
561,2024-03-21,136.22628784179688,139.2546301366023,139.303477252205,135.8257623623203,17809400,1.97%
562,2024-03-22,137.2910614013672,136.17741593617143,138.07257039060235,135.8941265669213,9944100,0.78%
563,2024-03-25,136.98825073242188,136.91987669761843,138.40472760298374,136.0406733632361,9922200,-0.22%
564,2024-03-26,135.63037109375,137.35945739916272,137.70137225768354,135.4349975629002,10786400,-0.99%
565,2024-03-27,133.5301055908203,135.6499393713147,136.0602283379219,132.0256978072128,13842800,-1.55%
566,2024-03-28,132.9049072265625,132.5434504563387,133.63756932273313,132.30900812543513,10019400,-0.47%
567,2024-04-01,138.21913146972656,134.11621241622385,139.65515015724327,133.8817701201697,14222700,4.00%
568,2024-04-02,136.97848510742188,137.134789907426,137.7795211218623,136.12860197972438,9869200,-0.90%
569,2024-04-03,138.71734619140625,135.3764090789023,139.62583996578527,135.19079897719973,9707500,1.27%
570,2024-04-04,136.43142700195312,140.6710938932287,143.35752103355077,136.20673327240982,15759500,-1.65%
571,2024-04-05,138.09213256835938,136.76357156265175,138.71733687068965,135.70853650758573,8263600,1.22%
572,2024-04-08,139.4890594482422,141.88243373540723,142.6248591428512,139.45975416281976,16307400,1.01%
573,2024-04-09,142.0387420654297,142.87886180406463,144.74471138380756,139.64538237354267,18443400,1.83%
574,2024-04-10,142.8397979736328,143.24032348160185,144.9987005200111,141.90198396790632,18861300,0.56%
575,2024-04-11,143.79713439941406,143.79713439941406,144.14881277729336,140.7981121793732,11818800,0.67%
576,2024-04-12,139.22532653808594,141.64799145970355,143.12307897010697,138.86386980307677,12024000,-3.18%
577,2024-04-15,136.9003448486328,141.66753732922155,142.11689503652772,136.64636070563574,13458800,-1.67%
578,2024-04-16,136.56820678710938,134.70235722060747,137.2910904576566,133.89154277695405,14218200,-0.24%
579,2024-04-17,135.81600952148438,137.86746928883298,139.2741828543237,134.18461709390914,18823200,-0.55%
580,2024-04-18,129.2122802734375,129.81794278392758,132.00616542131823,127.28782014153816,39306100,-4.86%
581,2024-04-19,124.74791717529297,126.37930948728275,128.5089215136126,123.71242390351897,28284000,-3.46%
582,2024-04-22,126.75052642822266,123.81987841832157,127.63949323534385,122.87230103596981,18556800,1.61%
583,2024-04-23,130.34544372558594,128.3233044084349,130.61898457882117,127.63948954046221,12573800,2.84%
584,2024-04-24,129.89608764648438,132.94395675589436,133.13933030541233,128.49913770064055,15558000,-0.34%
585,2024-04-25,133.42262268066406,126.99473360632616,134.65348934790302,125.8810880770971,18034300,2.71%
586,2024-04-26,135.10287475585938,133.64731422739612,135.53270551089798,132.80719454419693,9453400,1.26%
587,2024-04-29,135.2982635498047,134.80982216514835,135.44479000278236,132.76814075473644,9997100,0.14%
588,2024-04-30,134.16505432128906,134.75118985076168,136.470497881278,134.086901923623,10980600,-0.84%
589,2024-05-01,131.82054138183594,134.2432060736555,136.20673474767253,130.13053864531244,12561800,-1.75%
590,2024-05-02,133.08071899414062,132.4652930618697,133.5789386846055,130.1403075891569,9261900,0.96%
591,2024-05-03,138.28750610351562,135.6889946666454,138.82479454437922,135.5522316913389,13264300,3.91%
592,2024-05-06,139.5281524658203,137.22270878620702,139.5281524658203,136.5779626515418,8601600,0.90%
593,2024-05-07,137.84791564941406,138.59034112045933,139.00063005756698,137.26178007866213,8682900,-1.20%
594,2024-05-08,140.2803497314453,137.8479066494967,140.92508092992264,137.54507542326348,10202300,1.76%
595,2024-05-09,139.4890594482422,139.6356007813998,140.03612622356695,137.86744566603446,8012700,-0.56%
596,2024-05-10,145.8094940185547,143.81666003892693,147.02083382957284,143.53335573266702,23671400,4.53%
597,2024-05-13,143.02540588378906,144.59818769520209,145.00847665826015,142.91794818588951,8278700,-1.91%
598,2024-05-14,148.43731689453125,143.10354592950168,148.4959274690409,142.8690887254166,12316500,3.78%
599,2024-05-15,151.98341369628906,149.81473288923536,152.39370264545502,149.19929201246285,14027100,2.39%
600,2024-05-16,148.71083068847656,150.5376112456098,151.47541017318792,148.69130376926736,13394100,-2.15%
601,2024-05-17,148.17356872558594,150.43994386600272,150.43994386600272,147.35299079104104,7711200,-0.36%
602,2024-05-20,150.00033569335938,148.16379151932915,150.67438711493628,147.3334502004671,9261200,1.23%
603,2024-05-21,150.1175537109375,148.7792292621924,150.43016331107876,148.43731437529365,7919400,0.08%
604,2024-05-22,152.5402374267578,152.2764898131945,153.59527259915512,150.96745558263515,13455200,1.61%
605,2024-05-23,153.45849609375,155.50017731044744,157.06319555546796,152.26669803578235,20873000,0.60%
606,2024-05-24,156.30123901367188,153.5659643497231,156.94598520205474,153.08730134511424,11908200,1.85%
607,2024-05-28,155.72488403320312,155.98863164551364,156.67246150096503,153.95672862615706,13964400,-0.37%
608,2024-05-29,150.77206420898438,153.1263549664621,153.25335448054773,149.66819695363105,15780000,-3.18%
609,2024-05-30,149.42398071289062,150.0394066627959,150.4887792525165,148.37870909443546,9687800,-0.89%
610,2024-05-31,147.54837036132812,147.9782011748234,148.9746257964671,144.39304311651293,13782600,-1.26%
611,2024-06-03,151.3679962158203,151.5340645133383,153.51713552717877,148.9355674336487,12924400,2.59%
612,2024-06-04,148.94529724121094,149.85379094106918,150.23477457424298,147.49951510840344,10066700,-1.60%
613,2024-06-05,159.1537322998047,154.92382829770227,159.94500492472974,154.29862394785616,23192600,6.85%
614,2024-06-06,158.32339477539062,160.71675453663923,160.89258627710052,156.65291871076897,14819100,-0.52%
615,2024-06-07,160.58973693847656,159.78870092309907,162.27973973561558,158.21591927307722,14023300,1.43%
616,2024-06-10,164.27259826660156,160.20876266068413,165.91375404627186,158.66528620730068,12418900,2.29%
617,2024-06-11,161.87924194335938,164.29212854601212,164.5168223037629,160.00361400533515,11508600,-1.46%
618,2024-06-12,168.9811553955078,169.3523755697454,171.98995572437175,167.57444200476144,20309500,4.39%
619,2024-06-13,169.4456787109375,169.48487071469165,170.58244120975394,167.09375475272358,15591800,0.27%
620,2024-06-14,169.05368041992188,168.55390387873635,170.16104515480606,166.94676260266667,9192500,-0.23%
621,2024-06-17,173.68890380859375,174.27687350440698,175.0902457890325,170.00422792131954,18593700,2.74%
622,2024-06-18,176.08984375,176.41323386674608,181.15625900620896,175.40387151132947,27155100,1.38%
623,2024-06-20,171.8661651611328,178.92190601079858,179.50008143119575,170.02382726229942,28403200,-2.40%
624,2024-06-21,170.47463989257812,169.24968420367532,173.92410434631634,168.7597019281142,20175600,-0.81%
625,2024-06-24,164.44784545898438,167.0153477437282,167.98551801195993,163.77166754049608,19741700,-3.54%
626,2024-06-25,169.14187622070312,166.54496136163777,169.1810682207815,165.62379235254664,13346800,2.85%
627,2024-06-26,168.62252807617188,168.67151434725082,170.21006605782895,166.78998397374912,11901500,-0.31%
628,2024-06-27,168.19131469726562,170.30802668788374,171.96416911272246,167.72092096328663,10864600,-0.26%
629,2024-06-28,170.32765197753906,169.3476873358612,173.27735511895665,169.3476873358612,11216100,1.27%
630,2024-07-01,168.8772735595703,170.74900922671227,171.7877691395138,167.03493562935137,10717000,-0.85%
631,2024-07-02,172.17977905273438,167.70134855890672,173.16955287918267,167.60334611663964,10655500,1.96%
632,2024-07-03,178.833740234375,174.42389965773677,178.833740234375,174.31610295662938,11808700,3.86%
633,2024-07-05,180.3036651611328,180.45065384791198,181.37182282658378,178.64752284242337,11372900,0.82%
634,2024-07-08,182.89080810546875,186.1932842034623,188.9371882244439,181.4208611249151,22582400,1.43%
635,2024-07-09,180.8230743408203,184.3215402290507,184.66453382438087,178.84354163829212,19935200,-1.13%
636,2024-07-10,187.22222900390625,184.50772303187554,187.5848110999748,182.95937725896198,19293500,3.54%
637,2024-07-11,180.80348205566406,189.2213750027428,189.59376636323415,179.34332931069858,21584200,-3.43%
638,2024-07-12,183.5963592529297,179.40211229330205,186.56565055955693,179.08851646865944,19220300,1.54%
639,2024-07-15,181.509033203125,184.89970213608743,186.25205798558568,180.39187422621364,15683100,-1.14%
640,2024-07-16,182.3125762939453,184.49790774284506,185.79145301709116,181.31302333982305,16663300,0.44%
641,2024-07-17,167.76992797851562,171.70938965659028,173.0421420427857,167.09375004648726,45052600,-7.98%
642,2024-07-18,168.42649841308594,171.9837744298662,175.10986366242196,161.213958898702,52903600,0.39%
643,2024-07-19,162.44873046875,165.78060401553222,167.10356216229513,161.9097469662513,22585300,-3.55%
644,2024-07-22,165.95701599121094,163.2719075232072,167.4563606781376,162.8505149569134,21037200,2.16%
645,2024-07-23,166.41758728027344,166.0255924879076,168.10311255169333,164.60464687912824,11690700,0.28%
646,2024-07-24,156.5983428955078,161.78234894504743,162.13513679201742,156.39254375432833,19536600,-5.90%
647,2024-07-25,157.06871032714844,154.9911903527753,160.1261948106518,149.062402081923,25731800,0.30%
648,2024-07-26,158.69546508789062,161.00818207455956,161.29236522091873,156.00056251649167,13089200,1.04%
649,2024-07-29,156.80410766601562,159.42061097658527,159.95959441952755,155.4517668809898,12663100,-1.19%
650,2024-07-30,151.44371032714844,157.22550996644563,157.92127640185967,149.4935905024986,22018000,-3.42%
651,2024-07-31,162.4781036376953,160.488777063654,163.3110644218846,158.8228405422051,19860400,7.29%
652,2024-08-01,155.0107879638672,160.20460315734624,164.31065708380058,153.6976390333898,21095600,-4.60%
653,2024-08-02,146.8574981689453,148.2196483890757,150.77735663873906,143.9470020588776,31095300,-5.26%
654,2024-08-05,144.98573303222656,131.1780379351789,146.99466308500234,130.89385483256552,31193100,-1.27%
655,2024-08-06,152.2766876220703,147.42586619225898,154.55021250770403,144.7603614761025,24528100,5.03%
656,2024-08-07,151.93370056152344,158.31327949092687,159.39123154755953,151.4241297506379,22379000,-0.23%
657,2024-08-08,161.253173828125,156.07896206768862,161.4491637525363,152.42368343624432,18889600,6.13%
658,2024-08-09,163.77166748046875,162.98770781886967,164.43805113651445,159.96941527188258,20519400,1.56%
659,2024-08-12,164.2714385986328,162.67409182763203,166.1333649937451,162.22330162032506,14727300,0.31%
660,2024-08-13,168.8870849609375,164.634042452973,168.99488165828555,163.00729773047416,15243500,2.81%
661,2024-08-14,166.56459045410156,168.43632649846379,169.05369405133885,163.84028996100912,11510300,-1.38%
662,2024-08-15,170.47463989257812,168.9752803725345,171.92498324137878,167.39755180017715,15393500,2.35%
663,2024-08-16,171.04298400878906,169.9160309022645,171.49377422324116,168.79887205687595,10710000,0.33%
664,2024-08-19,171.93479919433594,171.2586211762663,171.93479919433594,167.67196183101643,11511000,0.52%
665,2024-08-20,168.5930938720703,171.88577534392476,171.88577534392476,166.446984077451,13555500,-1.94%
666,2024-08-21,168.005126953125,166.9467634314728,169.61226823717337,166.50578236905253,9434800,-0.35%
667,2024-08-22,163.10531616210938,168.55391713755242,169.80827067349296,162.73292481600797,13546100,-2.92%
668,2024-08-23,167.84832763671875,165.61400964952713,169.8180510074325,164.5556461366881,12189100,2.91%
669,2024-08-26,165.68260192871094,166.966353005931,167.62292741362862,164.4576463278412,9611300,-1.29%
670,2024-08-27,167.1329345703125,163.08567673681546,167.16233230662266,161.73332105426633,9186000,0.88%
671,2024-08-28,165.80999755859375,167.88753255625923,169.0144857986213,162.87010393183473,10581400,-0.79%
672,2024-08-29,165.76100158691406,165.27101930028047,171.9053836481596,164.1538602848788,13213200,-0.03%
673,2024-08-30,168.25991821289062,166.65277687290202,168.7792982527418,165.36902564409732,9481400,1.51%
674,2024-09-03,157.27452087402344,164.63404948890332,165.3004182260263,156.59834292113092,18464400,-6.53%
675,2024-09-04,157.6468963623047,156.1083597554742,160.59659930240448,155.7653661730668,11317400,0.24%
676,2024-09-05,160.42019653320312,158.3034694809871,161.2923643991987,157.8232964134052,10260600,1.76%
677,2024-09-06,153.6780548095703,161.5863613076046,162.0959470833484,152.88427092784372,14964400,-4.20%
678,2024-09-09,159.5186309814453,157.5390983697236,159.83222682028435,157.03932182378057,10339000,3.80%
679,2024-09-10,159.17564392089844,159.62643421942354,159.62643421942354,154.53062125417077,11910800,-0.22%
680,2024-09-11,166.81936645507812,160.51820137603153,166.96637011408797,158.18588088801226,15059500,4.80%
681,2024-09-12,168.61537170410156,167.79901225493177,169.3235515946874,166.22527582957153,13399900,1.08%
682,2024-09-13,169.66781616210938,169.41209036391228,171.90055046696216,168.63505254033953,8787800,0.62%
683,2024-09-16,166.30397033691406,167.12034482470966,167.75966682914233,164.03189935689022,12194300,-1.98%
684,2024-09-17,164.60238647460938,166.56954967115917,167.44493669329324,163.62863528934213,8629100,-1.02%
685,2024-09-18,164.5335235595703,165.6941576145673,168.78260313898045,164.2581219210823,9116000,-0.04%
686,2024-09-19,173.32675170898438,171.51696515698234,174.861136612128,169.79569734748532,15855000,5.34%
687,2024-09-20,171.22186279296875,171.99888554470834,173.13001323154043,170.79891495979754,18429800,-1.21%
688,2024-09-23,171.8907012939453,171.96938961665668,172.52019286737325,170.84810728247993,5794200,0.39%
689,2024-09-24,178.98233032226562,176.5528827681927,179.77902895181953,174.1431110468254,14576100,4.13%
690,2024-09-25,179.35609436035156,178.53971990602113,180.80196038078148,178.23481203922864,8280900,0.21%
691,2024-09-26,183.76254272460938,185.40512211155567,186.22149659876794,180.78229182979027,15103400,2.46%
692,2024-09-27,175.0480194091797,182.78880183641118,182.88716600019814,174.48737069046962,17908400,-4.74%
693,2024-09-30,170.81861877441406,171.40877375189643,173.91690989379973,169.1071813463268,13540200,-2.42%
694,2024-10-01,169.24490356445312,172.43169853990372,173.10054187349272,167.9760748174929,11850200,-0.92%
695,2024-10-02,172.91363525390625,170.12026732234898,174.06442383821127,167.98588220388646,11164400,2.17%
696,2024-10-03,176.533203125,172.9136304149672,177.8216924865417,172.24478719177955,12555000,2.09%
697,2024-10-04,178.18563842773438,176.74960275120375,178.25448133241176,174.63490840743827,9993800,0.94%
698,2024-10-07,181.48062133789062,178.6184105133108,181.96258168695508,177.9593976858758,12054200,1.85%
699,2024-10-08,182.99533081054688,181.92323063767512,183.47727611322148,179.0413292000543,10394200,0.83%
700,2024-10-09,184.0674591064453,184.71662656119386,184.91333987856078,179.26757611971902,11925000,0.59%
701,2024-10-10,182.7297821044922,182.8084704307525,184.0084411417607,181.3724347409634,6443800,-0.73%
702,2024-10-11,187.6772003173828,185.08054552660505,188.34604360120798,184.92316887061511,12163900,2.71%
703,2024-10-14,189.05419921875,187.48046287787594,191.0606987955155,187.3722683168376,11714400,0.73%
704,2024-10-15,184.0576171875,189.79189932945084,190.44105173535493,181.22489756805257,21812700,-2.64%
705,2024-10-16,184.40184020996094,186.6640804750452,186.8902999990752,183.59531125077243,18689200,0.19%
706,2024-10-17,202.4604034423828,200.01129522052088,209.10942369487177,198.65394800764957,62274700,9.79%
707,2024-10-18,197.4834747314453,202.56858883128567,202.56858883128567,197.4637989008891,21030800,-2.46%
708,2024-10-21,198.63429260253906,197.51301022694102,200.09983452668374,196.38189743873951,14820000,0.58%
709,2024-10-22,195.2212677001953,195.80159223839078,196.88352297090105,193.87376573890162,11165100,-1.72%
710,2024-10-23,197.56219482421875,193.45081605578812,199.79492919126537,193.00820735077576,16535700,1.20%
711,2024-10-24,194.68028259277344,195.69338536359786,197.20809429720757,194.168831009523,9935800,-1.46%
712,2024-10-25,200.09983825683594,196.96221062753943,201.83093642791576,196.71631523349757,13434900,2.78%
713,2024-10-28,191.483642578125,195.98844772821238,196.4605776624512,191.32628094164164,20135300,-4.31%
714,2024-10-29,193.70654296875,191.1984071426487,195.52615973839252,190.42138436145504,13779100,1.16%
715,2024-10-30,191.28692626953125,191.18857712430793,192.24100152694714,189.44763366379217,10007800,-1.25%
716,2024-10-31,187.41160583496094,189.69352203891387,189.69352203891387,184.57890141990552,13062700,-2.03%
717,2024-11-01,189.7820587158203,191.01153566397704,194.9163556519839,189.38863209571556,12691200,1.26%
718,2024-11-04,188.4148712158203,190.5197350419916,191.168902439064,187.47064137304477,10917300,-0.72%
719,2024-11-05,192.54591369628906,190.40171317836933,195.08355582868694,190.31319444321036,10339200,2.19%
720,2024-11-06,190.04762268066406,188.88698868163382,191.07054085882737,185.4051167010691,19834900,-1.30%
721,2024-11-07,197.8867645263672,193.08688200032626,198.6932935526414,193.0278695116065,14865200,4.12%
722,2024-11-08,197.8966064453125,200.54244323735205,203.21778627546712,196.73598741097175,13112100,0.00%
723,2024-11-11,190.86399841308594,194.70980578759526,194.94585574890698,188.34603210400726,16610000,-3.55%
724,2024-11-12,188.62142944335938,190.64760494262947,190.81481199751207,186.60508435616612,11819000,-1.17%
725,2024-11-13,183.5953369140625,189.28043710922174,189.3197737678406,183.43796026306,13882200,-2.66%
726,2024-11-14,185.4051055908203,185.30674144131345,189.49680807480752,184.46086078364553,11453900,0.99%
727,2024-11-15,182.95599365234375,185.0903637558199,185.70019450557237,181.77569882664093,9834800,-1.32%
728,2024-11-18,184.40184020996094,181.3232405744734,184.91330675009354,180.47735995390317,10681500,0.79%
729,2024-11-19,186.555908203125,186.02478077711868,186.90016774416128,184.93300467141265,9390100,1.17%
730,2024-11-20,185.2674102783203,185.74937061197124,185.74937061197124,181.0380068646092,10624500,-0.69%
731,2024-11-21,188.1001434326172,186.30018737208653,189.14273748764003,183.6740264009638,18137300,1.53%
732,2024-11-22,186.95916748046875,189.78204149463934,189.83122356975545,186.31983052048378,8838900,-0.61%
733,2024-11-25,182.041259765625,185.00183457917078,185.15921121591887,180.69375795809194,14380000,-2.63%
734,2024-11-26,180.82162475585938,182.35600954034143,182.84780030502225,179.33642204949803,10186600,-0.67%
735,2024-11-27,178.21514892578125,179.0118476044569,179.45445631391405,175.12670336414482,9895200,-1.44%
736,2024-11-29,181.62818908691406,178.52989791864138,183.88058443692475,178.205314176731,8045300,1.92%
737,2024-12-02,191.20823669433594,186.23131672914528,192.08362362487426,185.837890134307,16646900,5.27%
738,2024-12-03,195.62454223632812,190.32303805567628,195.73273681178077,189.4378206261648,11217700,2.31%
739,2024-12-04,197.39498901367188,196.56878409129237,199.27363342700397,195.01472339923734,12761100,0.91%
740,2024-12-05,200.94570922851562,197.94578256562008,202.25387446211477,197.4539918014819,12483700,1.80%
741,2024-12-06,199.68670654296875,198.68344927993505,199.85391358543077,196.64742851156618,9672900,-0.63%
742,2024-12-09,195.89990234375,197.63100017567464,199.79489122590653,195.7130194795699,9699700,-1.90%
743,2024-12-10,188.78863525390625,195.83108238628682,196.62778099887848,187.24440509704576,15307900,-3.63%
744,2024-12-11,191.4049835205078,191.47382642754764,192.78199174394467,190.08697278291652,9027600,1.39%
745,2024-12-12,188.91453552246094,192.0423883935221,192.82187867599492,188.74678243248522,7944900,-1.30%
746,2024-12-13,198.3178253173828,195.8707862998704,199.84720588342546,194.64728184703625,19477000,4.98%
747,2024-12-16,199.53146362304688,200.4984301974699,202.76785445068134,198.19940600209705,15139300,0.61%
748,2024-12-17,197.99220275878906,198.3276788010513,199.70905959620245,194.8446118156359,11169400,-0.77%
749,2024-12-18,192.9600067138672,200.30109353615964,202.51131791944914,191.38128791659344,14721100,-2.54%
750,2024-12-19,192.05224609375,195.7622511934336,195.9300042799773,191.37141728621924,10553400,-0.47%
751,2024-12-20,194.58807373046875,190.03936368470454,195.44650214812026,189.4275964282426,16170100,1.32%
752,2024-12-23,204.60313415527344,198.32769022068067,205.28396296348603,198.23889039071963,17847000,5.15%
753,2024-12-24,203.5868377685547,203.18228511842327,204.4452662724584,201.83050413072695,7634500,-0.50%
754,2024-12-26,200.36029052734375,202.76785284353318,205.3924914378001,200.19255250445144,8044900,-1.58%
755,2024-12-27,198.94932556152344,201.7811639739719,201.7811639739719,196.40362496237825,10664400,-0.70%
756,2024-12-30,197.72579956054688,197.18310883994812,199.2847951506659,195.8411895380686,11235200,-0.61%
757,2024-12-31,194.8643798828125,198.1204944051242,199.09733779537197,194.7361034122755,6427900,-1.45%
758,2025-01-02,198.8999786376953,194.38086831880136,201.06086481120212,194.0749922039985,10951400,2.07%
759,2025-01-03,205.83651733398438,201.38648349204763,206.02399368080182,200.99179248403127,10261900,3.49%
760,2025-01-06,217.08494567871094,215.8614412044037,219.24583187887922,212.82238822099904,24339900,5.46%
761,2025-01-07,208.60914611816406,218.29859536857228,218.53539490647435,208.51048466267878,17010000,-3.90%
762,2025-01-08,204.3663330078125,207.17844825576734,207.50406270965118,203.18229002927697,13262700,-2.03%
763,2025-01-10,205.59970092773438,204.8399489738144,207.18829646326523,200.5280382025607,17265200,0.60%
764,2025-01-13,198.6829071044922,197.85407856921526,200.88325490264015,197.39032604344598,16612400,-3.36%
765,2025-01-14,198.77171325683594,202.46199526591036,203.51776175505717,195.86093660561963,14182900,0.04%
766,2025-01-15,204.0505828857422,199.79788703908366,206.26079229694898,196.69963415579778,18286500,2.66%
767,2025-01-16,211.93434143066406,215.97983759236251,218.9991522142317,210.33588429106794,38539600,3.86%
768,2025-01-17,208.68809509277344,212.3093004207695,212.81251452071922,208.25394250963757,21606100,-1.53%
769,2025-01-21,215.7923583984375,211.60873926250005,217.22307749079198,209.23077684250728,19061300,3.40%
770,2025-01-22,220.23252868652344,218.999147572625,222.43287637806017,216.39424726230834,17294500,2.06%
771,2025-01-23,221.63365173339844,217.17375638716138,221.7125899327905,216.49292759133647,8986800,0.64%
772,2025-01-24,218.93008422851562,223.21237980673897,223.3899794588127,218.0223175429882,13183800,-1.22%
773,2025-01-27,189.7532196044922,194.42032963210562,204.2479172002601,185.1749094057184,68667500,-13.33%
774,2025-01-28,199.7090606689453,193.048802762985,200.1432132228739,189.901226858846,31738800,5.25%
775,2025-01-29,199.6400146484375,201.77130095714946,203.70523423081858,197.09431406679644,15199500,-0.03%
776,2025-01-30,205.3826141357422,203.82363367921303,206.8330715094805,202.68891403705172,13539000,2.88%
777,2025-01-31,206.53707885742188,207.138954398456,212.14155551583482,205.43195912089377,15746900,0.56%
778,2025-02-03,197.14364624023438,196.97590821036377,202.2646471895161,195.34783605705098,17719800,-4.55%
779,2025-02-04,201.33712768554688,201.35686599820792,203.0145229196281,199.39331792626558,12692900,2.13%
780,2025-02-05,205.79705810546875,203.26121916381516,207.6816531124961,201.12007123467404,10997800,2.22%
781,2025-02-06,207.7013702392578,207.2672176977438,208.37232230820044,204.2479032756597,8491400,0.93%
782,2025-02-07,203.37962341308594,210.178020047951,210.3457580859873,202.98494744781496,11616200,-2.08%
783,2025-02-10,205.18528747558594,205.23462573334092,207.18829728187504,203.784168279694,9296500,0.89%
784,2025-02-11,205.96478271484375,202.40277748467784,207.05014905268186,198.32768149965077,9224500,0.38%
785,2025-02-12,203.6361541748047,202.17582013923058,204.31698293832264,200.3109485528612,7373700,-1.13%
786,2025-02-13,199.1466522216797,199.19599047797507,199.61040473019665,196.5812134535401,15580900,-2.20%
787,2025-02-14,201.1891326904297,197.32125110452554,203.50789533847347,194.83476547810886,23220300,1.03%
788,2025-02-18,200.04454040527344,202.03767329920203,203.11319299431005,197.85405450282693,14988100,-0.57%
789,2025-02-19,198.27833557128906,199.32424029793472,199.90640759892523,197.36070729237503,13163100,-0.88%
790,2025-02-20,197.4396514892578,197.61725113989692,197.6764510234433,194.98275093063253,10639300,-0.42%
791,2025-02-21,195.60438537597656,198.6532999125934,199.99521918280826,193.40402260219008,13757300,-0.93%
792,2025-02-24,189.10198974609375,194.2624672592982,196.14706219257496,188.9145284603993,15114300,-3.32%
793,2025-02-25,186.85232543945312,188.1153066647696,190.95702194969363,184.97759191760255,20581000,-1.19%
794,2025-02-26,192.0325164794922,188.5494491392133,193.47311236056828,188.5494491392133,14112300,2.77%
795,2025-02-27,178.68240356445312,192.10159749128485,192.18053569743367,178.67254193465578,24219200,-6.95%
796,2025-02-28,178.1298370361328,176.92605583579387,179.73817086489694,173.1864508339004,27929400,-0.31%
797,2025-03-03,170.6703643798828,178.7416040211372,179.15603336871177,168.79563090966226,37403000,-4.19%
798,2025-03-04,177.6068878173828,172.73256304278038,181.15903159609945,171.86425788444467,29395200,4.06%
799,2025-03-05,181.82998657226562,180.56700544358216,182.28387747285,178.31731936711952,17334000,2.38%
800,2025-03-06,173.51206970214844,176.20576997239172,179.1362848483409,173.45285475878006,17864300,-4.57%
801,2025-03-07,174.74545288085938,173.4528567478051,176.0972338461156,168.74628497081935,21012700,0.71%
802,2025-03-10,168.3811798095703,170.17698989732165,172.56481387269892,165.67761810531016,18265100,-3.64%
803,2025-03-11,168.6969451904297,168.3811923820491,171.02556945650736,165.86510682390838,16561100,0.19%
804,2025-03-12,174.8144989013672,173.26538009438104,175.761742195159,172.43653656634268,14737600,3.63%
805,2025-03-13,169.30868530273438,171.57810951857604,171.57810951857604,168.23318060612226,14381600,-3.15%
806,2025-03-14,171.77545166015625,170.35459420155655,172.0517278264482,169.6441654722567,11449400,1.46%
807,2025-03-17,173.89688110351562,171.63731839782926,174.80464782624614,171.50905699582668,9678100,1.24%
808,2025-03-18,171.4938201904297,172.732006924053,172.9301137785159,168.81932475413603,9986000,-1.38%
809,2025-03-19,172.1178436279297,171.36503158936503,174.06922698872089,170.11694489302766,10678500,0.36%
810,2025-03-20,175.7928009033203,173.19756634629434,176.98145714469032,172.9003985073058,12209700,2.14%
811,2025-03-21,175.05978393554688,173.25699196224923,175.52534334331474,172.14756640255928,9993200,-0.42%
812,2025-03-24,179.4479217529297,178.28898084087513,181.20118319921087,177.98189784975378,11440000,2.51%
813,2025-03-25,179.19036865234375,180.74553836326493,180.7851536862475,178.10077345261396,8718800,-0.14%
814,2025-03-26,171.86032104492188,177.53616487962444,177.8531479428922,169.84950697039298,14612400,-4.09%
815,2025-03-27,166.65003967285156,169.7702642964753,169.98818637779465,165.96655815549397,17559100,-3.03%
816,2025-03-28,163.68826293945312,166.45188868601784,167.03632422837566,162.5095069181067,16332000,-1.78%
817,2025-03-31,164.43118286132812,158.84448544580366,164.5599591062595,158.22043455369962,19408300,0.45%
818,2025-04-01,167.04624938964844,164.8175132506125,167.27407151844406,163.50008074134337,9180000,1.59%
819,2025-04-02,168.77969360351562,165.27315575310058,170.12684124796638,164.7778811060905,10072700,1.04%
820,2025-04-03,155.8926544189453,158.54731930068786,160.2708805322107,155.724262850887,28370500,-7.64%
821,2025-04-04,145.41265869140625,149.4640022143427,149.8800311593171,143.471175166941,36085100,-6.72%
822,2025-04-07,144.78858947753906,133.2387810032414,152.2969549910083,132.98124362629505,46388300,-0.43%
823,2025-04-08,140.03396606445312,150.54369596988454,151.1677469384587,137.66655356545246,30479700,-3.28%
824,2025-04-09,157.24969482421875,138.87500305176368,159.10201710138733,136.5967367337562,45612500,12.29%
825,2025-04-10,149.7017364501953,154.03043251441574,154.52570721703444,145.52161675092674,24503500,-4.80%
826,2025-04-11,155.5955047607422,154.52570957302493,156.51670846665766,151.8016986670902,19632200,3.94%
827,2025-04-14,154.36721801757812,156.8039762417049,157.09122892314772,152.57432598533677,17509400,-0.79%
828,2025-04-15,155.84312438964844,155.0110665987046,156.75442793895593,154.57522248499603,14306600,0.96%
829,2025-04-16,150.23663330078125,149.17675324863248,152.08895593602128,147.08669330408955,23806100,-3.60%
830,2025-04-17,150.3059539794922,154.57521898042762,156.01151242107017,150.01868622261412,27239900,0.05%
831,2025-04-21,146.46263122558594,148.57250623148545,148.85975889988418,144.46171725554473,15170500,-2.56%
832,2025-04-22,149.9691619873047,146.60130032301467,151.1578332707795,146.04659511850414,12668600,2.39%
833,2025-04-23,156.31858825683594,157.86384280227716,158.86430730472097,154.52569637745648,17667900,4.23%
834,2025-04-24,162.6283721923828,156.28886289856877,162.9948857008722,155.9025492871423,18761100,4.04%
835,2025-04-25,163.53970336914062,162.3807473313703,164.34204592253275,159.6369365204388,14654800,0.56%
836,2025-04-28,161.8557586669922,163.44064368186187,163.7576267306693,158.98317158144746,11415600,-1.03%
837,2025-04-29,162.92555236816406,162.82650650221075,164.43119160774,161.95481824015357,9830100,0.66%
838,2025-04-30,165.11465454101562,161.99441537936085,165.34247663317663,160.22133889761773,10073000,1.34%
839,2025-05-01,171.08767700195312,171.1669227600258,173.12820614993032,169.3344005017294,22670600,3.62%
840,2025-05-02,177.585693359375,178.10078327405364,178.9427411864681,175.4659182702018,21691200,3.80%
841,2025-05-05,174.73291015625,177.30834467218256,178.37813985043525,174.58433379034736,14618900,-1.61%
842,2025-05-06,170.65184020996094,170.96882325584866,173.08859825282636,168.97780939600227,14565600,-2.34%
843,2025-05-07,172.89047241210938,172.45464340566926,174.3168658574281,169.75043286784282,9682500,1.31%
844,2025-05-08,173.56405639648438,173.68291748050297,175.77297719046948,172.01880184590883,10343000,0.39%
845,2025-05-09,174.85177612304688,178.10077679356723,178.75454299441898,174.80224563245199,11582800,0.74%
846,2025-05-12,185.21290588378906,185.51007369991757,187.38221129256925,182.86530885408158,22064900,5.93%
847,2025-05-13,192.1566619873047,185.945913714066,192.44391463065787,185.945913714066,19996000,3.75%
848,2025-05-14,192.91940307617188,193.43449301594234,194.3656119058634,191.40386364541436,12359000,0.40%
849,2025-05-15,192.38450622558594,191.2750957310904,192.65195879643196,189.8189868997728,10241800,-0.28%
850,2025-05-16,192.38450622558594,192.69157412212778,193.2363793165977,190.75010575676058,9146700,0.00%
851,2025-05-19,191.6713104248047,187.2138380893441,191.6713104248047,187.02563128351338,10144400,-0.37%
852,2025-05-20,191.6217803955078,189.98737991438168,191.89913302121911,189.0067305569553,7054100,-0.03%
853,2025-05-21,189.94773864746094,191.27508626866464,193.42457655270613,188.72936717434456,7375700,-0.87%
854,2025-05-22,194.33587646484375,189.53170614394247,194.96982743470235,189.53170614394247,11825000,2.31%
855,2025-05-23,190.1656494140625,190.20527985002718,190.97790709092826,188.23408131180986,9403100,-2.15%
856,2025-05-27,195.81178283691406,192.265629562833,196.43583374681978,191.86940076504237,12228200,2.97%
857,2025-05-28,194.28634643554688,194.23681594575956,196.19811451633677,193.63258024535446,17787600,-0.78%
858,2025-05-29,195.2867889404297,197.5749705254354,197.91175366078272,194.22690904634652,14609900,0.51%
859,2025-05-30,191.49301147460938,193.91985440833466,194.0585307155594,188.75908553991565,11998300,-1.94%
860,2025-06-02,192.99862670898438,191.2156349024213,193.31560974774368,190.38357709755294,7447400,0.79%
861,2025-06-03,195.74246215820312,192.51327664421424,196.29716738862243,191.80997993912865,9548300,1.42%
862,2025-06-04,200.48716735839844,199.47681797967095,202.1017675144764,198.48626870395836,13531100,2.42%
863,2025-06-05,201.41830444335938,202.9437589310786,203.81543209519148,200.36832453379316,12214300,0.46%
864,2025-06-06,203.24090576171875,201.65603589087064,204.34041613064832,201.30933757700018,8532000,0.90%
865,2025-06-09,205.04371643066406,204.4493807719881,207.29226769800164,203.9243908231439,11472300,0.89%
866,2025-06-10,210.45211791992188,209.61014494111726,211.21483002376058,207.9757445876534,14514000,2.64%
867,2025-06-11,212.0766143798828,212.96810271751826,215.37513029788386,210.937473598923,13326400,0.77%
868,2025-06-12,214.17430114746094,211.67893681722768,214.6216903375715,210.67482933443205,9796100,0.99%
869,2025-06-13,209.8695526123047,208.88531763396847,212.0169509389078,208.17944938630026,10152500,-2.01%
870,2025-06-16,214.4228515625,211.7584798487478,216.3316737444071,211.4900493591281,10932900,2.17%
871,2025-06-17,212.65322875976562,212.64329250820336,214.68134664734768,212.2555663193788,8389700,-0.83%
872,2025-06-18,212.2555694580078,213.44857196665896,213.91583368444023,211.64912436704807,6932000,-0.19%
873,2025-06-20,208.288818359375,213.9456553411725,214.2439097576357,206.9367448186117,16992000,-1.87%
874,2025-06-23,209.09410095214844,205.4256066761489,209.36251626269782,204.99810515774766,7535500,0.39%
875,2025-06-24,218.80714416503906,213.14037114151844,219.08551089813486,212.63334927120448,14814700,4.65%
876,2025-06-25,221.4417266845703,219.51303188434292,222.19729143142357,219.51303188434292,9168400,1.20%
877,2025-06-26,222.70428466796875,223.66863194389867,223.90723849263398,221.40192282538362,7982200,0.57%
878,2025-06-27,227.23773193359375,222.992616410434,227.54592259668402,222.72418592296688,13133000,2.04%
879,2025-06-30,225.16986083984375,226.11432053098198,226.82017365147317,223.4897089332647,9279800,-0.91%
880,2025-07-01,223.37039184570312,226.10436281597143,227.26755654188048,219.890792428998,9990200,-0.80%
881,2025-07-02,232.2384033203125,223.17155146824996,232.45712220254563,222.69435352967267,12012500,3.97%
882,2025-07-03,233.43142700195312,232.50683979382592,236.19522203466406,231.9103461087651,7779600,0.51%
883,2025-07-07,227.834228515625,230.27989651874643,231.19453226833053,226.114316463138,13817500,-2.40%
884,2025-07-08,226.5318603515625,228.44066732039306,228.98746453877274,226.21371827183276,8854400,-0.57%
885,2025-07-09,230.48866271972656,229.10676526647447,231.91033551874327,228.89799779568403,9475300,1.75%
886,2025-07-10,228.42079162597656,231.42319318900772,231.6916236866246,226.4424004546172,13124700,-0.90%
887,2025-07-11,229.0570526123047,229.6535614372243,230.91616318705613,228.0628813506717,8817800,0.28%
888,2025-07-14,227.33714294433594,227.9932996246097,228.51027293359962,224.99089813565828,10673500,-0.75%
889,2025-07-15,235.56887817382812,233.09340143303868,236.32445804382297,232.4869563546821,14270100,3.62%
890,2025-07-16,236.17532348632812,235.0220811771871,236.92095193570987,232.78519582904187,15092800,0.26%
891,2025-07-17,244.16847229003906,244.35735209045234,246.83284403731906,239.9830045290061,27395700,3.38%
892,2025-07-18,238.998779296875,243.88016411959103,244.5363208316562,237.29875483452938,16252000,-2.12%
893,2025-07-21,237.4578094482422,238.7203960151404,240.92745740668218,237.31862607984988,11971800,-0.64%
894,2025-07-22,233.2325897216797,236.4437587273254,236.61276602553306,230.4091317408605,11919500,-1.78%
895,2025-07-23,238.92918395996094,237.12973638225762,239.09819125605935,235.00221046394572,9885400,2.44%
896,2025-07-24,240.19178771972656,238.80989024499746,240.53973856640158,236.64258896263206,9081900,0.53%
897,2025-07-25,244.16847229003906,239.91342042776964,244.80474130206488,239.53563048724342,11593400,1.66%
898,2025-07-28,241.3350830078125,241.5836258327433,242.52808553351034,239.64499483225305,11892200,-1.16%
899,2025-07-29,239.92333984375,240.09234712900763,242.54795123041603,238.42214677833326,9411500,-0.58%
900,2025-07-30,241.49415588378906,240.7087520559489,243.1444838945808,239.81400394736798,6823800,0.65%
901,2025-07-31,240.21165466308594,244.54624195763768,245.96791474584327,238.40227086064644,13490700,-0.53%
902,2025-08-01,233.83901977539062,234.24661844728016,235.80747454717437,230.48865244212533,13549800,-2.65%
903,2025-08-04,237.60693359375,236.52329054992316,237.60693359375,235.01214597155982,6450700,1.61%
904,2025-08-05,231.11500549316406,236.94084997262257,237.23910439939115,228.82840844773867,11868900,-2.73%
905,2025-08-06,230.0214080810547,229.68339348091436,230.846572077762,227.4862834101522,9457200,-0.47%
906,2025-08-07,241.20582580566406,243.0450487012398,246.3954009869599,239.39644200409535,17691000,4.86%
907,2025-08-08,240.42044067382812,241.74269028677134,241.74269028677134,237.5771102273912,10552500,-0.33%
908,2025-08-11,240.6789093017578,240.62919770631447,243.91991721853515,240.1321120915792,8272900,0.11%
909,2025-08-12,242.8660888671875,242.29941914095727,243.34330199120706,240.2911889611276,7295800,0.91%
910,2025-08-13,240.03271484375,244.99361979276114,244.99361979276114,238.54145793261324,7971900,-1.17%
911,2025-08-14,239.59527587890625,236.58293814679678,239.97306581555685,235.43964725514851,11040500,-0.18%
912,2025-08-15,237.48764038085938,238.92918570386126,239.39644741936425,235.87707259067568,8155500,-0.88%
913,2025-08-18,240.0028839111328,238.59116256352698,241.44442918250255,238.59116256352698,6919800,1.06%
914,2025-08-19,231.34364318847656,238.62098390510647,238.77010352231235,231.22434749471188,14594700,-3.61%
915,2025-08-20,227.26756286621094,226.81023739826958,227.69504923920286,222.39611444535288,17165200,-1.76%
916,2025-08-21,226.0049591064453,226.82017166845802,228.987472949133,224.94118855435877,7449100,-0.56%
917,2025-08-22,231.63197326660156,226.6710530908789,233.08345484829562,224.85171781805695,10299500,2.49%
918,2025-08-25,234.216796875,232.934322660624,235.89694868403265,230.89626860132495,7655000,1.12%
919,2025-08-26,237.3285675048828,234.99225894538566,237.43792695170714,234.35598993745768,9793100,1.33%
920,2025-08-27,237.89523315429688,235.48934053535308,238.00459259924202,234.06768292091564,9516400,0.24%
921,2025-08-28,236.8811798095703,234.92266130107677,239.257248408271,234.62440690240055,8466200,-0.43%
922,2025-08-29,229.52430725097656,234.4653394827283,234.57469892493435,229.23600426871468,15526000,-3.11%
923,2025-09-02,227.05877685546875,224.83182773866596,228.00323653260327,224.31486959803746,13974900,-1.07%
924,2025-09-03,230.04129028320312,230.1705374030622,231.09510940554702,227.26755910589895,7198500,1.31%
925,2025-09-04,233.83901977539062,230.00151825210276,233.9384277956702,228.95763543514886,6241900,1.65%
926,2025-09-05,241.99122619628906,238.83970517249443,243.1245808079056,236.5133329319348,14056600,3.49%
927,2025-09-08,245.7491912841797,240.57950386927854,246.43517186707115,240.2116501949191,12986600,1.55%
928,2025-09-09,249.4574432373047,245.49069456804418,253.24523319682493,245.49069456804418,13443400,1.51%
929,2025-09-10,258.9219665527344,257.3611103859465,263.0378198111077,256.2476434240619,18822400,3.79%
930,2025-09-11,257.40087890625,258.83248791634,260.1149773086495,256.724849745846,10005000,-0.59%
931,2025-09-12,257.81842041015625,259.32958014806127,259.42900334234963,256.8739759136648,8496600,0.16%
932,2025-09-15,259.8564758300781,258.48451470536725,261.26818195862296,257.2418006923607,8147700,0.79%
933,2025-09-16,261.35443115234375,265.2040543726626,265.7226433757145,259.908322936427,10381900,0.58%
934,2025-09-17,262.0824890136719,263.62830371557527,264.09703953412253,259.03073000284587,10422000,0.28%
935,2025-09-18,267.916748046875,257.3053797906938,269.81162653964594,257.28544459397096,16917300,2.23%
936,2025-09-19,264.1568603515625,265.65282175841054,265.8522954534887,262.10240912099084,17640200,-1.40%
937,2025-09-22,271.89599609375,265.8223960099668,275.6159342399454,264.7353342973108,15630300,2.93%
938,2025-09-23,281.9488525390625,281.63968958558655,285.2300034078737,279.2461571825337,17830300,3.70%
939,2025-09-24,279.9542236328125,279.5553066574398,280.4528774608819,275.97497582415116,10231000,-0.71%
940,2025-09-25,275.9151306152344,272.3846531081059,276.3938492309951,269.4625490773866,11863400,-1.44%
941,2025-09-26,272.6239929199219,273.1525951697821,274.7582458085216,269.8913798152781,10451900,-1.19%
942,2025-09-29,272.494384765625,275.7455870634198,279.11649184698285,272.494384765625,8046200,-0.05%
943,2025-09-30,278.5380554199219,274.57874292682385,278.7374986838971,273.09273386782957,8348800,2.22%
944,2025-10-01,287.6933288574219,277.69033469844135,289.69792690249267,276.4237649844,14620100,3.29%
945,2025-10-02,287.33428955078125,295.7216504554128,295.92112415757794,286.25721069116565,10198000,-0.12%
946,2025-10-03,291.4033203125,292.0714993841344,295.26289599037676,289.7078851587937,10572500,1.42%
947,2025-10-06,301.5858154296875,299.20226606620446,306.4726166357007,299.1324472289469,15785000,3.49%
948,2025-10-07,293.2383728027344,305.7944727076512,306.2731913456904,292.49039205071887,13081000,-2.77%
949,2025-10-08,303.7001037597656,294.2057462280695,305.5750469443767,293.1885034181991,12821200,3.57%
950,2025-10-09,299.0726318359375,301.4960821929293,302.0146712295855,296.6192634659735,10259900,-1.52%
951,2025-10-10,279.90435791015625,299.1523826389256,299.3917571617786,279.57522935451317,23398000,-6.41%
952,2025-10-13,302.07452392578125,297.4370190785133,303.8098294699221,291.5329749279993,20318300,7.92%
953,2025-10-14,295.1432189941406,294.8340560673011,300.93757382162283,290.5555978628841,16567900,-2.29%
954,2025-10-15,303.8896179199219,305.4653811151053,305.78449644522266,299.2621260613583,20788000,2.96%
955,2025-10-16,299.03271484375,310.09285276073945,310.5316705508895,295.89120190981345,26341500,-1.60%
956,2025-10-17,294.2855224609375,297.59659110144855,302.48339240787726,294.1259800230888,17633300,-1.59%
957,2025-10-20,296.89849853515625,299.1922939479247,302.8324607705417,296.260207032402,13391600,0.89%
958,2025-10-21,293.71710205078125,298.1950039086041,298.5640028899282,292.86938441412514,11190500,-1.07%
959,2025-10-22,288.10223388671875,292.2111364649557,294.4052254316908,283.6342847341917,15409100,-1.91%
960,2025-10-23,289.947265625,289.019746374519,293.2982047383047,288.8502211169249,10379900,0.64%
961,2025-10-24,294.1658630371094,294.7742365447395,297.14783367881626,293.59742079377514,8747000,1.45%
962,2025-10-27,297.447021484375,297.8459384772374,299.6710286118209,292.8993008078294,13615000,1.12%
963,2025-10-28,300.7181701660156,297.5168211774323,301.3165608345001,295.2828313774512,11804200,1.10%
964,2025-10-29,304.2685852050781,304.97666510981895,307.1308532713342,301.5658900139803,16177300,1.18%
965,2025-10-30,302.40362548828125,302.26398780891145,306.48261010615835,300.0100932261454,14507100,-0.61%
966,2025-10-31,299.6211242675781,305.1661522609338,306.8516045921048,295.88122065144364,12667900,-0.92%
967,2025-11-03,304.0391845703125,301.7753072434653,309.28503235885796,301.30657144750694,12466600,1.47%
968,2025-11-04,293.25830078125,296.08069845988484,301.17692591584847,292.7197765665524,16224300,-3.55%
969,2025-11-05,292.84942626953125,291.8321530110896,297.4170818106739,290.7151733382554,10502500,-0.14%
970,2025-11-06,288.46124267578125,293.30817347501244,293.84672810501877,286.6062651346891,11516900,-1.50%
971,2025-11-07,285.7286376953125,284.4421023230408,287.1149099182604,276.38387001626984,15715700,-0.95%
972,2025-11-10,294.4750061035156,293.5674525290768,296.330014078581,290.96449428432317,10869200,3.06%
973,2025-11-11,290.3860778808594,291.27366585083627,294.1259815173425,288.1321528832732,9666300,-1.39%
974,2025-11-12,289.8375549316406,292.90927964937043,294.07611259854434,288.80034641594085,9715900,-0.19%
975,2025-11-13,281.44024658203125,288.39148250470237,288.72058065583593,279.2461574564216,13827600,-2.90%
976,2025-11-14,284.05316162109375,275.1671471375793,286.08764723798697,272.4943700394084,11486800,0.93%
977,2025-11-17,281.250732421875,280.6822597724269,285.758551919809,279.0466606621719,10227100,-0.99%
978,2025-11-18,277.1617736816406,276.80272709990663,279.4356339145749,271.98574452429824,11850400,-1.45%
979,2025-11-19,281.6097717285156,276.17446299872466,283.783895220432,275.57607228877464,11179200,1.60%
980,2025-11-20,276.75286865234375,291.4232554380891,292.0615469333489,275.66580698267967,15747300,-1.72%
981,2025-11-21,274.3194274902344,272.07548537821737,277.93965896728787,266.10162256155746,20872800,-0.88%
982,2025-11-24,283.8736572265625,272.45447273659084,284.2925093855815,272.45447273659084,13570300,3.48%
983,2025-11-25,283.9135437011719,281.96881198187765,284.631606449866,272.3447684990622,13726800,0.01%
984,2025-11-26,289.1793212890625,288.3216513083338,292.0216542141965,286.95534468041063,12220300,1.85%
985,2025-11-28,290.72515869140625,291.69254831568196,291.8820392013431,288.22190678587134,5515400,0.53%
986,2025-12-01,286.90545654296875,286.14752342743986,290.3760981107759,282.4275549479188,7713000,-1.31%
987,2025-12-02,291.3035888671875,291.21383483061953,293.7071039644433,288.4014199431669,10746400,1.53%
988,2025-12-03,294.6545715332031,291.3933558822439,295.82140449597074,285.29982045677485,9599200,1.15%
989,2025-12-04,292.1413269042969,293.1885182134384,293.23837142250557,289.41869645844093,6753000,-0.85%
990,2025-12-05,293.926513671875,295.2529194631253,299.99013083038466,292.46047019974867,10275300,0.61%
991,2025-12-08,301.0572509765625,300.3890719047915,301.80523170298335,295.9211227422218,16643100,2.43%
992,2025-12-09,302.5931091308594,299.1823036733046,303.8596788535801,297.69632505640885,11349100,0.51%
993,2025-12-10,309.3050231933594,304.5478460086659,313.134681090616,301.6855777931543,12429200,2.22%
994,2025-12-11,304.8500061035156,305.32000732421875,305.8399963378906,299.6400146484375,15028400,-1.44%
995,2025-12-12,292.0400085449219,304.2799987792969,304.2799987792969,290.9800109863281,19306100,-4.20%
996,2025-12-15,287.739990234375,295.1499938964844,295.79998779296875,287.54998779296875,12082400,-1.47%
997,2025-12-16,286.8699951171875,287.260009765625,288.4599914550781,283.32000732421875,11418400,-0.30%
998,2025-12-17,276.9599914550781,288.5299987792969,289.1000061035156,275.0799865722656,16823000,-3.45%
999,2025-12-18,284.67999267578125,285.0,287.1600036621094,281.75,11260300,2.79%
1000,2025-12-19,288.95001220703125,286.3800048828125,292.1700134277344,286.3800048828125,12735800,1.50%
1001,2025-12-22,293.2799987792969,294.6700134277344,295.010009765625,291.2099914550781,6091100,1.50%
1002,2025-12-23,296.95001220703125,293.3999938964844,297.9100036621094,292.20001220703125,6802300,1.25%
1003,2025-12-24,298.79998779296875,297.739990234375,299.1600036621094,296.2300109863281,2753900,0.62%
1004,2025-12-26,302.8399963378906,299.8999938964844,303.3800048828125,298.5199890136719,5125900,1.35%
1005,2025-12-29,300.9200134277344,301.7799987792969,304.5,298.6499938964844,6205100,-0.63%
1006,2025-12-30,299.5799865722656,302.3599853515625,304.54998779296875,299.45001220703125,6190600,-0.45%
1007,2025-12-31,303.8900146484375,304.0,307.3900146484375,303.42999267578125,8175100,1.44%
