,date,xbi,open,high,low,volume,xbi_cr
0,2021-12-27,114.5553207397461,116.75352476841104,116.94251314179539,114.33649369449589,7124600,nan%
1,2021-12-28,112.60578918457031,114.2768232073997,116.88284281106098,112.42674955395731,7311000,-1.70%
2,2021-12-29,112.13829803466797,112.20792413710963,112.91413391578234,111.01433164134536,8392500,-0.42%
3,2021-12-30,112.63562774658203,111.93936673304154,115.16207249220534,111.55144879854386,10186600,0.44%
4,2021-12-31,111.36246490478516,112.75499457669686,114.31661513176198,111.19337402163173,7066400,-1.13%
5,2022-01-03,114.82388305664062,111.99903658641065,114.94323774316099,109.76104515004894,8180600,3.11%
6,2022-01-04,110.76566314697266,114.5155390085241,115.02281922149393,109.65163794697587,12518100,-3.53%
7,2022-01-05,104.66838836669922,110.5567913668925,111.69070655312309,104.51918740247388,17299100,-5.50%
8,2022-01-06,104.63853454589844,104.89714902596675,106.60797043635216,101.91316031166917,11808500,-0.03%
9,2022-01-07,102.44033813476562,104.61865248826597,106.82680551696335,102.23145981970997,11708400,-2.10%
10,2022-01-10,102.58953857421875,101.48546206552238,102.64921592430733,99.51603362583651,19260500,0.15%
11,2022-01-11,103.33554077148438,102.340877749263,104.48935351982594,101.09754897148628,11792500,0.73%
12,2022-01-12,100.0630874633789,103.83286081177768,104.14120388622592,99.93378401669835,11990200,-3.17%
13,2022-01-13,97.5764389038086,100.1526200231293,101.15722419053363,97.21835961626844,14518800,-2.49%
14,2022-01-14,99.95367431640625,96.39278684407827,100.15261145283641,95.25886413811591,18307300,2.44%
15,2022-01-18,94.01554870605469,98.27271295985886,98.44180385808194,93.70720558709769,19901000,-5.94%
16,2022-01-19,93.0009765625,94.52280951024376,96.46240662277383,92.87167312380146,16458400,-1.08%
17,2022-01-20,91.4791488647461,94.16473568092859,96.41267597788197,91.17080579163628,15863800,-1.64%
18,2022-01-21,89.54949951171875,90.70331211620746,92.76226401195652,89.39035739411639,21247000,-2.11%
19,2022-01-24,91.61840057373047,87.53033543658674,92.10578327121863,84.85468979997849,24123000,2.31%
20,2022-01-25,90.89230346679688,90.2159323138831,92.61307381964457,88.41559468732763,18764500,-0.79%
21,2022-01-26,89.11184692382812,92.32461147871163,95.10967067654269,88.6940903207562,19190600,-1.96%
22,2022-01-27,85.05362701416016,90.40491070376187,91.18074655440451,84.94421348766689,15297200,-4.55%
23,2022-01-28,88.10724639892578,85.10336002435767,88.26638852565709,83.44227471034229,15047300,3.59%
24,2022-01-31,92.93136596679688,88.36585877339492,93.11040561337492,88.20671663681253,12783600,5.48%
25,2022-02-01,94.43329620361328,93.51820058712342,95.08976975794077,91.38962263218873,13146800,1.62%
26,2022-02-02,91.35980224609375,94.40347642672423,94.4830437056128,90.88236821805407,11750300,-3.25%
27,2022-02-03,88.96265411376953,89.7683286516854,91.59850478440188,88.694090875347,13122200,-2.62%
28,2022-02-04,90.30545043945312,88.6443651287482,91.16086118637295,87.9580452626047,11088100,1.51%
29,2022-02-07,92.75232696533203,90.3452442691227,93.67736388097302,90.3452442691227,14329300,2.71%
30,2022-02-08,92.44397735595703,92.48376478475078,92.9413088328646,90.3850253451067,11722300,-0.33%
31,2022-02-09,96.74092102050781,93.57789252357955,96.92990182144783,93.3093292763697,16571600,4.65%
32,2022-02-10,93.85640716552734,94.38357737435695,98.6307929000282,92.61307833765493,21113000,-2.98%
33,2022-02-11,92.8517837524414,94.29404956586934,96.31321411599247,91.86706956856715,18381900,-1.07%
34,2022-02-14,91.32000732421875,92.8517892502068,93.58783774314148,90.97187679301156,12490900,-1.65%
35,2022-02-15,95.12957000732422,92.82195211947176,95.4578106230729,92.7025898259241,11219600,4.17%
36,2022-02-16,94.14485931396484,94.12496180328178,94.80133298164593,92.5235536837531,12218900,-1.04%
37,2022-02-17,90.12641143798828,93.08056164420555,93.53810569529283,89.72854473614139,12283000,-4.27%
38,2022-02-18,88.91292572021484,89.65892297656882,91.18075616534269,88.1470385427091,11517800,-1.35%
39,2022-02-22,88.20670318603516,87.7491591787021,90.1960289163574,87.49054470893108,12712000,-0.79%
40,2022-02-23,84.64582824707031,88.38576362590311,88.82341781804614,84.54636345485886,13611600,-4.04%
41,2022-02-24,88.52500915527344,81.27391479809356,88.69410004810786,81.27391479809356,21651200,4.58%
42,2022-02-25,89.32073974609375,88.58468366792758,89.32073974609375,86.50584165653676,13228400,0.90%
43,2022-02-28,89.3505630493164,88.33600272203847,90.85249844547627,87.92819491145916,14049000,0.03%
44,2022-03-01,88.61451721191406,89.28094714557226,90.87240632339397,87.87846876504825,13447200,-0.82%
45,2022-03-02,88.84329986572266,88.73388632738559,89.68876190759191,87.59002234665589,8616100,0.26%
46,2022-03-03,86.18755340576172,89.2411686163086,89.4898343747853,85.32219383433916,13351400,-2.99%
47,2022-03-04,83.45221710205078,85.18292838743271,86.70476137877506,83.13392528417968,14854800,-3.17%
48,2022-03-07,83.3129653930664,83.41243016385593,85.03372793488433,82.97477606597134,13242300,-0.17%
49,2022-03-08,83.86997985839844,83.05435654082599,86.58541305797227,81.50268476317015,14786800,0.67%
50,2022-03-09,87.9679946899414,85.54101463698093,88.46532617038898,85.30229765119542,12568500,4.89%
51,2022-03-10,87.51045227050781,86.8440223068863,87.62980697128828,85.75984330185688,9797200,-0.52%
52,2022-03-11,84.15843200683594,88.00778031867894,88.55484038277457,84.02912855648809,10773900,-3.83%
53,2022-03-14,80.63732147216797,84.21810641542423,84.83480014896269,79.91121421189405,17167200,-4.18%
54,2022-03-15,81.82098388671875,80.93573438722304,81.97018486062093,80.09026473133626,11277200,1.47%
55,2022-03-16,85.7300033569336,83.13393241194026,85.82946813566959,81.93039113527946,11811400,4.78%
56,2022-03-17,89.0820083618164,85.27245515950884,89.23120931700723,84.65576141943549,11201200,3.91%
57,2022-03-18,91.66813659667969,88.84329001179134,92.28482273853349,88.5846755327079,14491300,2.90%
58,2022-03-21,88.5448989868164,91.20065502617175,91.35979716377292,87.98789012219734,12897100,-3.41%
59,2022-03-22,91.7178726196289,88.72393492028363,91.98643587431066,88.39570190376058,10096600,3.58%
60,2022-03-23,89.38040924072266,90.87240359806121,92.5931661738666,89.38040924072266,10564200,-2.55%
61,2022-03-24,91.28022003173828,90.02695011749714,91.44931850887443,88.53495561977311,9739100,2.13%
62,2022-03-25,89.14169311523438,91.28021231012859,91.32994849131599,88.87312987870365,8676300,-2.34%
63,2022-03-28,89.23120880126953,89.05216917381051,90.74310067507359,87.3115090802218,10342800,0.10%
64,2022-03-29,93.05072021484375,90.4645905237387,93.40879947703749,90.27560972718017,13391200,4.28%
65,2022-03-30,90.196044921875,92.90152960939645,94.0553347916178,89.85785554159642,12124100,-3.07%
66,2022-03-31,89.40031433105469,90.57401706155231,91.54879021278336,89.39037316416527,8287400,-0.88%
67,2022-04-01,92.76227569580078,89.89764133138746,92.96120526502875,89.71860168361162,10971000,3.76%
68,2022-04-04,95.57716369628906,93.14024239020284,95.77610084880567,92.84184045576613,12653600,3.03%
69,2022-04-05,92.75232696533203,95.54732763371243,96.67130170731079,92.4539250227343,15294600,-2.96%
70,2022-04-06,92.83187866210938,91.43934925862324,93.85638010672407,90.79281693678952,13644000,0.09%
71,2022-04-07,91.93669891357422,92.52354642517943,93.68730787118132,90.53422047884108,10320300,-0.96%
72,2022-04-08,89.85785675048828,91.28022522275427,92.13563605718986,89.5893010646431,13225600,-2.26%
73,2022-04-11,86.85395812988281,88.66424417939172,89.20136301896142,86.49587890350301,12835200,-3.34%
74,2022-04-12,86.68489074707031,87.7292824496391,89.43016302993739,85.7698025156737,13785100,-0.19%
75,2022-04-13,89.92748260498047,87.00317104985369,90.43475525495765,86.9235961911088,17147300,3.74%
76,2022-04-14,87.30156707763672,89.3704679130086,89.66886984474206,87.11258627030345,10950700,-2.92%
77,2022-04-18,83.14387512207031,86.90370757300681,86.99322359892903,82.80569335035123,17419900,-4.76%
78,2022-04-19,84.14849090576172,83.20356406177233,85.40176844966454,82.37799192475111,11876000,1.21%
79,2022-04-20,84.33745574951172,84.49659784390359,85.16302765590109,82.64652451596636,9212900,0.22%
80,2022-04-21,80.72685241699219,84.98400882668949,85.75984474956452,80.50802534363228,15371100,-4.28%
81,2022-04-22,79.41388702392578,80.31903395940749,81.60215008748065,79.23485497638994,13859300,-1.63%
82,2022-04-25,81.13465118408203,78.90660844765964,81.36342698653137,78.73751757857893,13657700,2.17%
83,2022-04-26,76.28070068359375,80.23945479950798,81.0351881597165,76.16133840295976,19188100,-5.98%
84,2022-04-27,75.51480102539062,76.35032175747652,77.68316632111026,75.22634789102021,21570300,-1.00%
85,2022-04-28,75.78337097167969,76.64872286296062,76.83771124780401,72.19263719171089,20320900,0.36%
86,2022-04-29,73.43595886230469,75.33576092930957,77.50412621117745,73.24697049545112,13947700,-3.10%
87,2022-05-02,76.37022399902344,73.14751800076343,76.53931488790319,73.08784064908268,15625900,4.00%
88,2022-05-03,76.43984985351562,76.3702237472255,77.70307611022048,75.38550950435759,10767900,0.09%
89,2022-05-04,78.1606216430664,76.58905225601133,78.52864210234877,73.11768045391246,19159300,2.25%
90,2022-05-05,73.45585632324219,77.24552727059836,77.50413417017285,72.12301163125134,18579200,-6.02%
91,2022-05-06,69.7557144165039,72.52088396898492,72.74965221246933,69.25838290967069,22560500,-5.04%
92,2022-05-09,64.02645874023438,68.61185568410514,69.23849062944181,63.71810805620331,27086300,-8.21%
93,2022-05-10,67.33869171142578,67.1894983109936,68.82074525759084,64.75256905867485,28347900,5.17%
94,2022-05-11,62.47478103637695,66.43353910817393,67.63708036281226,62.186327871247364,28143200,-7.22%
95,2022-05-12,64.56356811523438,61.72877676534404,65.747211725887,61.45026859202936,25991000,3.34%
96,2022-05-13,68.23388671875,66.11525706082372,69.09924634230268,65.63781543676913,18755300,5.68%
97,2022-05-16,68.09461975097656,67.90563137568677,70.13368168735703,66.99054334875551,14149900,-0.20%
98,2022-05-17,71.07861328125,69.62640628928602,71.12834946406991,68.84062165052295,14807400,4.38%
99,2022-05-18,67.50776672363281,69.18874168925092,70.03421113713136,66.86123438823743,15242500,-5.02%
100,2022-05-19,69.02961730957031,67.43815794449681,69.70598848831115,67.08007863877066,14974700,2.25%
101,2022-05-20,69.95465850830078,69.97454843152846,70.51166742280375,66.60264108797581,13521900,1.34%
102,2022-05-23,69.76567077636719,70.85979869293179,71.18803934450439,69.25839045927113,11879700,-0.27%
103,2022-05-24,67.040283203125,68.76104582758701,69.0992351709245,66.58273916457799,12688300,-3.91%
104,2022-05-25,67.36851501464844,66.8910735299899,68.094614611487,65.71737111840739,12392800,0.49%
105,2022-05-26,68.10456848144531,67.53761094444411,69.03955401528697,67.10990560329054,12254800,1.09%
106,2022-05-27,70.7105941772461,67.81612858255563,70.73049168835404,66.75183939859113,15010900,3.83%
107,2022-05-31,68.41292572021484,70.41220064437782,70.99904822151764,67.3983727133024,10648300,-3.25%
108,2022-06-01,67.16958618164062,68.87045887453672,69.78555453389193,65.98593487127062,12979200,-1.82%
109,2022-06-02,68.40296173095703,66.94081369723058,68.69141487178992,66.0555643564945,9380400,1.84%
110,2022-06-03,70.82994842529297,69.00971338838424,71.14824026874071,68.65163411592101,15058100,3.55%
111,2022-06-06,68.81077575683594,71.79476428473225,72.37167055474093,68.3532317598662,12268600,-2.85%
112,2022-06-07,72.2125244140625,68.15429799496032,72.30204802041986,68.08467189609377,10797200,4.94%
113,2022-06-08,72.81926727294922,71.63561603787356,74.27147414195633,71.63561603787356,11029300,0.84%
114,2022-06-09,69.88501739501953,72.44130074140688,72.67006895847415,69.85517872224342,10305900,-4.03%
115,2022-06-10,66.67224884033203,68.65162576381708,68.87045280244185,66.19481492758273,12884600,-4.60%
116,2022-06-13,62.9820556640625,64.62325099649375,65.12058245549255,62.29573961660579,16753000,-5.53%
117,2022-06-14,63.08152389526367,63.439603172461155,63.77779252922599,61.79841154442352,13769400,0.16%
118,2022-06-15,65.3294677734375,63.698221019834,66.0058389338592,63.151157115053074,14007800,3.56%
119,2022-06-16,63.62858963012695,63.29040407798734,63.91704279402151,61.82824833868693,10351500,-2.60%
120,2022-06-17,67.2491683959961,64.09608839667771,68.55217454332522,64.0662497198193,26512800,5.69%
121,2022-06-21,69.65625,68.29356652084788,71.38696152807199,68.29356652084788,16491200,3.58%
122,2022-06-22,71.40685272216797,68.5919548063514,72.68002005957132,68.28361172613911,15564600,2.51%
123,2022-06-23,75.82316589355469,71.82461627502211,75.93257184495128,71.58589927335164,16820600,6.18%
124,2022-06-24,76.64871978759766,76.80786949238042,77.2355748381396,73.89350692445754,18564200,1.09%
125,2022-06-27,76.39010620117188,76.60892564304501,77.24551681767348,74.80858840045849,13735100,-0.34%
126,2022-06-28,73.66473388671875,76.4597418696678,76.86754972330233,73.02815022103857,13455500,-3.57%
127,2022-06-29,74.40079498291016,73.56527412188066,74.94785507637667,72.39157148547292,9562100,1.00%
128,2022-06-30,73.87361145019531,73.18729919828864,74.8583332011204,72.16279760874862,11339100,-0.71%
129,2022-07-01,76.13150787353516,73.97309095808536,76.2906500093944,73.30666097243748,13420300,3.06%
130,2022-07-05,80.5577392578125,75.30592080907488,80.60747543402992,74.78869948431891,15288200,5.81%
131,2022-07-06,80.57765197753906,80.57765197753906,82.72612011736548,79.79186729472605,17502100,0.02%
132,2022-07-07,83.01456451416016,80.91582519335498,83.85008529416598,80.41849374460827,13858600,3.02%
133,2022-07-08,83.97940063476562,82.15916545323057,84.17833020697282,81.65188517882248,12031900,1.16%
134,2022-07-11,80.25936126708984,83.25329148430018,83.80035917910024,80.06042411049137,9835900,-4.43%
135,2022-07-12,81.43305206298828,80.27923948889803,82.0298482684563,77.67322003232125,15157600,1.46%
136,2022-07-13,82.79573822021484,79.53324510076835,83.59147158096188,79.25474070110963,13154100,1.67%
137,2022-07-14,80.885986328125,81.89059797703176,82.47744544259197,80.19966650211164,11131000,-2.31%
138,2022-07-15,81.93038177490234,81.93038177490234,82.16909873433106,79.31441361982509,9674500,1.29%
139,2022-07-18,79.31443786621094,82.86538502652157,84.16839892005866,78.86684248186799,11163300,-3.19%
140,2022-07-19,82.89521026611328,80.5875924238944,83.01457255730054,79.63271686042553,12016900,4.51%
141,2022-07-20,84.06890106201172,83.00461211201991,85.94882083722702,82.51722943849946,14969100,1.42%
142,2022-07-21,83.75062561035156,83.9794014504209,84.69556005920529,82.89521478193429,7802900,-0.38%
143,2022-07-22,80.2494125366211,84.21811585068562,84.44689168367465,80.1201090763,10633300,-4.18%
144,2022-07-25,80.50801849365234,80.36876629312177,80.78652289471351,78.98618545308544,8097500,0.32%
145,2022-07-26,80.86609649658203,80.55774583846039,82.55702038465284,79.22490120011585,9194200,0.44%
146,2022-07-27,82.95490264892578,81.45295926860342,83.23340709800763,80.29915403831046,10237800,2.58%
147,2022-07-28,82.0596923828125,83.05435532078599,83.48206068766162,79.98085048501238,11298400,-1.08%
148,2022-07-29,80.69700622558594,81.68172805659597,81.8607676996272,79.57303977074764,9467700,-1.66%
149,2022-08-01,79.04586029052734,79.911212139405,81.39326529450274,78.56841876909357,11546100,-2.05%
150,2022-08-02,80.54781341552734,78.49880246666707,81.44300404832607,78.29987290130657,9963500,1.90%
151,2022-08-03,83.61137390136719,82.54708473700056,85.04369112768372,82.35810391701709,14260700,3.80%
152,2022-08-04,88.23655700683594,85.66038338633837,88.3957067351498,85.04368957213725,15934500,5.53%
153,2022-08-05,91.8073959350586,86.83408104342327,91.81733710099493,85.67031959138663,19812500,4.05%
154,2022-08-08,93.38890838623047,92.86173821085153,94.59244970460115,91.42942106365105,19237400,1.72%
155,2022-08-09,90.26567077636719,91.55873576235334,92.80206456092588,88.6642626767116,14747800,-3.34%
156,2022-08-10,93.24964141845703,92.29476600097307,93.36900369139575,90.91218525796943,8989600,3.31%
157,2022-08-11,90.29550170898438,93.28943932399598,94.67202022233492,89.65891802580714,12314800,-3.17%
158,2022-08-12,93.27948760986328,91.13101964448026,93.60772819540159,90.86245640588497,9744000,3.30%
159,2022-08-15,94.39350891113281,92.50364791976804,94.63222587770952,92.1256787569653,7253200,1.19%
160,2022-08-16,91.89690399169922,94.05532064621944,94.21447035151571,91.26032034786539,9355200,-2.64%
161,2022-08-17,89.09194946289062,90.41485284931012,91.54876786947679,88.6244567181653,10681100,-3.05%
162,2022-08-18,88.39569091796875,89.01237703314571,89.19141665112379,86.84401169926699,8030600,-0.78%
163,2022-08-19,86.80422973632812,87.2219939303477,88.12713324192578,86.27705960263116,7734600,-1.80%
164,2022-08-22,85.47138977050781,85.86925647836043,87.32146351164762,84.77512872327294,9359600,-1.54%
165,2022-08-23,87.3115005493164,85.9985459391265,88.06744641235758,84.99393437272607,9315800,2.15%
166,2022-08-24,89.15164184570312,87.38114292212302,89.84791049803137,86.44616486360152,8727500,2.11%
167,2022-08-25,88.89302825927734,90.01699463159382,90.56406227532247,87.93815276277668,6417600,-0.29%
168,2022-08-26,84.58612823486328,88.87312261701636,88.88307137017611,84.25788767866834,12074700,-4.85%
169,2022-08-29,83.51190185546875,83.28313362256186,85.39181425728303,83.03446788064277,13047200,-1.27%
170,2022-08-30,82.656494140625,84.31757953654434,84.71544625600461,81.53252767767553,10608200,-1.02%
171,2022-08-31,83.2532958984375,83.60143404377416,84.39715994632814,82.7261256856847,9687600,0.72%
172,2022-09-01,85.06356811523438,82.6067571196097,85.19287914936116,81.63198413577051,11499700,2.17%
173,2022-09-02,83.28313446044922,86.30690323457165,86.30690323457165,82.80569289214363,11508800,-2.09%
174,2022-09-06,80.90589141845703,83.43233655647714,83.7008998381805,80.72685934889088,11303800,-2.85%
175,2022-09-07,84.33745574951172,80.80639994038944,84.50654659626387,80.6571990096833,11022100,4.24%
176,2022-09-08,86.95343780517578,83.61136951168382,87.02306391176201,83.61136951168382,13108600,3.10%
177,2022-09-09,87.54029846191406,87.39109748445179,88.35592187154059,86.7346162190886,9010600,0.67%
178,2022-09-12,88.20670318603516,87.71932050693533,88.28627803653015,86.4660431720032,9544400,0.76%
179,2022-09-13,83.6909408569336,85.70016428602337,86.39642532263301,83.19360937687638,14698700,-5.12%
180,2022-09-14,84.6358642578125,83.71083502693061,85.0237897783665,82.68632584438804,8738900,1.13%
181,2022-09-15,85.73994445800781,84.22806009180391,86.51578794438575,83.93960692161394,9008200,1.30%
182,2022-09-16,82.82557678222656,84.4468821745576,84.71543781996127,81.85081138472731,15649800,-3.40%
183,2022-09-19,81.79114532470703,81.94033871014227,82.36804412196912,79.92117394803299,15561800,-1.25%
184,2022-09-20,81.55241394042969,80.96556643677515,82.37798601825746,80.51796355170745,8090500,-0.29%
185,2022-09-21,78.70767211914062,81.99006270684785,82.34814195600411,78.58831742853897,12765100,-3.49%
186,2022-09-22,77.67322540283203,78.00146599457119,78.37944276881967,76.5293690918775,11197400,-1.31%
187,2022-09-23,76.24091339111328,76.83770961798383,77.10626526403907,74.65939542179679,11898900,-1.84%
188,2022-09-26,74.6594009399414,75.8828397458259,78.011417918484,74.5698849141987,11763200,-2.07%
189,2022-09-27,76.80787658691406,76.03204067612525,77.59366125233964,75.59438653622333,14256100,2.88%
190,2022-09-28,80.76661682128906,78.62809785907594,81.31368440012379,78.47889692042328,19367800,5.15%
191,2022-09-29,78.43912506103516,79.89133213546567,80.18973407197839,77.12617019999685,10324100,-2.88%
192,2022-09-30,78.89666748046875,78.37944606850691,81.71156554265833,78.23024510337373,13485500,0.58%
193,2022-10-03,79.55315399169922,80.30909244503167,81.05508973172223,78.34960502446951,10681600,0.83%
194,2022-10-04,82.55702209472656,81.03518904620468,82.61669944135853,80.87603933695165,11933100,3.78%
195,2022-10-05,82.22877502441406,81.50267540208284,82.79573253872174,79.87142895429672,8983400,-0.40%
196,2022-10-06,82.22877502441406,81.75134111166824,83.06429575473207,81.22417102153526,8021700,0.00%
197,2022-10-07,78.67784118652344,81.23412477362044,81.35348706464016,78.52864021991789,9281500,-4.32%
198,2022-10-10,77.23558807373047,78.52864549763693,78.638059041256,76.66863043346663,10523300,-1.83%
199,2022-10-11,77.85225677490234,77.02669238904964,79.78190510363619,75.85298993992419,11871200,0.80%
200,2022-10-12,78.27997589111328,78.0810463244833,78.67784261304978,76.41996091822571,7620200,0.55%
201,2022-10-13,79.64265441894531,76.20112185462915,79.96094622868914,75.92261746968772,12423600,1.74%
202,2022-10-14,77.40467834472656,80.61744333928182,81.52258276980734,77.30521355733693,9679500,-2.81%
203,2022-10-17,80.2693099975586,79.01603994193144,80.66717675957177,78.26009385297412,9481800,3.70%
204,2022-10-18,80.64727783203125,82.08953614603756,82.51724153942949,79.92117050327697,11298500,0.47%
205,2022-10-19,76.6984634399414,79.72223982732821,80.07037035461299,76.13150584159865,13573300,-4.90%
206,2022-10-20,76.31053924560547,76.63877982536481,78.53858202680304,76.00219617359406,9272300,-0.51%
207,2022-10-21,78.41923522949219,76.81783461868542,78.56843621235711,75.66402177911901,9275400,2.76%
208,2022-10-24,78.06114959716797,78.80714679000198,79.05581252094665,76.2508633794378,7864200,-0.46%
209,2022-10-25,80.14994049072266,78.35954418638914,80.8959376860823,78.34959543228844,10365000,2.68%
210,2022-10-26,81.48277282714844,80.43838146505968,83.79039016501207,80.1698182657549,12482000,1.66%
211,2022-10-27,80.47817993164062,82.39787206856003,82.87531360580698,80.1499393490756,8451900,-1.23%
212,2022-10-28,83.3129653930664,80.90587544337671,83.47210750859453,80.04052358996474,10388600,3.52%
213,2022-10-31,81.71156311035156,82.91510437289443,83.43232576946015,81.41316118896773,10764700,-1.92%
214,2022-11-01,82.37797546386719,82.55701507722021,83.71082760520086,82.02984499031274,9908500,0.82%
215,2022-11-02,80.74674224853516,82.31831160212941,84.62592944729352,80.67711614242282,12934500,-1.98%
216,2022-11-03,80.19966888427734,79.71228617601793,81.8906004094231,79.0359150836948,10138700,-0.68%
217,2022-11-04,79.53324127197266,81.31368869970824,81.56235441438623,77.62349040452766,13883800,-0.83%
218,2022-11-07,78.6977310180664,79.66254765214254,80.17977660742268,78.37943919507696,9308100,-1.05%
219,2022-11-08,79.43376922607422,79.31440696204167,80.83623978225192,78.45899637482844,10745500,0.94%
220,2022-11-09,76.7879638671875,78.92649036990579,79.28456957913653,76.69844785921723,11783600,-3.33%
221,2022-11-10,82.67638397216797,80.33892005817422,83.07424306600234,79.65260780923688,21049000,7.67%
222,2022-11-11,84.30762481689453,82.606752263597,85.21276405919514,82.04973591042906,14700300,1.97%
223,2022-11-14,83.62132263183594,84.06891797058813,85.58081006206687,83.41244430117312,11365900,-0.81%
224,2022-11-15,83.4024887084961,85.46144075758231,86.03834710279082,82.32825087714427,13946800,-0.26%
225,2022-11-16,81.05508422851562,83.21350866552255,83.69094264693028,80.89594209760516,10411700,-2.81%
226,2022-11-17,80.11015319824219,79.94106232162407,80.7566856197139,78.99612798603437,10604700,-1.17%
227,2022-11-18,80.57765197753906,81.29381055370669,81.61210241103936,80.0007456146622,7246400,0.58%
228,2022-11-21,79.4437255859375,80.29913625506299,80.56769188900918,79.1154850199224,5159800,-1.41%
229,2022-11-22,80.53785705566406,80.09025419285425,80.66716050207093,78.24018816140465,7885500,1.38%
230,2022-11-23,80.56769561767578,80.56769561767578,81.68172080752247,79.95100188225919,7289500,0.04%
231,2022-11-25,80.62737274169922,80.55774664181786,80.94566456811054,79.60287116258388,2701200,0.07%
232,2022-11-28,79.22490692138672,80.2891959936326,81.41316241558395,78.84693013678225,7277000,-1.74%
233,2022-11-29,79.55315399169922,79.42384293858635,80.37871855490906,78.9364601694447,6806700,0.41%
234,2022-11-30,83.17371368408203,80.57764293126765,83.3328558005436,79.88137435430586,12840800,4.55%
235,2022-12-01,82.64653778076172,83.09414064472055,83.62131077430861,81.91048935012986,9124800,-0.63%
236,2022-12-02,85.20283508300781,81.56236490913308,85.38186713548393,81.482790048915,10969100,3.09%
237,2022-12-05,82.43766784667969,84.93427413599143,85.04368767459674,81.552418371547,9022600,-3.25%
238,2022-12-06,80.15987396240234,81.64192704544935,81.94032134174779,79.75206614752527,9204500,-2.76%
239,2022-12-07,80.65721130371094,80.61743146555553,81.3435311363655,79.96095030585538,7224400,0.62%
240,2022-12-08,81.14461517333984,81.33359599657578,81.87071496568859,79.76203411140531,6416700,0.60%
241,2022-12-09,79.10555267333984,80.69701206620479,80.92578791112146,79.10555267333984,7940800,-2.51%
242,2022-12-12,81.09487915039062,78.9364621026539,81.22419020667041,78.42918181045115,7911800,2.51%
243,2022-12-13,82.37797546386719,83.17370876514178,83.55167790947587,80.79646520314476,9379400,1.58%
244,2022-12-14,82.64653778076172,82.33819470617455,83.73072430180905,81.52257142123767,9443900,0.33%
245,2022-12-15,80.25936126708984,81.59220606725499,82.10943508573443,80.00074675785012,7662000,-2.89%
246,2022-12-16,80.52790832519531,79.70233628818012,80.8660976608841,78.89666175903379,9165000,0.33%
247,2022-12-19,78.87677764892578,81.59220334497616,81.81103041559514,78.38938732302847,9267100,-2.05%
248,2022-12-20,80.34886169433594,78.4987882349288,80.6969921649394,78.33964612922797,6843600,1.87%
249,2022-12-21,82.13927459716797,80.79648102835152,82.95489797582272,79.97090889459655,10908300,2.23%
250,2022-12-22,82.37797546386719,81.38331263161152,82.41776288779843,80.3588111285762,6886300,0.29%
251,2022-12-23,80.4483413696289,82.25862774096841,82.57691960003876,79.85154508245655,6954700,-2.34%
252,2022-12-27,78.12083435058594,80.20962517081705,80.54781454307583,78.03131073284698,8818800,-2.89%
253,2022-12-28,78.4092788696289,78.1904518156509,79.43378045082068,77.693120361583,10239900,0.37%
254,2022-12-29,81.8309097290039,78.95633468559859,82.76589524093343,78.5485268612237,12613900,4.36%
255,2022-12-30,82.55702209472656,81.12470506615263,82.68632554198778,80.44833397917893,10351500,0.89%
256,2023-01-03,81.09487915039062,83.4820720439998,83.64121418961268,80.58759885818789,9332300,-1.77%
257,2023-01-04,82.79573822021484,81.74139796759941,83.13392755456884,81.41315738714059,9338000,2.10%
258,2023-01-05,82.07958221435547,82.40782280481623,82.55702376308713,81.32364384615462,6577500,-0.86%
259,2023-01-06,82.71617889404297,82.31831217548286,83.54174341836034,80.71690413506889,9968000,0.78%
260,2023-01-09,80.83625793457031,83.27318681557594,83.36270284219576,80.67711580213184,12849200,-2.27%
261,2023-01-10,83.13392639160156,80.7168952588385,83.13392639160156,80.66715907873417,8036900,2.84%
262,2023-01-11,83.92965698242188,83.61136514199416,84.07885794264526,81.79113771103229,8987700,0.96%
263,2023-01-12,87.45076751708984,84.2678490115823,87.50050370163815,82.89520924028268,13978900,4.20%
264,2023-01-13,87.41098022460938,86.54562828604834,89.15164044506832,85.87919831996433,18809400,-0.05%
265,2023-01-17,86.39642333984375,87.32146017506771,87.46071237919381,85.8294657691372,12748100,-1.16%
266,2023-01-18,85.32218933105469,87.01312095265536,88.42554056497347,85.23267330529252,14982700,-1.24%
267,2023-01-19,84.43694305419922,85.01384942635391,85.37192872019637,83.710843300174,8904000,-1.04%
268,2023-01-20,86.5257339477539,85.3122438496876,86.68488367345022,84.53640790860956,9741900,2.47%
269,2023-01-23,86.69482421875,86.55556442761488,87.480601251766,85.72999996694254,9306200,0.20%
270,2023-01-24,88.34596252441406,86.67492847226339,88.82340407731827,85.79962781206105,10480200,1.90%
271,2023-01-25,88.425537109375,87.58007512595279,88.43548586362967,86.51578608098403,7401600,0.09%
272,2023-01-26,88.1171875,89.12179920891317,89.5196659084638,87.21204815748155,6976000,-0.35%
273,2023-01-27,88.91292572021484,88.08735360190076,89.52961951739101,87.91826271174288,7826500,0.90%
274,2023-01-30,86.63514709472656,88.2365551560809,88.52500834109193,86.07813823466473,7239000,-2.56%
275,2023-01-31,88.425537109375,86.93354269556781,88.63441541666688,86.93354269556781,6684700,2.07%
276,2023-02-01,89.26105499267578,88.44543164081439,90.18609188101534,87.15237430129952,10961500,0.94%
277,2023-02-02,91.4791488647461,90.04683184882171,92.10578376487514,89.4798742947976,13400100,2.48%
278,2023-02-03,89.90757751464844,90.19603066176816,91.48909544697027,89.45998225213455,7437100,-1.72%
279,2023-02-06,89.22126007080078,89.31078367889172,90.29549783583741,88.55483774179086,6568400,-0.76%
280,2023-02-07,89.83795928955078,89.20137559483373,90.00705017343708,87.6894912170498,7517500,0.69%
281,2023-02-08,86.72467041015625,89.63903333770394,89.68876193507822,86.63514679300006,9722300,-3.47%
282,2023-02-09,85.63053894042969,87.39109680109932,87.93816451795755,85.31224706571496,8771200,-1.26%
283,2023-02-10,85.16304779052734,85.1729889565634,85.72005663560125,84.18827472297164,7801700,-0.55%
284,2023-02-13,85.10336303710938,84.92432339527589,85.87919895549571,83.78046702716476,6890900,-0.07%
285,2023-02-14,85.42163848876953,84.74526748156543,86.3267852788746,83.98932921779463,8631800,0.37%
286,2023-02-15,85.60070037841797,84.81491565163256,85.66038532222288,84.31758412242739,5765300,0.21%
287,2023-02-16,84.31757354736328,85.05362958211856,85.60068964242613,84.07885656811408,10302400,-1.50%
288,2023-02-17,86.33673095703125,84.3275079239454,86.55555039064066,83.77049920444026,8704300,2.39%
289,2023-02-21,82.32823944091797,85.37191287361773,85.63051974664225,82.30834952325269,9188000,-4.64%
290,2023-02-22,83.18365478515625,82.447606371152,83.52184411397482,82.27851550108053,6949700,1.04%
291,2023-02-23,83.0245132446289,83.71083307208268,83.87992394332687,81.84086196856819,8283100,-0.19%
292,2023-02-24,81.0351791381836,81.97016459403662,82.16909411760433,80.9456555405057,8666500,-2.40%
293,2023-02-27,81.691650390625,82.15914310569688,82.64652573710868,81.42309478232556,8233500,0.81%
294,2023-02-28,82.40782928466797,81.57231599453485,82.86537336098039,81.48279237706255,7071500,0.88%
295,2023-03-01,82.656494140625,82.37798971360577,83.30302661116336,82.02985917983173,7193700,0.30%
296,2023-03-02,81.9801254272461,81.8408732096036,82.38794091368251,81.3137030158603,6494500,-0.82%
297,2023-03-03,83.14387512207031,82.25862567412763,83.84014376350729,81.63199072664304,6070800,1.42%
298,2023-03-06,81.73146057128906,83.56164451986335,83.62132187417576,81.13466426213452,7358600,-1.70%
299,2023-03-07,81.63199615478516,81.66183483207669,82.74602150195595,81.273916849933,6256700,-0.12%
300,2023-03-08,80.79647064208984,81.50268038988999,81.63198383486444,80.17977691265453,7125500,-1.02%
301,2023-03-09,78.30982208251953,81.10482271103673,81.3534884634294,77.75280563685989,11851600,-3.08%
302,2023-03-10,75.2562026977539,78.01141573968904,78.16061670043612,73.47575510050441,24423500,-3.90%
303,2023-03-13,77.4444580078125,74.58977260519733,78.28991999881875,74.58977260519733,20813600,2.91%
304,2023-03-14,78.60821533203125,78.9364559418781,79.50341354585153,77.48424887887026,9655200,1.50%
305,2023-03-15,77.6334457397461,77.44445735219216,78.27997058178131,76.62883404244636,9601300,-1.24%
306,2023-03-16,77.8124771118164,77.19578342068158,78.55847423989513,75.61426556304355,9459100,0.23%
307,2023-03-17,76.09171295166016,76.74819411772906,77.12616329327807,75.33576701188633,11341500,-2.21%
308,2023-03-20,76.37022399902344,76.48958629106139,76.68851585578152,75.29598613671128,7987800,0.37%
309,2023-03-21,75.61426544189453,76.90733016396268,76.9769562589248,75.43522582789548,7662100,-0.99%
310,2023-03-22,72.73969268798828,75.62421651828652,75.71374012237384,72.67006659088722,10854300,-3.80%
311,2023-03-23,73.3265609741211,73.64485284533227,74.57983853706122,72.22248438583425,12002600,0.81%
312,2023-03-24,73.79405212402344,73.0381061015165,74.11234398791952,72.05339183331873,8176200,0.64%
313,2023-03-27,74.54998016357422,74.29137327743061,75.19651255628436,73.82388050749134,6279700,1.02%
314,2023-03-28,74.05266571044922,74.60968221390245,75.15674237272098,73.98303959610223,5125800,-0.67%
315,2023-03-29,75.91267395019531,74.81854625305736,75.96241013179625,74.13222640807885,6896900,2.51%
316,2023-03-30,74.27147674560547,76.23096386814724,76.31053872124072,73.70451919749686,8545600,-2.16%
317,2023-03-31,75.80326843261719,74.79865664978101,76.12156029794353,74.50026229466819,7645200,2.06%
318,2023-04-03,76.64871978759766,75.70379307864569,77.13611006698818,75.62421822625431,7563900,1.12%
319,2023-04-04,75.16667175292969,76.76807955879211,76.93717042309426,74.35104851424684,8889500,-1.93%
320,2023-04-05,74.97769165039062,74.74892341785332,75.83310240830444,74.49030892184594,8013100,-0.25%
321,2023-04-06,76.45974731445312,74.86828044824664,76.61888944786791,74.51020875089425,8640300,1.98%
322,2023-04-10,75.74359130859375,76.33043885416559,76.33043885416559,75.15673617434521,7567000,-0.94%
323,2023-04-11,76.46969604492188,75.86295094961392,76.93718891396347,75.84306102672322,7462700,0.96%
324,2023-04-12,75.64412689208984,77.31516109542811,77.47430323501061,75.50487467420139,7329200,-1.08%
325,2023-04-13,79.00607299804688,75.91267082882398,79.57303053707652,75.69384378065894,14018600,4.44%
326,2023-04-14,77.77269744873047,78.99612861120949,79.01602611960197,76.90733796188056,7304100,-1.56%
327,2023-04-17,81.39326477050781,79.02596227451369,81.69165907939183,78.72756796562969,12173000,4.66%
328,2023-04-18,80.89594268798828,81.9403342728624,82.0596965634236,80.1300479370709,11116300,-0.61%
329,2023-04-19,81.91049194335938,80.22951672783333,82.358094821489,80.13004436246494,6871700,1.25%
330,2023-04-20,80.18974304199219,81.12472120954405,81.19434732402853,79.96096718658474,7835400,-2.10%
331,2023-04-21,81.8309097290039,80.23945067898848,82.01989809980039,80.14993466461667,8059200,2.05%
332,2023-04-24,80.78651428222656,81.7513384178132,81.86075193351941,79.91120615657685,5920100,-1.28%
333,2023-04-25,79.58299255371094,80.83626252968854,81.56236989336679,79.0856610299709,5793900,-1.49%
334,2023-04-26,78.92649841308594,79.32436508485165,80.01068490393064,78.18050124927855,6016500,-0.82%
335,2023-04-27,78.37944030761719,78.95633902775973,79.0757013088284,77.78263649094957,6321900,-0.69%
336,2023-04-28,79.77198028564453,78.2998830974579,80.49808771224883,77.5538857471981,6369800,1.78%
337,2023-05-01,81.63199615478516,79.87144589649276,82.22879246664647,79.50341783631782,9141700,2.33%
338,2023-05-02,79.30448150634766,81.2241813315672,81.63198920094041,79.04586701072307,10490100,-2.85%
339,2023-05-03,82.76590728759766,80.6472778303342,83.99928728229494,80.46823818685584,14800700,4.36%
340,2023-05-04,83.53179931640625,82.68632972342694,83.9992845364571,81.6120994863486,8997200,0.93%
341,2023-05-05,84.92433166503906,84.4667875555046,85.61065162367932,84.10870823696855,8658100,1.67%
342,2023-05-08,84.54635620117188,85.14315249191543,85.14315249191543,83.68099664695397,6058400,-0.45%
343,2023-05-09,85.45149230957031,83.91971055214553,86.1477532953654,83.49200520696408,7112100,1.07%
344,2023-05-10,86.81417083740234,87.11257272272893,87.50049062044839,85.89908285245772,9594900,1.59%
345,2023-05-11,85.55096435546875,86.53567857302207,86.95343520002332,85.16304640344241,7088600,-1.46%
346,2023-05-12,84.97405242919922,85.91897915516365,86.04829018979667,84.2380040030161,5848900,-0.67%
347,2023-05-15,87.08275604248047,85.26252077741924,88.05752161517275,85.113319797079,8743200,2.48%
348,2023-05-16,84.57618713378906,85.30229440664183,85.44154660877646,83.91971355067948,13491000,-2.88%
349,2023-05-17,85.28240203857422,84.77512938108532,85.32218946853583,83.22344996728752,7569600,0.84%
350,2023-05-18,84.27780151367188,84.95417267475186,85.02379878300965,82.7559607097344,11373100,-1.18%
351,2023-05-19,84.91439056396484,84.92433173099842,85.71011648124741,84.50657505527428,7618300,0.76%
352,2023-05-22,87.00315856933594,85.43158948360742,87.43086388789052,85.39180205994245,6478600,2.46%
353,2023-05-23,87.02305603027344,87.09268213055378,89.35057119004287,86.90370133760759,9984100,0.02%
354,2023-05-24,85.33213806152344,86.28701361276417,86.43621457766848,84.59608958031886,7244700,-1.94%
355,2023-05-25,83.10408782958984,85.15309096286398,85.21276830812808,82.16910228084892,9143200,-2.61%
356,2023-05-26,83.86003112792969,83.2333961995462,84.0191808429531,82.6266511912026,4570000,0.91%
357,2023-05-30,82.69628143310547,84.15843726118706,85.1332027541238,82.2088986866371,6058600,-1.39%
358,2023-05-31,83.47210693359375,82.74600728202398,85.04367610273937,82.49734156242532,6271500,0.94%
359,2023-06-01,84.62593078613281,83.85009485184217,85.043687429416,82.6763921954681,7106300,1.38%
360,2023-06-02,85.9687271118164,85.41171823610145,85.9687271118164,84.27780297415212,5284200,1.59%
361,2023-06-05,86.24723052978516,85.5410206882328,86.81418815405544,85.47139457959179,5653700,0.32%
362,2023-06-06,87.64969635009766,86.51578126580814,87.80883846593491,85.8195126915778,5971200,1.63%
363,2023-06-07,87.73921203613281,87.67953469150359,88.41558310040772,86.54561961149501,6099700,0.10%
364,2023-06-08,87.64969635009766,87.6397475963967,88.19675638484051,86.82412433245732,4840700,-0.10%
365,2023-06-09,87.19215393066406,88.16691932830588,88.35590770870971,86.74455107002484,7334300,-0.52%
366,2023-06-12,88.1370849609375,87.96799408003994,89.69870549516874,87.27172545903505,7391100,1.08%
367,2023-06-13,89.74844360351562,88.49516612976387,90.42481473029063,88.44542994552661,8260600,1.83%
368,2023-06-14,88.41559600830078,90.02695284661363,90.36513463378483,87.36125562632387,7813000,-1.49%
369,2023-06-15,88.71398162841797,87.89835839856399,89.06211210664675,87.44081440022397,6896000,0.34%
370,2023-06-16,87.20210266113281,89.37046828658777,89.60918527976658,87.033011773826,7856700,-1.70%
371,2023-06-20,87.17523956298828,86.87682744422115,87.70242772906617,85.92191928867594,7364800,-0.03%
372,2023-06-21,86.69778442382812,86.78730350108313,87.33438982520265,85.42456603214409,6781700,-0.55%
373,2023-06-22,86.13080596923828,86.5585259648286,87.02603474941982,85.83240143513478,4725300,-0.65%
374,2023-06-23,84.66861724853516,85.5538970328641,85.61357642854675,84.50946207479961,7666600,-1.70%
375,2023-06-26,82.72894287109375,84.24088647321821,84.42987373178221,82.53995561252975,7183300,-2.29%
376,2023-06-27,82.48026275634766,82.77867485334596,82.92788090184511,81.59498314790352,7836500,-0.30%
377,2023-06-28,83.53465270996094,82.48026878867181,83.54459421536906,81.92324092839972,5504300,1.28%
378,2023-06-29,82.18186950683594,83.24619500149996,83.50481075946384,82.0426125328751,6458100,-1.62%
379,2023-06-30,82.7587890625,82.78863634781854,83.48492122653082,82.25149904612506,5054100,0.70%
380,2023-07-03,82.50017547607422,82.70906094519448,83.07709399552895,82.06250634709679,3696400,-0.31%
381,2023-07-05,82.5698013305664,82.44048586171225,83.04725164790742,81.9232467531035,4866300,0.08%
382,2023-07-06,81.28663635253906,81.82377361875082,81.99287027970576,80.40135666996845,6326400,-1.55%
383,2023-07-07,81.3463134765625,81.43584014623966,82.41063888490467,81.11753743315421,4560600,0.07%
384,2023-07-10,83.7833251953125,81.316473486202,83.96237094507806,81.09763894882907,7450600,3.00%
385,2023-07-11,83.38545227050781,83.46502985274869,83.6938059155213,82.7190070943463,6084700,-0.47%
386,2023-07-12,84.33040618896484,84.73823558106776,84.83770375825966,83.6739101483499,5869700,1.13%
387,2023-07-13,84.2309341430664,84.54923684882222,84.95706622219363,84.08172808966381,4414600,-0.12%
388,2023-07-14,83.97232055664062,84.61887513703965,84.61887513703965,82.88810444818084,5012000,-0.31%
389,2023-07-17,85.30522155761719,84.70840484243303,86.36954710285877,84.3403642000836,8746300,1.59%
390,2023-07-18,85.12616729736328,85.35494334738978,86.24022303092295,84.98691033066832,5447000,-0.21%
391,2023-07-19,85.30522155761719,85.55389582135528,86.31980921453665,85.18585517900586,5443900,0.21%
392,2023-07-20,83.88279724121094,84.98691148423296,85.25547632680843,83.67391178833321,6492500,-1.67%
393,2023-07-21,84.51940155029297,84.44977306694297,85.22563547825322,83.71369944453778,5811200,0.76%
394,2023-07-24,82.97763061523438,84.62883145097985,84.89739632999536,82.59964844763637,6626300,-1.82%
395,2023-07-25,82.71900177001953,82.93782872369293,83.49486417458877,82.57973721559398,4973500,-0.31%
396,2023-07-26,82.60957336425781,82.60957336425781,82.89802876179706,82.18185343106366,4680900,-0.13%
397,2023-07-27,81.33637237548828,83.1168809604809,83.1168809604809,80.97828842839587,7208500,-1.54%
398,2023-07-28,83.36554718017578,82.06249663181475,83.60427990713812,81.91329057469711,8988400,2.49%
399,2023-07-31,83.843017578125,83.51476572118577,83.99222365754615,83.07709657860012,4838100,0.57%
400,2023-08-01,82.8582534790039,83.19644677690054,83.28597344271347,82.2116989865683,6814700,-1.17%
401,2023-08-02,81.62483978271484,82.2017659092324,82.65932565438675,81.11754973702816,5613800,-1.49%
402,2023-08-03,80.83902740478516,81.23690774990806,81.94314175775645,80.7992462003156,5236300,-0.96%
403,2023-08-04,80.7892837524414,81.32642099124259,81.8536091361025,80.69975708484031,5883800,-0.06%
404,2023-08-07,78.272705078125,80.57045259401345,80.66992077078687,78.12349901849714,9728800,-3.11%
405,2023-08-08,78.90931701660156,78.27271152608674,79.19778006526235,77.88478029245853,8215600,0.81%
406,2023-08-09,78.83968353271484,79.23756383630975,79.8343804972343,78.33238595590795,6415400,-0.09%
407,2023-08-10,79.51608276367188,78.96899636326926,80.5406194872113,78.80984878520233,7304100,0.86%
408,2023-08-11,79.44644927978516,79.27734502824369,80.09299623550598,78.97894049228076,4316300,-0.09%
409,2023-08-14,79.6055908203125,78.80983786239482,79.82442535014374,77.86487126439036,6561500,0.20%
410,2023-08-15,79.39671325683594,79.51607962738008,79.86422205529749,78.64074142126117,5217600,-0.26%
411,2023-08-16,77.66594696044922,79.02867705282019,79.29724950430936,77.41727269962985,7103600,-2.18%
412,2023-08-17,76.54193115234375,77.85493088943677,77.85493088943677,76.5021499505876,6465300,-1.45%
413,2023-08-18,77.11885070800781,75.76606229469871,77.62614826023253,75.50744656048904,6872600,0.75%
414,2023-08-21,77.97430419921875,77.05918469868793,78.55123033218074,76.42257916884593,5762600,1.11%
415,2023-08-22,77.95440673828125,78.19313189373526,78.66064069866226,77.27801247371502,5176000,-0.03%
416,2023-08-23,78.44180297851562,78.54127115686268,79.42655084534188,78.35227630574839,4803700,0.63%
417,2023-08-24,77.4073257446289,78.42191341769363,78.52138919592086,77.15865147693363,5394700,-1.32%
418,2023-08-25,78.272705078125,77.64604114547511,78.76010445656958,76.88012783649077,6600700,1.12%
419,2023-08-28,78.51142883300781,78.75015397083325,79.38675939765798,78.0439200626038,4429300,0.30%
420,2023-08-29,78.8695297241211,78.44180969058782,79.27735156692098,77.91462147019625,5864100,0.46%
421,2023-08-30,79.25746154785156,78.91926060332332,79.43650732108739,78.5910163431712,5459800,0.49%
422,2023-08-31,78.77999877929688,79.43650243711,79.72496547563976,78.72031938819961,5015900,-0.60%
423,2023-09-01,80.69976043701172,79.3171322902137,80.78928710833164,79.3171322902137,7991900,2.44%
424,2023-09-05,79.22762298583984,80.4212564318932,80.85892557028308,79.08836600343149,6794900,-1.82%
425,2023-09-06,79.46634674072266,79.33703885620173,79.81448919053764,78.46170059502546,5194800,0.30%
426,2023-09-07,78.34233093261719,78.79989060157357,79.01872513649514,77.95439974395993,5004600,-1.41%
427,2023-09-08,78.23291778564453,78.32243686977182,78.80984384647232,77.80519778729781,4977800,-0.14%
428,2023-09-11,78.4119644165039,78.58106108102992,78.78994653525658,78.00413501377399,5223000,0.23%
429,2023-09-12,78.71035766601562,78.34232469471092,79.43648969326213,78.19311865196882,6200100,0.38%
430,2023-09-13,77.87482452392578,78.88941206594785,79.89405810258033,77.82508664123624,6953400,-1.06%
431,2023-09-14,77.79525756835938,78.17323972602429,78.39207429743846,77.34764691878418,5145600,-0.10%
432,2023-09-15,76.70108795166016,77.70573406849572,77.90467043726458,76.32310581542492,8027900,-1.41%
433,2023-09-18,75.5472412109375,76.58172709878399,77.02934534419241,75.18914965018539,7252800,-1.50%
434,2023-09-19,75.58702087402344,75.62680966362659,75.80585542237294,75.09962148202223,7411300,0.05%
435,2023-09-20,73.9457778930664,75.79591508420751,75.81581327577568,73.88609849623492,9377400,-2.17%
436,2023-09-21,73.30916595458984,73.21964686716895,73.61752718544548,72.43383532553017,10706000,-0.86%
437,2023-09-22,72.5730972290039,73.5578452022141,73.82641766059457,72.42389115089657,10313000,-1.00%
438,2023-09-25,71.49880981445312,72.11552461907422,72.16526249921311,71.21034680530462,7223200,-1.48%
439,2023-09-26,72.8217544555664,72.24482846932088,74.10491428472575,72.18514908761776,12772500,1.85%
440,2023-09-27,73.5976333618164,73.40864608084863,74.36355434800097,72.7223026808275,9762600,1.07%
441,2023-09-28,73.37879180908203,73.61752454484632,73.61752454484632,72.20504908618216,10428800,-0.30%
442,2023-09-29,72.63277435302734,74.00546112195934,74.2839750782829,72.42388888578468,10415700,-1.02%
443,2023-10-02,70.27534484863281,72.59299068923957,72.59299068923957,69.97693271186591,11773900,-3.25%
444,2023-10-03,70.17587280273438,69.9371400708891,70.48422642853187,69.32043281929413,11448800,-0.14%
445,2023-10-04,69.5094223022461,70.02666898218484,70.22560534281624,68.72361077656139,12868500,-0.95%
446,2023-10-05,71.76738739013672,69.26074679385573,71.99616344179698,69.1712277098849,13608900,3.25%
447,2023-10-06,71.84695434570312,71.21034140175958,72.29456487724768,70.81246874657973,9677800,0.11%
448,2023-10-09,71.27999114990234,71.24020235895807,71.46897842071773,70.07640109341202,9387400,-0.79%
449,2023-10-10,71.7176513671875,70.76274316871172,72.10558258566404,70.58369740718904,9503300,0.61%
450,2023-10-11,70.94178009033203,71.86684847810587,72.5730823414054,70.2952256104583,9061100,-1.08%
451,2023-10-12,68.35557556152344,70.8423179344605,70.95173520598456,68.11685041862341,12711400,-3.65%
452,2023-10-13,69.23090362548828,68.58434911426549,69.38010968022203,67.94774369707432,12892000,1.28%
453,2023-10-16,69.83767700195312,69.24086030655737,70.50412218532945,68.34563146899573,9651200,0.88%
454,2023-10-17,69.92720031738281,69.33037606175228,71.09099395577817,69.22095878748239,9660100,0.13%
455,2023-10-18,68.12677764892578,69.56909247637063,69.59893216436365,67.8781034637388,9369300,-2.57%
456,2023-10-19,66.73421478271484,68.16658082024531,68.28594718635135,66.555176616959,12490800,-2.04%
457,2023-10-20,66.56510925292969,66.78394376716429,67.53991547390169,66.22691597742855,9210200,-0.25%
458,2023-10-23,65.11286926269531,65.86884116046275,66.18714391916436,65.03329167578582,10621800,-2.18%
459,2023-10-24,66.73421478271484,65.69973663220448,66.9729475149269,65.69973663220448,8836600,2.49%
460,2023-10-25,65.15265655517578,65.94841722806538,66.21698209152731,65.11286776263768,7727800,-2.37%
461,2023-10-26,65.82905578613281,65.24218053836378,66.28661555122324,64.86419836431607,10562700,1.04%
462,2023-10-27,63.779972076416016,66.0478799405586,66.0478799405586,63.71034359247955,14361300,-3.11%
463,2023-10-30,64.84429931640625,64.38673961090343,65.4013272032904,64.25742414506547,9575600,1.67%
464,2023-10-31,65.8787841796875,64.10821718447437,66.0279826552109,63.46166642557662,16209700,1.60%
465,2023-11-01,67.24151611328125,66.11751122809245,67.29125399917444,65.75941969868194,13408500,2.07%
466,2023-11-02,67.89802551269531,68.00744279974954,68.395374057874,67.56977365153261,12267900,0.98%
467,2023-11-03,71.08104705810547,69.09165304834399,71.69776193314844,68.98223577069223,21082600,4.69%
468,2023-11-06,69.5094223022461,71.38939898927487,71.59829203355424,69.34032563681583,11110600,-2.21%
469,2023-11-07,71.1407241821289,69.74815449083664,71.24019995059463,69.24085690961695,12723200,2.35%
470,2023-11-08,69.06181335449219,71.10094525013304,71.29988161554077,68.77335031239585,11677800,-2.92%
471,2023-11-09,66.23686981201172,69.66857902701491,69.7083678178222,66.0379334469112,12529200,-4.09%
472,2023-11-10,66.59496307373047,66.6347518655734,66.82374672959334,65.15265541687036,10564700,0.54%
473,2023-11-13,66.92321014404297,66.00809076369887,66.92321014404297,64.6453531987327,11836700,0.49%
474,2023-11-14,70.53396606445312,69.32043454202214,70.59364545442985,69.26074756310977,18577900,5.40%
475,2023-11-15,70.72295379638672,70.48422864596661,72.9311823073459,70.23555440083942,15130200,0.27%
476,2023-11-16,69.75810241699219,70.93184525692254,71.1108910321301,68.95240022302636,11621000,-1.36%
477,2023-11-17,72.27468872070312,70.37481378020205,72.49351568920036,70.086350735307,13854700,3.61%
478,2023-11-20,73.10028076171875,72.41394498884684,74.11487595647255,72.055853459985,10967900,1.14%
479,2023-11-21,71.6181869506836,72.45372882241888,73.0406040228449,71.59829634899587,9993900,-2.03%
480,2023-11-22,72.4139404296875,72.52335770044729,73.01075707723652,71.67785922840615,7312600,1.11%
481,2023-11-24,73.2693862915039,72.39404805512577,74.13476784382281,72.39404805512577,4723000,1.18%
482,2023-11-27,72.84166717529297,73.03065445137071,73.11023203547506,71.6082373884836,7398700,-0.58%
483,2023-11-28,72.64271545410156,72.56313787849902,72.78197241693836,71.71764700729415,8702600,-0.27%
484,2023-11-29,73.45836639404297,73.24948095046355,74.98025147507535,73.06048610625277,10526700,1.12%
485,2023-11-30,75.11951446533203,75.21899023696335,76.78066423098282,74.80121172734512,13445600,2.26%
486,2023-12-01,77.41726684570312,75.13940987816613,77.42720835135012,73.80651199471492,12766900,3.06%
487,2023-12-04,78.77005767822266,77.22827429617612,78.95904494731386,76.80055428359738,12907000,1.75%
488,2023-12-05,78.38212585449219,77.99419463547281,79.01873132103351,77.48689704562602,10916000,-0.49%
489,2023-12-06,79.11820220947266,78.909316745079,80.22231651336486,78.17323548319351,11062900,0.94%
490,2023-12-07,80.09298706054688,79.54590834615034,80.37150855338305,79.13807899476983,10164700,1.23%
491,2023-12-08,78.89936065673828,79.78464032262728,80.6997596823654,78.79989248092942,9324800,-1.49%
492,2023-12-11,78.44180297851562,78.7700547971029,78.82973418632402,77.09896359849154,9709000,-0.58%
493,2023-12-12,79.65534210205078,78.49154836734621,79.81448968483629,77.36753583663581,8504800,1.55%
494,2023-12-13,83.50480651855469,79.67522475125071,83.58438409647253,79.55586597330947,15700900,4.83%
495,2023-12-14,85.02670288085938,84.81780983264072,85.36489621809748,83.62417646847157,17650000,1.82%
496,2023-12-15,85.26541900634766,85.40467596445563,86.32974437985006,84.2209842316028,10971400,0.28%
497,2023-12-18,83.92633819580078,84.87145157401677,85.23955227835944,83.48859763822298,8192600,-1.57%
498,2023-12-19,86.05534362792969,84.73217871929168,86.26426320452904,84.5730051519578,9867400,2.54%
499,2023-12-20,82.23507690429688,85.6573878815929,85.85636430422166,82.15548633524537,12235300,-4.44%
500,2023-12-21,84.23474884033203,83.67762997037268,84.73217857141726,83.31947995677727,9554800,2.43%
501,2023-12-22,87.16958618164062,85.75688001938656,87.77645104249534,85.55791116901703,13208600,3.48%
502,2023-12-26,89.0001220703125,88.34351880540437,89.41796120163357,87.68690795032128,10117500,2.10%
503,2023-12-27,90.36308288574219,89.89549774419619,90.53220716539818,89.09960717260621,10041600,1.53%
504,2023-12-28,90.39293670654297,90.53221643230168,91.5469698042831,89.56720148227649,10621300,0.03%
505,2023-12-29,88.83100891113281,90.25365835171426,90.27355220276378,88.80116433947059,9038400,-1.73%
506,2024-01-02,89.76617431640625,87.97542421441439,91.25846353800765,87.46804375382078,11785600,1.05%
507,2024-01-03,87.74659729003906,89.10955741985771,89.30852626661337,87.15963387898739,11249900,-2.25%
508,2024-01-04,88.99018096923828,88.11470732467896,89.63684117484695,87.66702357704453,9405400,1.42%
509,2024-01-05,88.84095001220703,88.02516558434223,89.06976343029254,86.51297500233547,11413500,-0.17%
510,2024-01-08,92.93977355957031,87.99532058272916,93.01936414197567,87.07010093525007,21270500,4.61%
511,2024-01-09,93.11883544921875,92.00459781330525,93.83513540954864,91.52706197636046,12928500,0.19%
512,2024-01-10,92.0543441772461,93.25812320724344,93.79534822388426,91.06943544182558,13334500,-1.14%
513,2024-01-11,90.00493621826172,91.02964024373583,91.20871524946168,88.83100175632019,16280100,-2.23%
514,2024-01-12,89.95519256591797,90.66154188751416,92.15383111093088,89.72637913549235,10300800,-0.06%
515,2024-01-16,88.60218048095703,89.12945477677154,89.17920078550603,87.78639603286803,10901000,-1.50%
516,2024-01-17,87.88587951660156,87.55758166907447,88.02516682152769,86.67215737236842,9087000,-0.81%
517,2024-01-18,86.61245727539062,88.32361666454068,88.32361666454068,85.66734387774781,11942200,-1.45%
518,2024-01-19,86.60250854492188,86.86116650828237,87.11983206181726,85.55790320231226,13253000,-0.01%
519,2024-01-22,88.55243682861328,87.2392227314963,88.75140567144092,86.88107274226668,10794700,2.25%
520,2024-01-23,88.77131652832031,89.43787057170552,89.88555431065363,87.2989211285826,9311300,0.25%
521,2024-01-24,87.2690658569336,89.79600958800039,89.94524001274276,87.22927057099065,11295900,-1.69%
522,2024-01-25,88.04505157470703,88.18433127506889,89.06975548030114,87.60731103632726,10104700,0.89%
523,2024-01-26,87.7863998413086,88.48280604292745,89.26874595594232,87.5078403967313,8264800,-0.29%
524,2024-01-29,90.3332290649414,87.71674420220862,90.47250876217727,86.82136929842504,11009000,2.90%
525,2024-01-30,88.31366729736328,89.91539156939237,89.93529300827316,87.7366546027952,10848600,-2.24%
526,2024-01-31,86.98056030273438,88.1246501657196,89.7263744558639,86.98056030273438,15669600,-1.51%
527,2024-02-01,88.51264953613281,87.6272252022845,89.1792035689983,86.79153928854788,11745700,1.76%
528,2024-02-02,87.51778411865234,87.65706382980359,87.92567253268815,86.28416056695194,15486500,-1.12%
529,2024-02-05,87.95552062988281,86.73184026392481,88.31366302046784,85.94590045004523,11164600,0.50%
530,2024-02-06,89.29859924316406,87.45811051311397,89.41797753667836,86.8412948326435,9819300,1.53%
531,2024-02-07,87.61727905273438,89.08967450604167,89.18915894163014,87.54763918880487,10885800,-1.88%
532,2024-02-08,88.7613525390625,87.87592832360302,89.28862678083337,87.55757363478808,8545600,1.31%
533,2024-02-09,90.5719985961914,89.49754864735044,90.85055800733358,88.9404298250661,8492000,2.04%
534,2024-02-12,92.62141418457031,90.71128584349486,92.74080005220328,90.24370068298491,9732500,2.26%
535,2024-02-13,88.2639389038086,89.68658833834229,89.94525394194184,87.43820367050965,17368600,-4.70%
536,2024-02-14,90.67149353027344,89.62688802718147,90.96995441406416,88.93048941857053,9983900,2.73%
537,2024-02-15,92.79054260253906,91.60666495404574,93.19843864248156,91.18882578398927,10686000,2.34%
538,2024-02-16,92.6711654663086,92.06430055411926,93.70582027413671,91.60666608741802,11007300,-0.13%
539,2024-02-20,91.90512084960938,92.27322160897643,93.35761485575976,91.16892692105115,8947500,-0.83%
540,2024-02-21,91.99466705322266,91.48728653954694,92.41250625734322,90.84062629116437,6704900,0.10%
541,2024-02-22,93.66602325439453,92.29311228944714,94.49175845937368,91.73599339942535,10809600,1.82%
542,2024-02-23,94.26293182373047,93.93462638729338,95.00907640281014,93.51678724465081,8854700,0.64%
543,2024-02-26,96.8396224975586,94.16345553725428,97.02864823612063,93.97442979869224,12172200,2.73%
544,2024-02-27,102.36109924316406,99.32677455733511,102.68940471871461,98.37171029315029,23103300,5.70%
545,2024-02-28,101.0080795288086,101.73433027262797,102.98784772444044,100.61013422768188,16741400,-1.32%
546,2024-02-29,97.9140625,102.16211648280255,102.62970162561068,97.86432408300075,20721700,-3.06%
547,2024-03-01,101.0080795288086,98.9288269054389,102.29144914010018,98.60052146274622,16319200,3.16%
548,2024-03-04,100.21219635009766,102.91820769487403,102.92815841468386,99.49589632729571,13935200,-0.79%
549,2024-03-05,98.94872283935547,99.68491672833447,100.97823708669733,98.21252895037645,13539400,-1.26%
550,2024-03-06,99.60533142089844,100.10276114866728,100.42111587083234,98.81939154020262,9390300,0.66%
551,2024-03-07,98.28215789794922,99.78439766922062,100.04305564003387,98.24236261239919,7479800,-1.33%
552,2024-03-08,98.44134521484375,99.55559059552351,100.94839542382928,97.4166411367156,11121000,0.16%
553,2024-03-11,96.33223724365234,98.18267632948803,99.12778972067112,95.98403797269935,9126400,-2.14%
554,2024-03-12,95.70548248291016,96.1531738195888,96.4317332698729,94.91955014396966,10485600,-0.65%
555,2024-03-13,96.6008529663086,95.7651746552483,96.98884755218307,95.38712319914212,6543900,0.94%
556,2024-03-14,93.9644775390625,96.05368857899319,96.511323042069,92.47218827635525,16208200,-2.73%
557,2024-03-15,94.22314453125,93.5167951806006,95.28764391746469,93.29792487106894,12508200,0.28%
558,2024-03-18,92.4721908569336,94.08386603809693,94.76037082634348,92.36275570073371,11472200,-1.86%
559,2024-03-19,93.3675537109375,92.16377474080956,94.13359970385748,91.6762957572445,10926800,0.97%
560,2024-03-20,94.67082977294922,93.01935942752925,95.1085627736419,92.04439381791651,13234500,1.40%
561,2024-03-21,94.71060943603516,96.00392965922411,96.98883831493512,94.6708217404006,9802000,0.04%
562,2024-03-22,93.07905578613281,94.73052625965327,94.88969983856768,93.0193666428119,10423100,-1.72%
563,2024-03-25,92.1936264038086,92.89003259552925,93.98437650803258,92.02450211345841,8751000,-0.95%
564,2024-03-26,92.2135238647461,93.39740143628607,93.974421732767,92.1836792959928,10801400,0.02%
565,2024-03-27,94.422119140625,93.06910960836213,94.43206227073566,91.97475808213801,12279400,2.40%
566,2024-03-28,94.4022216796875,94.71062570998325,95.39708122533932,93.57648643515425,10295300,-0.02%
567,2024-04-01,93.3675537109375,93.85503269450255,94.05400912975608,91.93496132798664,11690600,-1.10%
568,2024-04-02,90.21385955810547,91.62655822324528,91.70614880470613,89.9054555426642,14841800,-3.38%
569,2024-04-03,90.5719985961914,89.6467790719408,90.94009929815766,89.159300102442,9102300,0.40%
570,2024-04-04,89.02996063232422,91.29823872382174,92.02448938513251,88.83099179945317,10070300,-1.70%
571,2024-04-05,89.71642303466797,88.50269332465453,90.66153645007842,87.47798933379319,10380300,0.77%
572,2024-04-08,89.935302734375,90.00494259763903,90.14422232416707,89.08967365469016,7237000,0.24%
573,2024-04-09,91.1689224243164,90.20390751127871,91.29825142465657,89.89550350037304,8593500,1.37%
574,2024-04-10,89.48760986328125,88.52260251460004,89.58710188639385,88.15450176354022,17369900,-1.84%
575,2024-04-11,90.8107681274414,90.67148841357893,91.13907356304944,89.4179633986415,9971700,1.48%
576,2024-04-12,87.69686126708984,90.56205372552046,90.56205372552046,86.8711261091833,14306200,-3.43%
577,2024-04-15,85.90611267089844,87.73665802031,88.02516817391958,85.26940322506188,12332200,-2.04%
578,2024-04-16,85.16991424560547,85.23955410032913,86.04538778929931,84.69237839166117,11287900,-0.86%
579,2024-04-17,84.21485900878906,85.74694356445079,85.8563787177249,84.11537457586053,11923600,-1.12%
580,2024-04-18,83.05087280273438,83.96614170349298,84.50336673398404,82.95138078250696,11417300,-1.38%
581,2024-04-19,82.40420532226562,82.61312488391997,83.94623282690716,80.8422763792714,13784300,-0.78%
582,2024-04-22,83.31947326660156,83.07075842102961,84.34417721593002,82.05600519077296,10695400,1.11%
583,2024-04-23,84.25465393066406,83.94624232270911,85.86632147149844,83.77711802845438,12939300,1.12%
584,2024-04-24,83.50850677490234,84.83166410834949,84.98089454766057,83.26973503593443,8788900,-0.89%
585,2024-04-25,81.79734802246094,82.02616145337652,82.31467161467592,80.72289795765809,14389600,-2.05%
586,2024-04-26,83.06082153320312,82.15550329145897,83.43887301913725,81.21038216679966,10452800,1.54%
587,2024-04-29,85.08038330078125,84.02583463236336,85.95586454113648,83.91639947731895,10494600,2.43%
588,2024-04-30,84.18501281738281,84.27454652824228,85.34899659960922,83.78706750315334,7508600,-1.05%
589,2024-05-01,86.88107299804688,84.38397378528187,89.12944977128285,84.26458792512892,17126900,3.20%
590,2024-05-02,87.88587951660156,87.97542081332728,88.5225965428311,86.46323780024201,10230200,1.16%
591,2024-05-03,89.51746368408203,90.51232321224835,91.22861569678038,89.31848722434326,11242700,1.86%
592,2024-05-06,90.11436462402344,90.12430775291551,90.53220374273258,89.15930052832766,8622200,0.67%
593,2024-05-07,89.96514892578125,90.53221856262141,90.54216928331712,89.08967525895771,7631900,-0.17%
594,2024-05-08,88.65192413330078,89.19909985413511,89.43786399132871,87.86598427527285,12044900,-1.46%
595,2024-05-09,88.52259826660156,88.7215671229273,89.13940627531656,87.8261920891108,7548500,-0.15%
596,2024-05-10,87.6869125366211,89.65673761472341,90.02483075863609,87.22927809407064,8808400,-0.94%
597,2024-05-13,89.41796875,88.6021842670514,90.29344996401599,88.54249512615962,11000300,1.97%
598,2024-05-14,90.31333923339844,90.41282365989724,91.81557912110858,89.77611422209463,10806600,1.00%
599,2024-05-15,92.13392639160156,92.23341081005772,93.36754987884204,91.8056209795391,12054000,2.02%
600,2024-05-16,92.1140365600586,92.14388872051391,92.32296373236807,90.94010964811817,7735900,-0.02%
601,2024-05-17,90.7112808227539,92.04438878174739,92.57167064197718,90.38297539756599,7394300,-1.52%
602,2024-05-20,91.79568481445312,90.91026044651626,91.96481670183579,90.43273212614679,5595900,1.20%
603,2024-05-21,91.09928131103516,91.38779146798754,92.2135266492469,90.41282584828033,6266200,-0.76%
604,2024-05-22,91.69619750976562,90.95005289114182,92.68111387127544,90.83067460987436,7861700,0.66%
605,2024-05-23,88.86085510253906,91.7161047563598,91.92502435197945,88.20425174347386,9692200,-3.09%
606,2024-05-24,88.37337493896484,89.0100844386413,89.70648308198246,88.20425063846427,6723000,-0.55%
607,2024-05-28,88.67182159423828,90.21385680473216,90.4725223914975,87.74660198597702,9057800,0.34%
608,2024-05-29,87.03030395507812,87.30886337362125,87.49788149896129,86.532874253344,9561900,-1.85%
609,2024-05-30,88.50269317626953,87.55757976244368,88.68176817564627,87.15963447603146,9141600,1.69%
610,2024-05-31,88.67182159423828,88.80115818270865,89.99498650748266,88.04506286225822,9718900,0.19%
611,2024-06-03,90.9500503540039,89.4279165889008,92.50203627876668,88.79120713931749,13040200,2.57%
612,2024-06-04,90.70132446289062,90.96994073594863,91.82552037798432,90.1342549410925,7963300,-0.27%
613,2024-06-05,93.63617706298828,91.0296424908951,93.84509664312993,90.35313774036122,10287800,3.24%
614,2024-06-06,92.34284973144531,94.1037475398188,94.1037475398188,92.26325915734907,7032800,-1.38%
615,2024-06-07,90.92021179199219,91.01969622690505,92.01455575638538,90.4526265987083,8582700,-1.54%
616,2024-06-10,91.5171127319336,89.9452406716334,91.57680945637267,88.92052912898914,8423600,0.66%
617,2024-06-11,91.98471069335938,90.74113628815468,92.32296687846647,90.36309240143575,5864300,0.51%
618,2024-06-12,93.33772277832031,94.51165735219675,94.90960269066225,92.71096399360596,11437900,1.47%
619,2024-06-13,93.33772277832031,93.14869703475959,94.11371201373123,92.60152883577354,5595200,0.00%
620,2024-06-14,91.27835845947266,92.17373352097943,92.65126182699933,90.7809287130995,9218500,-2.21%
621,2024-06-17,90.12432098388672,90.77098119501893,91.03959751803464,89.6169480896141,6692400,-1.26%
622,2024-06-18,89.2388916015625,90.16411121412156,90.28349708322368,88.82105244496819,6722900,-0.98%
623,2024-06-20,89.42792510986328,88.93049533059374,90.15417592727428,88.23409667568681,6797300,0.21%
624,2024-06-21,91.90512084960938,90.41283155135099,92.17373717379438,90.16411666830793,12826400,2.77%
625,2024-06-24,93.37435913085938,92.93608054617022,94.19116036551468,92.6770925645569,9090200,1.60%
626,2024-06-25,92.71693420410156,93.3345109698549,93.7927233826617,92.63724442799295,5509600,-0.70%
627,2024-06-26,91.83041381835938,92.55756218553891,92.55756218553891,91.30248230803112,7102100,-0.96%
628,2024-06-27,92.49779510498047,92.02962714971511,92.71693819890346,91.04349082669731,6570900,0.73%
629,2024-06-28,92.34838104248047,92.97592097332814,92.97592097332814,91.46185312128027,7872600,-0.16%
630,2024-07-01,92.67709350585938,92.27865220693867,94.07163425226398,92.07943535729616,7437200,0.36%
631,2024-07-02,91.0036392211914,92.05950212348083,92.3384087316603,90.68488772618129,6498600,-1.81%
632,2024-07-03,90.51557159423828,91.29252805090044,91.8204596124972,90.18685690883916,4682000,-0.54%
633,2024-07-05,91.3522720336914,90.50558909168623,91.5614519888008,89.92784963492598,5557900,0.92%
634,2024-07-08,92.8663558959961,92.49779636033855,93.31459761264153,92.07943641151805,9007600,1.66%
635,2024-07-09,94.00190734863281,93.02572654881655,94.17124243034884,92.48783193662828,7651400,1.22%
636,2024-07-10,95.10758209228516,94.4003447708456,95.10758209228516,93.90229502876116,5002800,1.18%
637,2024-07-11,97.5779037475586,96.45231407565646,98.39470501381409,96.27301586600838,14609800,2.60%
638,2024-07-12,98.57400512695312,98.49431534342939,99.59998639100405,97.91658341197243,9005900,1.02%
639,2024-07-15,99.51033782958984,98.71345521968817,100.01835068339305,98.27517662391448,9186400,0.95%
640,2024-07-16,101.45272827148438,100.29725685208203,101.98065976825201,100.117958645667,8840000,1.95%
641,2024-07-17,99.41072082519531,100.07810558360931,101.61209953553974,98.64372004941254,9853200,-2.01%
642,2024-07-18,97.1595458984375,99.33104310698035,100.44666968041706,96.63161438070247,12775900,-2.26%
643,2024-07-19,97.12966918945312,97.33884918286981,97.7372905225553,96.68141983244328,5348400,-0.03%
644,2024-07-22,98.5042724609375,97.82692454155257,98.63376265154213,96.8905886413228,5848300,1.42%
645,2024-07-23,99.37088775634766,98.17556380247882,99.85897438103517,97.87673851373864,6722200,0.88%
646,2024-07-24,98.6536865234375,98.59392299069351,99.7792761213831,98.39469854882124,6088100,-0.72%
647,2024-07-25,100.58612823486328,99.3210776470054,102.15000410515896,98.93259946009115,12543100,1.96%
648,2024-07-26,101.1439437866211,101.60214864305502,102.67793792318825,100.56620425473814,8299100,0.55%
649,2024-07-29,99.8788833618164,101.10408896603249,101.5025302454316,99.15173505657569,7364400,-1.25%
650,2024-07-30,98.6038818359375,100.1079941243102,100.67577050341787,97.92653391001645,6956000,-1.28%
651,2024-07-31,98.67361450195312,98.98241051615722,100.83515620283734,97.79704967370162,9550400,0.07%
652,2024-08-01,98.28512573242188,99.14177182228636,99.97849926803936,97.82692092150477,8222800,-0.39%
653,2024-08-02,96.09371948242188,95.70524128740813,96.48219767743562,94.25093693690917,15611200,-2.23%
654,2024-08-05,93.06556701660156,90.64504517658214,94.23100148781658,90.64504517658214,15788200,-3.15%
655,2024-08-06,94.0716323852539,93.84252617303991,95.78492461686477,92.5974018883966,9591600,1.08%
656,2024-08-07,91.99974822998047,95.6952763747333,95.6952763747333,91.76068648359005,10704300,-2.20%
657,2024-08-08,94.62944793701172,92.59740414303961,94.7489826071168,92.10931753947301,7419000,2.86%
658,2024-08-09,95.16735076904297,95.01793431842108,95.68531918494428,94.43023923884775,4384400,0.57%
659,2024-08-12,95.43628692626953,95.26695184181257,95.99410779218036,94.14136218675449,4766600,0.28%
660,2024-08-13,96.57183837890625,95.75503713608009,96.81090771800343,95.47613050676905,7230600,1.19%
661,2024-08-14,95.71519470214844,96.8208657250269,96.83082884765385,95.23707121095745,4798600,-0.89%
662,2024-08-15,97.32886505126953,96.94038691882831,97.85679648255454,96.33276571687975,6346800,1.69%
663,2024-08-16,97.38864135742188,97.31891469885143,97.71735600481219,96.38258636942483,4717900,0.06%
664,2024-08-19,100.45662689208984,97.29899349472232,100.48650865931484,97.07985040222492,6426300,3.15%
665,2024-08-20,100.43671417236328,100.21757106693764,100.71562081576462,99.2513533382715,5546100,-0.02%
666,2024-08-21,101.4228515625,100.70565870106745,101.9607462085744,100.39687028558694,6482400,0.98%
667,2024-08-22,99.74939727783203,101.68183262262193,101.72167751216391,99.55018042975777,7016500,-1.65%
668,2024-08-23,101.11405181884766,100.23747948657515,101.61210151686238,99.70954802262119,7626600,1.37%
669,2024-08-26,101.30330657958984,101.641984329538,101.84120117094137,100.88494665286156,5653000,0.19%
670,2024-08-27,100.67576599121094,101.01444373881003,101.49256719471599,99.48044975181072,5293600,-0.62%
671,2024-08-28,100.14783477783203,100.22752455389559,100.83514579701844,99.59997706693919,5093000,-0.52%
672,2024-08-29,100.51639556884766,100.60604086833106,102.00058156861125,100.15779917164318,5732700,0.37%
673,2024-08-30,100.86502838134766,100.87498390370986,101.46268650740191,99.46052456546653,5282100,0.35%
674,2024-09-03,98.2751693725586,100.70564671411488,102.33924910420369,98.09587117854225,9086700,-2.57%
675,2024-09-04,98.13570404052734,97.90660544717139,99.19157451306417,97.26910247489457,6944700,-0.14%
676,2024-09-05,97.69744110107422,98.29509928308723,98.50427926680997,97.05993802697554,5735500,-0.45%
677,2024-09-06,96.14351654052734,97.98630662133499,98.52420124172019,95.05777177689416,8019300,-1.59%
678,2024-09-09,97.50817108154297,96.65152497706605,98.25524564244945,96.44234501196847,5876800,1.42%
679,2024-09-10,97.71735382080078,97.49821072743848,97.86677025715103,96.2929313135815,4635900,0.21%
680,2024-09-11,98.51422882080078,97.48824768972621,98.74332741919322,96.58179361880943,5267400,0.82%
681,2024-09-12,98.67361450195312,98.49431628712485,99.31111757697896,97.57790656672972,5702200,0.16%
682,2024-09-13,100.81521606445312,99.01227864130917,101.00447737614583,98.88278085977834,6389100,2.17%
683,2024-09-16,100.88495635986328,101.16386300451812,101.55234120237823,100.11796308706246,7126900,0.07%
684,2024-09-17,100.55622863769531,101.02439655882215,102.05037769679709,99.98845229922205,9199300,-0.33%
685,2024-09-18,100.41678619384766,100.61601064972233,102.56836471947847,99.93866269902031,11433200,-0.14%
686,2024-09-19,102.03046417236328,102.2894521501663,103.11620889529419,101.45272468327786,13107200,1.61%
687,2024-09-20,101.21366882324219,101.81132699162484,101.96074343362949,100.59608440945308,7655300,-0.80%
688,2024-09-23,98.81769561767578,101.36808429900026,101.74665524364754,98.69814329795452,9997200,-2.37%
689,2024-09-24,98.33949279785156,98.90735300860868,99.07671309234588,97.40301863946841,7906800,-0.48%
690,2024-09-25,97.38309478759766,98.52877977583854,98.82764916358124,97.2934362515021,8469500,-0.97%
691,2024-09-26,97.82144927978516,98.2498355920082,98.73799426382956,97.0543351947366,6764900,0.45%
692,2024-09-27,98.06053924560547,98.4291531716412,98.9770841635374,97.88121457898772,6116200,0.24%
693,2024-09-30,98.42916107177734,97.73178393417653,99.27596910958884,97.40302075219721,6828900,0.38%
694,2024-10-01,97.6022720336914,98.23986919355204,98.4191938698102,96.28722694138413,11106900,-0.84%
695,2024-10-02,97.7218246459961,96.99456888962756,97.89119234335986,96.16768239336565,8488100,0.12%
696,2024-10-03,96.27725982666016,97.15395399831952,97.72181419147249,96.15770751203308,5961100,-1.48%
697,2024-10-04,97.14400482177734,97.24362795826971,97.66204969199258,96.30715375357352,5972400,0.90%
698,2024-10-07,95.96843719482422,97.50265787719228,97.56243024119415,95.55997243878902,5678800,-1.21%
699,2024-10-08,96.73553466796875,96.33703454354071,97.39306101338866,95.7392881572775,5414700,0.80%
700,2024-10-09,95.94849395751953,96.69567880117359,96.78534493480585,95.61973840288728,6049400,-0.81%
701,2024-10-10,95.85884857177734,95.16147139493324,95.86881316593809,94.72312806171861,6752900,-0.09%
702,2024-10-11,98.30960845947266,95.85884289342833,98.4191961864743,95.46034275894581,7486100,2.56%
703,2024-10-14,98.6981430053711,97.91110733791096,98.84758150439022,97.63215952681274,5538500,0.40%
704,2024-10-15,98.93724822998047,98.65830039580052,99.57484545117993,97.90115084534176,7379400,0.24%
705,2024-10-16,99.87371063232422,99.07671039994281,100.18254461201218,98.67821788450962,6478800,0.95%
706,2024-10-17,98.92728424072266,99.85379382487776,100.16262781934348,98.89739045995297,8155300,-0.95%
707,2024-10-18,99.45529174804688,99.14645015885247,99.7940119159119,98.76787921816374,4477200,0.53%
708,2024-10-21,97.78160095214844,99.04683073342505,99.3357431466396,97.28347767434917,6895300,-1.68%
709,2024-10-22,97.90113830566406,97.32332112348325,98.03065521262873,97.09418108860861,5222200,0.12%
710,2024-10-23,96.3071517944336,97.50265221029684,97.90114474815998,95.74925616081885,8293600,-1.63%
711,2024-10-24,96.88497924804688,96.7753915169293,97.87126122734684,96.5163652796734,4408300,0.60%
712,2024-10-25,96.78535461425781,97.26354870559626,98.47897072228173,96.75546843364391,6256100,-0.10%
713,2024-10-28,98.12032318115234,97.71186603722373,99.13649894550213,97.50265516827129,6178200,1.38%
714,2024-10-29,98.19005584716797,98.03066035430327,98.33949434724964,97.27351086111184,6183700,0.07%
715,2024-10-30,98.05058288574219,97.88122279770415,99.08668020200223,97.61223957557065,4733100,-0.14%
716,2024-10-31,96.6657943725586,97.56241772131784,97.75170698404408,96.47650510983236,8177800,-1.41%
717,2024-11-01,98.89739227294922,97.22369775478538,98.92728605426692,96.98460070954998,6877500,2.31%
718,2024-11-04,98.84758758544922,98.4690090178764,99.69439566430914,97.5225778004609,6426700,-0.05%
719,2024-11-05,100.2423324584961,98.33949786430188,100.25228945163522,97.83140998615586,7170600,1.41%
720,2024-11-06,102.05549621582031,102.89233964650974,102.92222582606897,100.37183716024468,17003400,1.81%
721,2024-11-07,102.62335968017578,102.61339508642116,103.50005391163155,102.15512258356307,8157100,0.56%
722,2024-11-08,103.7889633178711,102.49383979457707,103.83877868444308,102.17504121048654,9431100,1.14%
723,2024-11-11,103.14140319824219,104.3966759684142,105.07412392048631,102.96207851678905,10158900,-0.62%
724,2024-11-12,100.13272857666016,102.05548444775347,102.78274006902701,100.01317627145112,9782700,-2.92%
725,2024-11-13,99.63461303710938,101.08913199230165,102.04552770527366,99.62464844405288,8092400,-0.50%
726,2024-11-14,96.59606170654297,99.39551199664332,99.79401212495756,96.5064031680701,15029400,-3.05%
727,2024-11-15,91.48532104492188,96.54625526201849,96.54625526201849,91.29603177121209,30310200,-5.29%
728,2024-11-18,91.61483764648438,91.79416234090775,92.39190878873285,90.73814336305814,12508300,0.14%
729,2024-11-19,92.82028198242188,90.8975259872169,92.86013275339721,90.3296658021438,12751900,1.32%
730,2024-11-20,93.65713500976562,93.02949485419072,93.8165304963787,92.05317754669703,10534700,0.90%
731,2024-11-21,93.94605255126953,93.75676327483734,95.08177300834677,92.39190276730228,11717000,0.31%
732,2024-11-22,95.8787612915039,94.42424230965482,96.24737523377514,93.80657434246655,9684700,2.06%
733,2024-11-25,97.2635498046875,97.2635498046875,98.65829652157522,97.1639266679294,13456000,1.44%
734,2024-11-26,98.47897338867188,97.43291903507254,98.5487103455785,96.5761463640722,8258500,1.25%
735,2024-11-27,99.6246566772461,98.70811165999737,99.82390295029734,98.32953310013865,7695300,1.16%
736,2024-11-29,99.24607849121094,99.40547397789341,99.86374645314712,98.86749995891968,4062400,-0.38%
737,2024-12-02,98.93724822998047,98.9173266421498,99.26601143487474,98.1701416859856,13563200,-0.31%
738,2024-12-03,97.32332611083984,98.66825740843939,98.95716981471391,97.20377379076692,6550000,-1.63%
739,2024-12-04,98.419189453125,97.32331985884042,99.2161820668059,96.94474133664144,7246400,1.13%
740,2024-12-05,96.96467590332031,97.71186079553601,98.3394933687244,96.63591272656355,8467600,-1.48%
741,2024-12-06,98.76788330078125,97.45283814627142,99.3556727232805,97.26354886772381,6493000,1.86%
742,2024-12-09,97.87125396728516,98.84757888097504,99.53499139776443,97.6720077077195,6341100,-0.91%
743,2024-12-10,97.05433654785156,98.04062609952183,98.2398723681327,96.7355379576194,5465700,-0.83%
744,2024-12-11,96.60603332519531,97.30340289988995,97.60227991804953,96.04813766543961,5788300,-0.46%
745,2024-12-12,93.84642028808594,95.81899176607342,96.34700121199089,93.79661252193323,9518000,-2.86%
746,2024-12-13,93.04943084716797,93.61729108613977,94.11541436947498,92.29228132828618,12305400,-0.85%
747,2024-12-16,94.40432739257812,93.04943144513864,95.16146931556747,92.5911589336162,8476200,1.46%
748,2024-12-17,94.23495483398438,93.6272514484784,94.94229655301876,93.59735766819254,5638800,-0.18%
749,2024-12-18,89.59245300292969,94.18515022993758,94.3445457263572,88.67590799643233,16072700,-4.93%
750,2024-12-19,89.47289276123047,89.69206820007254,90.12045448487551,88.29732162624262,11752200,-0.13%
751,2024-12-20,90.93738555908203,89.03455856558845,91.6247981236087,89.0046647838958,10338000,1.64%
752,2024-12-23,91.548095703125,90.94036477890735,91.60787002320964,90.02378973290955,7620200,0.67%
753,2024-12-24,91.63776397705078,91.59791189700968,91.757312616167,90.56178061896242,3540600,0.10%
754,2024-12-26,92.3052749633789,90.97025680239457,92.50452777498491,90.68133490486059,5601100,0.73%
755,2024-12-27,91.01010131835938,91.6078673044868,92.5045200841814,90.22303985623896,8741800,-1.40%
756,2024-12-30,89.5555419921875,90.09353370422102,90.27286427489885,89.0474374417657,6641000,-1.60%
757,2024-12-31,89.72491455078125,90.0536885558407,90.73115880823224,89.03748697775745,6817100,0.19%
758,2025-01-02,91.18944549560547,90.61160166226462,92.15583765801841,90.2629054183548,8207900,1.63%
759,2025-01-03,92.066162109375,91.34883988799972,92.46466769813293,91.29902288890153,5857000,0.96%
760,2025-01-06,91.8669204711914,92.25546882026822,92.88312969262957,91.66766763612941,5169300,-0.22%
761,2025-01-07,92.52445220947266,92.20564316893024,94.04875817209755,92.07612200804897,9850200,0.72%
762,2025-01-08,91.96653747558594,92.6539726079025,92.80341601940711,91.23925786114195,7529900,-0.60%
763,2025-01-10,89.10722351074219,90.0835729735075,90.25293863119016,88.50944984667278,12953300,-3.11%
764,2025-01-13,88.79837036132812,88.17071714513236,88.85815228739995,86.38737630431326,13193300,-0.35%
765,2025-01-14,86.33756256103516,89.58542740973746,89.58542740973746,86.07852783043063,13113500,-2.77%
766,2025-01-15,88.22052764892578,88.36996345057375,89.27658118594321,87.26409291233553,13214800,2.18%
767,2025-01-16,87.56298828125,88.39986685736086,88.50945058895087,87.00507429784805,6917100,-0.75%
768,2025-01-17,87.64268493652344,88.32015511586039,88.52937284169877,87.52312869275552,7383900,0.09%
769,2025-01-21,90.17323303222656,88.35004026163396,90.31271151293787,88.35004026163396,8509700,2.89%
770,2025-01-22,90.8706283569336,90.18319325061006,91.25917665154932,89.94408836184823,8844900,0.77%
771,2025-01-23,92.63404846191406,90.53189862606551,92.88311827563064,89.58542877333801,9747100,1.94%
772,2025-01-24,92.11598205566406,92.50453036990051,93.24177491473277,91.40862467331033,9262800,-0.56%
773,2025-01-27,92.26542663574219,91.68758281715796,94.0786546587761,91.66766057558961,10946600,0.16%
774,2025-01-28,92.83329772949219,92.41486228265975,93.2716630172255,91.70750495082193,9152700,0.62%
775,2025-01-29,92.23554229736328,92.34513363186478,93.45100429746503,91.53814220498931,9893700,-0.64%
776,2025-01-30,93.19196319580078,92.83330205295296,93.99894696670458,92.2255710942946,8348000,1.04%
777,2025-01-31,92.32520294189453,93.52074268885268,94.43731784081498,92.01635878440915,7842300,-0.93%
778,2025-02-03,91.0798568725586,90.24298586226645,92.19569248728973,90.12342960322117,9024300,-1.35%
779,2025-02-04,92.22557067871094,90.86066535785682,92.8432665555004,90.73115179058166,8870600,1.26%
780,2025-02-05,94.34764862060547,92.60415980955199,94.54690904533066,92.53442056115017,8222900,2.30%
781,2025-02-06,93.02259826660156,94.23805259233555,94.3277216792466,92.93292917969052,6611300,-1.40%
782,2025-02-07,90.90052032470703,92.58423475774796,93.2517400580513,90.62156333956581,11884700,-2.28%
783,2025-02-10,90.00387573242188,91.49829480560494,91.49829480560494,89.77473573109854,8979600,-0.99%
784,2025-02-11,88.71866607666016,89.09724943747646,89.32639699863311,88.22052647510903,8781400,-1.43%
785,2025-02-12,89.63524627685547,87.73234924095465,89.68505567927234,87.57294851181011,10824600,1.03%
786,2025-02-13,90.43226623535156,89.95405644103667,90.56178740544289,88.85815076130679,7275300,0.89%
787,2025-02-14,91.06989288330078,90.90051962846995,92.27538990328935,90.33264074135124,10421300,0.71%
788,2025-02-18,90.99018859863281,91.49828555944433,92.77352942454065,90.63152744923192,9041200,-0.09%
789,2025-02-19,92.18571472167969,90.761035137502,92.37501020520905,90.69129589636074,8159900,1.31%
790,2025-02-20,92.37501525878906,92.16579752391957,92.54438091068234,91.13963109055634,6885800,0.21%
791,2025-02-21,91.35879516601562,93.15210067939054,93.51076178206552,91.19939445427492,8783400,-1.10%
792,2025-02-24,89.77471923828125,91.0997723973156,91.29902519673122,89.40609319825458,8647800,-1.73%
793,2025-02-25,88.3600082397461,89.64520937163896,89.80461009753644,87.35376407892937,10912700,-1.58%
794,2025-02-26,87.92164611816406,88.6090812510138,89.49576919868578,87.51316796646852,7271500,-0.50%
795,2025-02-27,86.77592468261719,87.98142171200499,89.40610140146471,86.71615035750949,8172700,-1.30%
796,2025-02-28,88.37993621826172,86.17815986673544,88.57919663983,85.89920287754772,7942700,1.85%
797,2025-03-03,85.281494140625,88.40981007898132,89.03747081122283,84.81324172165331,9620900,-3.51%
798,2025-03-04,85.80952453613281,84.46454913983743,86.67629017423772,83.7571918218007,14202800,0.62%
799,2025-03-05,87.49324798583984,86.02871619593543,87.56298723293015,85.50068938210765,10911900,1.96%
800,2025-03-06,86.73606872558594,86.13830269817952,87.941565701141,85.94900720911463,9153000,-0.87%
801,2025-03-07,86.97518157958984,86.45711211294116,88.1109393166945,85.73978983666296,9490700,0.28%
802,2025-03-10,85.91912078857422,85.9091634687536,87.17443477765455,85.1719113476229,10803100,-1.21%
803,2025-03-11,85.84938049316406,85.50068427852636,86.6364420067791,83.87675184978086,10649500,-0.08%
804,2025-03-12,86.82573699951172,86.45711094556623,87.4035807810455,86.02871056974047,7704900,1.14%
805,2025-03-13,85.6501235961914,86.72610695085571,87.88178686434154,85.12209683908958,6373000,-1.35%
806,2025-03-14,86.8058090209961,86.36745131612172,87.29399133018548,86.16819090389926,6390100,1.35%
807,2025-03-17,87.96149444580078,86.44714575417956,88.52937330490691,86.06856238177791,6338900,1.33%
808,2025-03-18,85.84938049316406,86.9452861396,86.9851382214168,85.44090995630488,7291700,-2.40%
809,2025-03-19,87.13458251953125,85.67005080206056,87.42350441490369,85.57042439700291,5806300,1.50%
810,2025-03-20,86.26781463623047,86.32759655854844,87.80208555826542,86.218005235474,6743300,-0.99%
811,2025-03-21,86.79584503173828,85.86930508886996,87.18439330445659,85.43093981667211,6513900,0.61%
812,2025-03-24,88.49459838867188,87.45840762465855,88.64405036836058,87.34881001298307,5032300,1.96%
813,2025-03-25,86.760986328125,88.50457524500158,88.5942418834619,86.0236918273772,7040000,-1.96%
814,2025-03-26,84.76830291748047,86.66134360181424,86.76097572173843,84.43951008043146,8225500,-2.30%
815,2025-03-27,85.2166519165039,85.02734556617432,85.86427210318193,84.7782614637169,6493600,0.53%
816,2025-03-28,84.0907974243164,85.08713386867691,85.19673148567209,83.66237244918362,7003100,-1.32%
817,2025-03-31,80.8028793334961,81.21138090019201,81.3608328782867,79.03936727602022,16660900,-3.91%
818,2025-04-01,77.8736572265625,80.56376248511825,80.74310334245153,77.58471875633423,17353200,-3.63%
819,2025-04-02,80.29474639892578,77.42530031875425,80.57372697464992,77.05665311620137,14091000,3.11%
820,2025-04-03,77.85372161865234,77.91349936706598,79.00947543093666,77.23599034642005,10860200,-3.04%
821,2025-04-04,73.39014434814453,76.149992886994,76.82750195667253,72.98164276723905,23865800,-5.73%
822,2025-04-07,72.72259521484375,70.73988781162639,75.58208355727012,68.98633353465222,23621800,-0.91%
823,2025-04-08,69.54428100585938,74.87467901442832,75.19350634574151,68.62764577707117,21546100,-4.37%
824,2025-04-09,74.60567474365234,67.80070219289775,75.68171999319377,66.4157950593274,36123800,7.28%
825,2025-04-10,71.34764862060547,72.50339486607432,72.98163967204151,68.38852836238186,23889300,-4.37%
826,2025-04-11,74.05769348144531,71.32772601270455,74.10750574531785,70.8096343800537,16114000,3.80%
827,2025-04-14,76.25959014892578,75.72156757242219,76.65812623538514,74.08757645923804,13241500,2.97%
828,2025-04-15,76.25959014892578,76.13006915144003,77.27584994802574,75.31306599340435,8744300,0.00%
829,2025-04-16,74.85475158691406,75.81123362629809,75.96068560776763,73.66911643052784,9355000,-1.84%
830,2025-04-17,75.65182495117188,74.61563415841127,75.88098567324467,74.29680680690367,10436500,1.06%
831,2025-04-21,75.23336791992188,74.90457506509989,77.03673447279483,74.39644134414263,11913700,-0.55%
832,2025-04-22,77.35556030273438,76.2297028662858,77.53490116531805,76.11013975741544,14041800,2.82%
833,2025-04-23,78.81021118164062,79.39805363621363,80.8726273161795,78.7305024417928,14631300,1.88%
834,2025-04-24,80.59365844726562,79.10911919858361,80.63351281922648,78.36186682756697,11296500,2.26%
835,2025-04-25,79.95600128173828,79.82648027786402,80.41431514326717,78.97958820182438,8244700,-0.79%
836,2025-04-28,81.07189178466797,80.42427163489309,81.80917855752517,80.04565895580829,6974300,1.40%
837,2025-04-29,81.58002471923828,80.69328589848685,82.05826955359953,80.1154165421652,9301500,0.63%
838,2025-04-30,82.64610290527344,80.80288205063962,82.945006871514,80.5836868222557,9587200,1.31%
839,2025-05-01,82.19776153564453,82.64610992162488,83.19409803910689,80.6335135292664,9292300,-0.54%
840,2025-05-02,83.19409942626953,83.19409942626953,83.93138632272067,82.94501529625076,9684600,1.21%
841,2025-05-05,82.34720611572266,82.88522869131434,83.07452744094289,81.74940578776867,6374300,-1.02%
842,2025-05-06,76.88727569580078,81.55013020219477,81.62983893598279,76.79760907137168,32491300,-6.63%
843,2025-05-07,77.0666275024414,77.31571162985811,77.60465012983482,76.27952074763128,12918800,0.23%
844,2025-05-08,77.75409698486328,76.77768392532236,78.98955204674778,75.40274236942399,16479300,0.89%
845,2025-05-09,76.11013793945312,77.86369215378114,79.25856465150927,76.02047131102493,11445300,-2.11%
846,2025-05-12,79.15892791748047,77.76406296853762,79.77665925304363,77.57475661056229,19550400,4.01%
847,2025-05-13,77.2658920288086,78.9895497700613,79.1489672451645,76.91716820238123,15782000,-2.39%
848,2025-05-14,76.09021759033203,77.33563815557055,78.17255712671776,75.62193824157133,13920500,-1.52%
849,2025-05-15,77.29578399658203,76.08025230535581,77.3754927373217,75.43263208937287,11089500,1.58%
850,2025-05-16,78.73050689697266,77.58472600295912,78.8899243856894,77.04670338070648,10103000,1.86%
851,2025-05-19,79.42794036865234,77.873657990806,79.5773923514707,77.86369249823315,7045500,0.89%
852,2025-05-20,81.1017837524414,79.37811845127528,81.40068010889287,79.03936772700828,13967400,2.11%
853,2025-05-21,79.03936767578125,80.19511393590935,81.06192933208797,78.5113106050935,13135900,-2.54%
854,2025-05-22,78.95965576171875,78.69064829177121,79.4777473192427,78.17254913280416,7778900,-0.10%
855,2025-05-23,78.75042724609375,77.76405637259272,78.98954584542423,77.7142365137374,6078200,-0.26%
856,2025-05-27,79.00949096679688,79.66706913297766,79.95600764286354,78.75044133699495,15176400,0.33%
857,2025-05-28,78.48141479492188,79.2585635712586,79.68698852683355,78.4116715510582,8407900,-0.67%
858,2025-05-29,80.16523742675781,79.0094909883437,80.28480054857083,77.99322345654456,8963700,2.15%
859,2025-05-30,78.89988708496094,79.33826996051874,79.49768744358992,77.77402201474163,15780500,-1.58%
860,2025-06-02,80.94236755371094,79.90617677854658,81.43057786604419,79.19877884194702,13023100,2.59%
861,2025-06-03,82.03833770751953,81.17152988140748,82.52654802953329,80.20508233149266,12771400,1.35%
862,2025-06-04,82.1778335571289,82.09812481696038,83.11438464905572,81.9187839523031,8291000,0.17%
863,2025-06-05,82.25753021240234,82.03833498960805,83.02471349218239,81.12170733196227,8085900,0.10%
864,2025-06-06,83.95130920410156,82.91511841109845,84.14060795565611,82.91511841109845,10003500,2.06%
865,2025-06-09,83.96126556396484,84.72844885316461,85.05724169139307,83.10442324838822,11540800,0.01%
866,2025-06-10,84.96757507324219,84.37974018991395,85.64508419386705,84.03101633552552,12066900,1.20%
867,2025-06-11,84.0609130859375,85.47570908897234,85.62516108398458,84.00112772706606,12058300,-1.07%
868,2025-06-12,84.05094146728516,83.60259311636635,84.4494775577928,83.18412604053928,8451100,-0.01%
869,2025-06-13,83.29373168945312,82.61622255067496,83.89153208215282,82.47673604575984,11206500,-0.90%
870,2025-06-16,83.06456756591797,83.40331828980514,83.6125480195196,82.08815455914049,9199000,-0.28%
871,2025-06-17,81.7992172241211,82.52654614346292,83.2439095703635,81.70955059648027,11632800,-1.52%
872,2025-06-18,82.357177734375,82.00845388247217,83.11438799210121,81.22134714489736,9008100,0.68%
873,2025-06-20,82.07819366455078,82.8055226145852,82.98486347887837,81.39072668596353,8489200,-0.34%
874,2025-06-23,81.9755630493164,82.20474325421742,82.54352278953468,80.61047096606876,11661300,-0.13%
875,2025-06-24,83.52001953125,82.68302942385043,83.86876540933316,82.0652455811817,9675700,1.88%
876,2025-06-25,82.97198486328125,83.49012811250478,83.5499109481498,82.1848188536551,7246400,-0.66%
877,2025-06-26,83.38052368164062,83.16130980824282,83.61966263348813,82.51363452831939,9316800,0.49%
878,2025-06-27,82.7129135131836,83.300798283852,83.82890022417159,82.23462806412495,11032700,-0.80%
879,2025-06-30,82.6332015991211,82.9620223845217,83.45026659181708,82.39406266523412,8503400,-0.10%
880,2025-07-01,82.78266906738281,82.16488523180298,84.56626379721614,81.7463901829053,11537600,0.18%
881,2025-07-02,84.4865493774414,82.70295462449369,84.96482726749699,82.41399158162719,10887400,2.06%
882,2025-07-03,84.9349365234375,84.70576391657737,85.15415039232288,84.11787148619474,4956000,0.53%
883,2025-07-07,83.28087615966797,84.56626027235382,84.82532428110754,82.72287518230624,8494300,-1.95%
884,2025-07-08,84.4068374633789,83.40044994039643,85.05451275246843,83.15134464475356,9617300,1.35%
885,2025-07-09,87.55552673339844,85.33350428625378,87.59538449053218,85.23386369446435,14875400,3.73%
886,2025-07-10,88.0636978149414,87.55552850590081,88.29287802257758,86.7284971333351,9903200,0.58%
887,2025-07-11,86.70856475830078,87.26656576934236,87.59538657194169,86.38971029574418,7716800,-1.54%
888,2025-07-14,87.95408630371094,86.51924510297182,88.23309059477512,86.42956325175022,6410900,1.44%
889,2025-07-15,85.6025390625,88.38254719984843,88.41244621815407,85.38332520746273,12109600,-2.67%
890,2025-07-16,87.50570678710938,86.1605397289222,87.57545596487937,86.13064831017653,13045500,2.22%
891,2025-07-17,87.80463409423828,87.60534530384788,88.42241033922342,87.38613143546347,8903900,0.34%
892,2025-07-18,85.96125030517578,87.95409262927674,88.74126625954746,85.7719354538075,14199700,-2.10%
893,2025-07-21,85.56268310546875,86.17050058827104,87.22670452791908,85.35343558546809,9134900,-0.46%
894,2025-07-22,86.41960906982422,85.37336382892883,86.52920840162191,85.19400771912078,8446500,1.00%
895,2025-07-23,87.9042739868164,87.3064228245968,88.39251821571858,86.52920795141233,12211700,1.72%
896,2025-07-24,87.1768798828125,87.95408712423206,88.24305015539133,86.9477072870553,10815700,-0.83%
897,2025-07-25,87.29645538330078,87.25659762604366,87.55552700442715,86.41960752991368,9111500,0.14%
898,2025-07-28,86.26017761230469,87.37617202361356,87.86441625264683,85.76196704330626,12818500,-1.19%
899,2025-07-29,85.53278350830078,86.3398897680924,86.5092795304588,85.13422115028332,11511500,-0.84%
900,2025-07-30,85.93135070800781,86.57902592211524,87.49573147945127,85.40324875871835,11644000,0.47%
901,2025-07-31,85.35343933105469,85.79185946749502,87.15695917931644,85.02461852715689,11802100,-0.67%
902,2025-08-01,85.62246704101562,84.52640533077346,85.73207397224883,84.08797760584066,9334100,0.32%
903,2025-08-04,86.50928497314453,85.6025456688912,86.64878332764503,84.66590734402476,7662100,1.04%
904,2025-08-05,86.53917694091797,86.22032247116591,87.10713670272914,85.35344092013793,8943700,0.03%
905,2025-08-06,85.82174682617188,85.87157092213543,86.07085210181022,84.67586863990724,11585000,-0.83%
906,2025-08-07,85.0146484375,85.42318473985574,85.58260816368718,84.21750851207355,9802700,-0.94%
907,2025-08-08,85.12425994873047,85.11429360855156,85.65236194686008,84.7356563047449,6667100,0.13%
908,2025-08-11,84.855224609375,84.70575992380846,85.6623232685088,84.50647114235649,6216000,-0.32%
909,2025-08-12,86.60892486572266,85.17408357363998,86.72849814093375,85.06447663855234,9684500,2.07%
910,2025-08-13,89.19961547851562,87.166923079885,89.47861977837479,86.95766795446816,14986100,2.99%
911,2025-08-14,89.24943542480469,88.17329883880718,89.57825620420773,88.15337376221737,11579800,0.06%
912,2025-08-15,90.35546875,89.44872186890834,90.415251585381,89.17969150760385,10672400,1.24%
913,2025-08-18,89.88715362548828,90.27575727704523,91.01310682075712,89.79747936840143,6353200,-0.52%
914,2025-08-19,88.4822006225586,89.34908215244731,89.43876400848858,88.28291183251692,8271800,-1.56%
915,2025-08-20,88.90069580078125,88.233095457926,89.05016049299557,87.86441689740934,7956400,0.47%
916,2025-08-21,89.59819030761719,88.29288099992714,89.70779724512752,87.91424368985795,8439100,0.78%
917,2025-08-22,90.59461212158203,89.96686951312962,91.65082374484034,89.6380486982825,9891300,1.11%
918,2025-08-25,88.47222900390625,90.55474542148238,90.85367478766449,88.28290656518494,8513200,-2.34%
919,2025-08-26,89.57826232910156,88.7512309554208,89.62807882502702,88.39251873556142,6180600,1.25%
920,2025-08-27,89.96686553955078,89.46865497012283,90.1561879886022,89.31919027887645,5737100,0.43%
921,2025-08-28,89.96686553955078,90.05653979304462,90.80385564718655,89.70779391486305,4462900,0.00%
922,2025-08-29,89.52843475341797,89.91703837615559,90.3554660949733,89.01029912379772,5049800,-0.49%
923,2025-09-02,92.54759216308594,90.9632862094756,93.1753423426666,90.77396376140017,14515200,3.37%
924,2025-09-03,93.3148422241211,92.73691613258106,94.52051090345044,92.2785633158014,9128600,0.83%
925,2025-09-04,93.13549041748047,93.25505609567675,93.63370101553944,92.15899430036508,7801200,-0.19%
926,2025-09-05,95.12832641601562,93.38458944000806,95.30768252334572,93.36465676025476,13163100,2.14%
927,2025-09-08,94.09204864501953,94.64008331338401,94.7397239070621,93.46430606296657,10459300,-1.09%
928,2025-09-09,94.64008331298828,94.06215722673178,94.65004205089305,93.32480771100902,6725100,0.58%
929,2025-09-10,93.56394958496094,94.8294011286671,94.94897440607716,93.16537959568434,10477300,-1.14%
930,2025-09-11,95.35749816894531,93.65361896553543,95.39735592600687,93.47426285980335,7953900,1.92%
931,2025-09-12,93.78316497802734,95.07850796154212,95.30768817976715,93.75326595662291,9366000,-1.65%
932,2025-09-15,93.09562683105469,93.7433020884151,94.11197304256784,92.3084532231354,9160400,-0.73%
933,2025-09-16,93.4045181274414,93.19527059448458,93.79312177465984,92.92624022413729,6439800,0.33%
934,2025-09-17,93.43440246582031,93.72336549479405,95.46710240605346,93.15540577635315,15125300,0.03%
935,2025-09-18,96.33399200439453,94.4507567384038,96.38381610010231,94.37104122610722,9284900,3.10%
936,2025-09-19,95.25785827636719,96.64288303553819,96.69270713275323,95.02868567419381,7144100,-1.12%
937,2025-09-22,96.97916412353516,95.67347857220976,97.33797766085114,95.02562037404272,11373600,1.81%
938,2025-09-23,96.4509048461914,96.7698493660527,97.42767671565001,96.30140554331673,7122400,-0.54%
939,2025-09-24,97.11870574951172,96.93929897369907,97.74662566273722,96.66022345670996,9202600,0.69%
940,2025-09-25,95.54391479492188,96.43097952797719,96.66022447892115,95.42430774170272,9148300,-1.62%
941,2025-09-26,97.62701416015625,95.96252268525392,97.67685233059122,95.54390942885402,12363300,2.18%
942,2025-09-29,99.0722427368164,98.00577122910374,99.16194232329582,97.68682669233652,9957300,1.48%
943,2025-09-30,99.86959838867188,99.09217157026318,100.19851207468707,98.54398969780861,12913900,0.80%
944,2025-10-01,101.05567932128906,99.77990116810888,101.81317545132892,99.77990116810888,9736200,1.19%
945,2025-10-02,102.25171661376953,101.30485218055843,102.26168576900764,100.6769322768304,8601200,1.18%
946,2025-10-03,103.25839233398438,102.65040311317965,103.75674365567758,102.45106562619745,12886500,0.98%
947,2025-10-06,103.29825592041016,103.77667650994303,104.16538991208468,103.10887999476878,7956100,0.04%
948,2025-10-07,103.33812713623047,103.51753391059452,103.70690984026697,102.21185592197905,6746400,0.04%
949,2025-10-08,105.09232330322266,103.95608296133736,106.17872547401724,103.39792434122303,11850000,1.70%
950,2025-10-09,106.16876220703125,105.51094241672762,106.90632763804506,105.42123522463666,12143500,1.02%
951,2025-10-10,104.64380645751953,106.65715001816083,106.7269188977333,103.78664159177917,16973100,-1.44%
952,2025-10-13,104.92288208007812,104.77338276958682,105.51094058354836,104.10558623102949,10190500,0.27%
953,2025-10-14,104.77338409423828,103.78664300709484,105.66044883414389,103.08895420185593,7819800,-0.14%
954,2025-10-15,108.01266479492188,105.16209471639598,108.26184044791023,105.02255695906149,11955900,3.09%
955,2025-10-16,107.55418395996094,109.32831341654462,110.59412240497356,106.6372117653467,17515100,-0.42%
956,2025-10-17,107.44454193115234,107.14552811332722,108.4811059300083,106.1488255262265,9981100,-0.10%
957,2025-10-20,109.80672454833984,108.4711467030457,110.17550725099323,107.98275694985239,8697800,2.20%
958,2025-10-21,109.19873809814453,109.7668582950973,110.17551002488595,108.72032509241464,6792800,-0.55%
959,2025-10-22,106.96612548828125,108.51101759984489,109.1987372407113,106.20862936354627,10679200,-2.04%
960,2025-10-23,107.20532989501953,107.02592312172482,107.5342435800994,106.14882756574926,6341400,0.22%
961,2025-10-24,108.0325927734375,108.39140631301957,108.58078223786491,107.70367909478104,5692700,0.77%
962,2025-10-27,111.22203826904297,109.64725395746538,111.47121391632113,109.52764690924644,13303700,2.95%
963,2025-10-28,111.63069152832031,111.08250205501307,112.05927395175031,110.45458215269173,9438100,0.37%
964,2025-10-29,110.59412384033203,111.5509574606527,112.23868471447973,109.85656601712941,8714900,-0.93%
965,2025-10-30,111.5409927368164,110.22533799152862,112.83670156729349,109.86653204782165,9328800,0.86%
966,2025-10-31,112.33834838867188,111.49115270513639,112.63736220838432,110.47451180150394,11962400,0.71%
967,2025-11-03,109.49774932861328,110.61405898919271,111.56092342687386,107.53424397049217,15230300,-2.53%
968,2025-11-04,107.68375396728516,107.97279864493515,109.8266661607333,107.64388494923989,13665400,-1.66%
969,2025-11-05,108.84989166259766,107.23523068890631,109.48778072780566,106.96612432874316,9127700,1.08%
970,2025-11-06,108.92962646484375,108.909688154764,109.71702241977464,108.31166812440456,11352600,0.07%
971,2025-11-07,108.60071563720703,107.9827572805477,108.61068479250858,105.94949064480402,15136300,-0.30%
972,2025-11-10,109.72698974609375,109.91636568063305,110.6738618145526,108.91966304282646,11453400,1.04%
973,2025-11-11,113.63406372070312,109.51767718244525,113.77360147411147,109.16883279892438,13743200,3.56%
974,2025-11-12,113.73373413085938,113.33505157058497,114.58092981879415,113.00613788804077,12302600,0.09%
975,2025-11-13,111.5409927368164,112.85663987786675,113.98291108965826,111.50112371990731,14770400,-1.93%
976,2025-11-14,113.63406372070312,110.81339358322244,114.97961068813343,110.74362470651826,14433900,1.88%
977,2025-11-17,114.45136260986328,113.13571546792987,115.79690961343923,112.68719473057959,12401800,0.72%
978,2025-11-18,114.80020904541016,113.55433075988705,115.51783615454949,112.87657266839298,9910700,0.30%
979,2025-11-19,114.12245178222656,114.43142716592284,115.13908512472769,113.09584928418236,10309600,-0.59%
980,2025-11-20,113.45465850830078,115.76700823053223,117.51123777630879,113.36495132031457,13951600,-0.59%
981,2025-11-21,116.2653579711914,113.44468783280564,117.24212224536323,113.19551218674833,11618700,2.48%
982,2025-11-24,119.18569946289062,116.82351154889952,119.3950060976639,116.72384280913664,9908800,2.51%
983,2025-11-25,120.96979522705078,119.44483388761729,121.00966424287623,119.16575838107643,10532400,1.50%
984,2025-11-26,122.44491577148438,121.14920692352602,123.06287413555646,120.5611484214798,8946600,1.22%
985,2025-11-28,122.75389862060547,122.62432241298589,122.87349806857733,122.08610208439985,4255500,0.25%
986,2025-12-01,119.45480346679688,121.44820863972377,121.5678156876248,119.34516557394691,10987500,-2.69%
987,2025-12-02,118.06938934326172,119.40497478440363,119.86345706890388,117.33183154682544,22047200,-1.16%
988,2025-12-03,121.42828369140625,118.36840691004826,121.55785229626461,118.34846859900074,10792000,2.84%
989,2025-12-04,122.84359741210938,120.82029231847028,123.20241096217948,120.38174073410958,10978100,1.17%
990,2025-12-05,123.0030746459961,123.36188059522797,123.77053232166054,122.28544753905722,7524500,0.13%
991,2025-12-08,123.25225067138672,124.73733545843677,125.4549625675244,123.00307501430004,9670300,0.20%
992,2025-12-09,120.79039001464844,122.6741573123136,123.59112187540447,120.73058268802087,9640500,-2.00%
993,2025-12-10,121.6475601196289,120.83026425989914,122.23561102654674,120.26214405989477,9219200,0.71%
994,2025-12-11,122.61434936523438,121.60768522365208,123.34194560232869,121.39837859210813,7018100,0.79%
995,2025-12-12,122.72399139404297,122.60439194583753,123.20241199957738,121.49805142451191,7792700,0.09%
996,2025-12-15,122.43494415283203,123.00307193684354,124.11937398595065,121.81699340542986,7533000,-0.24%
997,2025-12-16,121.6076889038086,121.79705723089592,122.41501559337239,120.5810864209713,7972000,-0.68%
998,2025-12-17,120.54121398925781,121.7870922300787,122.58444974166167,120.41163778550057,7928000,-0.88%
999,2025-12-18,119.6142807006836,120.7106520356702,121.627616599169,119.19565983105385,7083800,-0.77%
1000,2025-12-19,123.02300262451172,120.34187018838722,123.62102266562006,120.34187018838722,13016100,2.85%
1001,2025-12-22,125.91000366210938,123.31999969482422,126.5,122.91999816894531,10518300,2.35%
1002,2025-12-23,124.88999938964844,125.45999908447266,126.36000061035156,124.68000030517578,6775100,-0.81%
1003,2025-12-24,126.30000305175781,125.44000244140625,126.43000030517578,125.08000183105469,3303100,1.13%
1004,2025-12-26,124.9800033569336,125.88999938964844,126.0,124.18000030517578,5653900,-1.05%
1005,2025-12-29,123.38999938964844,124.02999877929688,124.41999816894531,123.08999633789062,7372200,-1.27%
1006,2025-12-30,121.66999816894531,123.13999938964844,123.37000274658203,121.33999633789062,7879400,-1.39%
1007,2025-12-31,121.93000030517578,121.51000213623047,122.80000305175781,120.94999694824219,7327700,0.21%
